Source reference number,Document title,URL,Date of document (if applicable),Date accessed
1,VK Terms of Service,https://vk.com/terms,,10/1/2016
2,"Mail.Ru Terms of Service (EN) (""User Agreement"")",https://help.mail.ru/enmail-help/UA,,10/1/2016
3,Mail.Ru Terms of Service (RU) ,https://help.mail.ru/mail-help/UA  ,,10/1/2016
4,The order of studying the matters of distribution of any user’s content on the “VKontakte” site,https://vk.com/help?act=cc_terms,,10/1/2016
5,Sign Up for a New Email Account,https://e.mail.ru/cgi-bin/signup?lang=en_US,,10/1/2016
6,VK Registration page,https://vk.com,,10/1/2016
7,VK Privacy Policy,https://vk.com/privacy,,10/1/2016
8,Mail.ru Group Annual Report 2014 ,https://corp.imgsmail.ru/media/files/mail.rugrouparfy2014.pdf,,10/1/2016
9,Mail.ru Group Annual Report 2015,https://corp.imgsmail.ru/media/files/mail.rugrouparfy2015.pdf,,10/1/2016
10,Mai.ru Bug Bounty Program ,https://hackerone.com/mailru,"Last updated on September 12, 2016",10/1/2016
11,VK bug bounty program ,https://hackerone.com/vkcom,"Last updated on August 13, 2015",10/1/2016
12,"Press releases of May 6th, 2016 ",https://corp.mail.ru/en/press/releases/9613/,5/6/2016,10/1/2016
13,Did you protect your email ,https://security.mail.ru/,,10/1/2016
14,Mail.ru Corp report on Cybersecurity in the Internet,https://corp.imgsmail.ru/media/files/besopasnostvinternete.pdf,,10/1/2016
15,Safety on the Internet,https://help.mail.ru/enmail-help/security/internet,,10/1/2016
16,VK: How to protect your account ,https://vk.com/page-777107_6560710,,10/1/2016
17,"MAIL.RU GROUP LIMITED
BOARD CHARTER",https://corp.imgsmail.ru/media/files/mail.ru-group-limited-board-charter.pdf,2/25/2016,10/1/2016
18,MAIL.RU GROUP LIMITED CODE OF ETHICS AND BUSINESS CONDUCT,https://corp.imgsmail.ru/media/files/code-of-ethics-and-business-conduct-of-mail.ru-group-limited.pdf,2/25/2016,10/1/2016
19,RAEC members ,http://raec.ru/about/members/#member143,,10/1/2016
20,RAEC charter,http://raec.ru/about/rules/,,10/1/2016
21,Recovery of access to mail account ,https://help.mail.ru/mail-support/login/mailbox/pc/error/mrim/no_phone,,10/1/2016
22,"""I have a question about another Mail.ru project""",https://help.mail.ru/mail-support/other,,10/1/2016
23,Support for email service Mail.ru ,https://help.mail.ru/mail-support,,10/1/2016
24,VK support ,https://vk.com/support?act=home,,10/1/2016
25,VK Security ,https://vk.com/security,,14/11/2016