Source reference number,Document title,URL,Date of document (if applicable),Date accessed
1,삼성 서비스 이용약관,https://account.samsung.com/membership/terms,,21-Sep-2016
2,Samsung Service Terms and Conditions,https://account.samsung.com/membership/terms,23-Sep-2013,21-Sep-2016
3,Samsung GALAXY Apps 이용약관,https://account.samsung.com/membership/etc/specialTC.do?fileName=samsungapps.html,,21-Sep-2016
4,Samsung GALAXY Apps Terms and Conditions,https://account.samsung.com/membership/etc/specialTC.do?fileName=samsungapps.html,,21-Sep-2016
5,공지,https://account.samsung.com/membership/notice/getBoardListInfo.do?currentPage=1&postID=,,22-Sep-2016
6,Notice,https://account.samsung.com/membership/notice/getBoardListInfo.do,,22-Sep-2016
7,Changes Terms and conditions of Samsung GALAXY Apps,https://account.samsung.com/membership/notice/getBoardView.do?currentPage=1&postID=N000002431,23-Sep-2015,22-Sep-2016
8,삼성 홈페이지,http://www.samsung.com/sec/home/,,24-Sep-2016
9,개인정보 취급(처리)방침,https://account.samsung.com/membership/pp,23-Sep-2016,24-Sep-2016
10,개인정보 처리방침(요약),http://www.samsung.com/sec/info/personal_information.html,22-Sep-2016,24-Sep-2016
11,Privacy Policy (full),https://account.samsung.com/membership/pp,18-Aug-2016,24-Sep-2016
12,Privacy (summary),http://www.samsung.com/us/common/privacy.html,10-Feb-2015,24-Sep-2016
13,삼성 앱 셀러스 이용약관,https://seller.samsungapps.com/help/termsAndConditions.as?localeLanguage=ko,13-Sep-2016,24-Sep-2016
14,Samsung App Sellers Terms and Conditions,https://seller.samsungapps.com/help/termsAndConditions.as?localeLanguage=en,13-Sep-2016,24-Sep-2016
15,Galaxy S6 User Guide,http://downloadcenter.samsung.com/content/UM/201605/20160517023944144/VZW_SM-G920V_Galaxy-S6_EN_UM_MM_6.0_FINAL.pdf,,24-Sep-2016
16,보안 폴더란 무엇인가요?,http://www.3366.co.kr/online/faqView.do?domainId=NODE0000033866&node_Id=NODE0000124880&faqId=KNOW0000034822&pageNo=1,19-Aug-2016,24-Sep-2016
17,Samsung Mobile Security Blog - Samsung Security Reporting,http://security.samsungmobile.com/smrreport.html,,25-Sep-2016
18,Samsung Smart TV Bug Bounty,https://samsungtvbounty.com/,,27-Sep-2016
19,Samsung Nox Security Solution,https://kp-cdn.samsungknox.com/91d9b0f5a74c2f142c5fa337c52a2f24.pdf,0-Sep-2016,27-Sep-2016
20,갤럭시s5에 knox 란 어플이 왜없나요?,http://www.samsungsvc.co.kr/online/faqView.do?domainId=NODE0000033866&node_Id=NODE0000145891&faqId=KNOW0000028195&pageNo=9,14-Apr-2014,27-Sep-2016
21,Samsung on Android,https://kp-cdn.samsungknox.com/b4d72b36cd0bc416d54f9d188ab381a1.pdf,2016 Second Ed.,27-Sep-2016
22,Samsung Android Security Updates,http://security.samsungmobile.com/smrupdate.html,,28-Sep-2016
23,How to Keep a Smartphone From Being Hacked,http://techlife.samsung.com/keep-smartphone-being-hacked-1067.html,,29-Sep-2016
24,"정보보호의 날, 그 의미와 개인정보보호 방법에 대해 알아보자",http://samsungsemiconstory.com/1061,6-Jul-2015,29-Sep-2016
25,Samsung Sustainability Report 2016,http://www.samsung.com/us/aboutsamsung/sustainability/sustainabilityreports/download/2016/2016-samsung-sustainability-report-eng.pdf,30-Jun-2016,30-Sep-2016
26,Business Conduct Guideline 2016,http://www.samsung.com/us/aboutsamsung/sustainability/sustainabilityreports/download/2016/business-conduct-guidelines-eng-2016.pdf,,30-Sep-2016
27,Sign Up Page (Korean),https://account.samsung.com/account/signUpSelected.do,,4-Oct-2016
28,Sign Up Page (English),https://www.samsung.com/us/support/account/,,4-Oct-2016
29,Voices of Employees,http://www.samsung.com/us/aboutsamsung/sustainability/sustainablemanagement/special-article/,,4-Oct-2016
30,이사회,http://www.samsung.com/sec/aboutsamsung/samsungelectronics/executives_02.html,,4-Oct-2016
31,CEO Message,http://www.samsung.com/us/aboutsamsung/investor_relations/ceomessage/,,4-Oct-2016
32,"정관 - 이사, 이사회, 위원회",http://www.samsung.com/sec/aboutsamsung/ir/governance/articles/articles_4.html,,4-Oct-2016
33,App Store Developer Terms of Service (English),https://seller.samsungapps.com/help/termsAndConditions.as,,20-Nov-2016
34,Samsung Passcode Setup,http://www.samsung.com/ie/support/skp/faq/1101570,17-Mar-2016,21-Nov-2016