,type,Total,Governance,Freedom of Expression,Privacy
Google,Internet,64.72,71.04,60.09,64.93
Microsoft,Internet,62.49,87.69,53.33,58.67
Yahoo,Internet,58.16,87.50,43.09,55.91
Facebook,Internet,52.67,81.30,41.43,48.75
Kakao,Internet,50.06,35.37,54.81,52.57
AT&T,Telco,48.41,66.71,40.75,46.71
Vodafone,Telco,48.11,81.30,44.54,37.45
Twitter,Internet,47.73,29.77,49.29,52.93
Apple,Internet,35.26,16.53,21.68,48.30
Telefónica,Telco,33.40,57.50,26.55,28.78
Orange,Telco,31.61,73.89,16.20,26.01
Yandex,Internet,27.94,9.95,22.67,36.57
Samsung,Internet,25.55,21.76,20.17,29.50
TenCent,Internet,22.24,8.61,14.37,30.73
Mail.ru,Internet,21.57,7.43,21.19,26.48
América Móvil,Telco,20.70,20.83,16.29,23.89
MTN,Telco,15.34,30.56,13.18,10.83
Bharti Airtel,Telco,14.26,16.25,9.51,16.94
Axiata,Telco,13.32,2.78,12.99,17.78
Baidu,Internet,12.99,0.00,12.76,17.44
Etisalat,Telco,7.73,8.33,15.28,1.94
Ooredoo,Telco,5.09,1.67,13.91,0.00