Source reference number,Document title,URL,Date of document (if applicable),Date accessed
1,Axiata Annual Report 2015,http://ir.listedcompany.com/tracker.pl?type=5&id=77474&m=854d8bc2f3ad37c58693edc1ef85046c52ae9603edf3947957d1cf8d60b95630&redirect=http%3A%2F%2Faxiata.listedcompany.com%2Fmisc%2Far2015.pdf,18/4/2016,15/9/2016
2,Axiata Sustainability Report 2015,http://axiata.listedcompany.com/misc/sustainability2015.pdf,5/9/2016,15/9/2016
3,Axiata 24th Annual General Meeting Minutes,https://axiata.com//media/upload/corporate/24th%20Annual%20General%20Meeting-Minutes%20(Final)_57b5d41fb4312_57b5d70474b08.pdf,18/8//2016,15/9/2016
4,Axiata Whistle Blowing Policy,https://axiata.com/media/upload/corporate/Whistle_Blowing_Policy.pdf,29/12/2015,15/9/2016
5,Axiata Employee Code of Conduct,https://axiata.com//media/upload/corporate/Employees_Code_of_Conduct.pdf,30/4/2011,15/9/2016
6,CELCOM Privacy Notice,https://www.celcom.com.my/personal/policy,1/8/2013,15/9/2016
7,CELCOM Web Usage Terms & Conditions,https://www.celcom.com.my/personal/terms-and-conditions,UNDATED,15/9/2016
8,"CELCOM First Blue, Gold, and Platinum Terms & Conditions",https://www.celcom.com.my/personal/plans/blue/tnc?pid=1439659020478,UNDATED,15/9/2016
9,CELCOM First Blue Terms & Conditions [Your Responsibilty] ,https://www.celcom.com.my/personal/plans/first/terms-and-conditions?pid=1361267448773,UNDATED,15/9/2016
10,CELCOM First Blue Terms & Conditions [Celcom Rights] ,https://www.celcom.com.my/personal/plans/first/terms-and-conditions?pid=1361267448773,UNDATED,15/9/2016
11,CELCOM First Blue Terms & Conditions [Personal Information] ,https://www.celcom.com.my/personal/plans/first/terms-and-conditions?pid=1361267448773,UNDATED,15/9/2016
12,CELCOM First Blue Terms & Conditions [Content] ,https://www.celcom.com.my/personal/plans/first/terms-and-conditions?pid=1361267448773,UNDATED,15/9/2016
13,CELCOM First BlueTerms & Conditions [Matters Beyond Celcoms Control] ,https://www.celcom.com.my/personal/plans/first/terms-and-conditions?pid=1361267448773,UNDATED,15/9/2016
14,CELCOM First BlueTerms & Conditions [Governing Law] ,https://www.celcom.com.my/personal/plans/first/terms-and-conditions?pid=1361267448773,UNDATED,15/9/2016
15,CELCOM First Blue Terms & Conditions [Suspension and Termination] ,https://www.celcom.com.my/personal/plans/first/terms-and-conditions?pid=1361267448773,UNDATED,15/9/2016
16,CELCOM First BlueTerms & Conditions [Fair Use Policy] ,https://www.celcom.com.my/personal/plans/blue/tnc?pid=1439659020478,UNDATED,15/9/2016
17,CELCOM First Gold Terms & Conditions,https://www.celcom.com.my/personal/plans/gold/tnc?pid=1439663563811,UNDATED,15/9/2016
19,CELCOM First Gold fair Use Policy,https://www.celcom.com.my/personal/plans/gold/tnc?pid=1439663563811,UNDATED,15/9/2016
20,CELCOM First Platinum Terms & Conditions,https://www.celcom.com.my/personal/plans/platinum/tnc?pid=1459448650385,UNDATED,15/9/2016
21,CELCOM First Platinum Fair Usage Policy ,https://www.celcom.com.my/personal/plans/platinum/tnc?pid=1459448650385,UNDATED,15/9/2016
22,CELCOM XPAX (Prepaid) Privacy Policy,http://www.xpax.com.my/privacy-policy,UNDATED,15/9/2016
23,CELCOM XPAX (Prepaid) Web Usage Terms,http://www.xpax.com.my/web-usage,UNDATED,15/9/2016
24,CELCOM XPAX (Prepaid) Fair Use Policy,http://www.xpax.com.my/fair-usage-policy,UNDATED,15/9/2016
25,CELCOM netsafe ,https://www.celcom.com.my/Web_Center_Sites/PBO/Miscellaneous/NET_SAFE_ENG_FAQs.pdf,UNDATED,15/9/2016
26,CELCOM fraud voice calls ,https://www.celcom.com.my/corporate/important_announcements-3?pid=1360826483347,UNDATED,15/9/2016
27,CELCOM announcement global goals ,https://www.celcom.com.my/corporate/important-announcements_Celcom_support_UN_SDGs?pid=1360826483347,UNDATED,15/9/2016
28,CELCOM announcement humanitarian fund ,https://www.celcom.com.my/corporate/important_announcements_sabah_quake?pid=1360826483347,UNDATED,15/9/2016
29,CELCOM announcement earthquake response ,https://www.celcom.com.my/corporate/Complimentary-calls-celcom-earthquake-affected-areas?pid=1360826483347,9/6/2015,15/9/2016
30,CELCOM announcement service disruption ,https://www.celcom.com.my/corporate/service-disruption-in-eastern-region?pid=1360826483347,10/1/2015,15/9/2016
31,CELCOM announcement know your privacy rights ,https://www.celcom.com.my/corporate/important_announcements_policyprivacydata?pid=1360826483347,2014,15/9/2016
32,CELCOM announcement best telecom ,https://www.celcom.com.my/corporate/important_announcements_Frost_Sullivan2014?pid=1360826483347,2014,15/9/2016
33,CELCOM announcement scam alert ,https://www.celcom.com.my/corporate/important_announcements_bewareofscams?pid=1360826483347,2014,15/9/2016
34,CELCOM XPAX Turbo Terms & Conditions ,https://www.xpax.com.my/xpaxturbo-tnc,UNDATED,15/9/2016
35,CELCOM XPAX Complaint Mechanism ,http://www.xpax.com.my/,UNDATED ,15/9/2016
36,CELCOM XPAX Disclosure of Personal Information ,http://www.xpax.com.my/mceir,UNDATED,15/9/2016 
37,"CELCOM Post-Paid ""First"" Terms of Service ",https://www.celcom.com.my/Web_Center_Sites/PBO/Miscellaneous/T&C_FIRSTBlue.pdf,Undatete,31/10/2016
38,CELECOM Post-Paid First Fair Use Policy ,https://www.celcom.com.my/personal/plans/data/fair-usage-policy?pid=1360826467695,UNDATED,31/10/2016