Source reference number,Document title,URL,Date of document (if applicable),Date accessed
1,Privacy Policy - May 31,http://www.apple.com/privacy/privacy-policy/,5/31/2016,9/11/2016
2,Customer Privacy Policy - Choose Region,http://www.apple.com/legal/privacy/,,9/11/2016
3,Choose your country or region,http://www.apple.com/choose-your-country/,,9/11/2016
4,Política de privacidad,http://www.apple.com/legal/privacy/es/,5/31/2016,9/11/2016
5,Apple’s commitment to your privacy,http://www.apple.com/privacy/,,9/11/2016
6,Government Information Requests,http://www.apple.com/privacy/government-information-requests/,,9/11/2016
7,Apple Developer Agreement,https://developer.apple.com/programs/terms/apple_developer_agreement.pdf,,9/11/2016
8,iOS Developer Program License Agreement ,https://developer.apple.com/programs/terms/ios/standard/ios_program_standard_agreement_20140909.pdf,,9/11/2016
9,iOS 10 SLA,http://images.apple.com/legal/sla/docs/iOS10.pdf,7/14/2016,9/12/2016
10,Legal process guidelines -- US Law Enforcement,images.apple.com/privacy/docs/legal-process-guidelines-us.pdf,9/29/2015,9/12/2016
11,Apple transparency report - Second half of 2015,http://images.apple.com/legal/privacy/transparency/requests-2015-H2-en.pdf,,9/12/2016
12,Create and start using an Apple ID,https://support.apple.com/en-us/HT203993,,9/12/2016
13,iCloud Terms and Conditions,http://www.apple.com/legal/internet-services/icloud/en/terms.html,9/16/2015,9/12/2016
14,Terminos y condiciones iCloud,http://www.apple.com/legal/internet-services/icloud/la/terms.html,9/16/2015,9/12/2016
15,iCloud Security and Privacy Overview,https://support.apple.com/en-us/HT202303,6/13/2016,9/12/2016
16,Apple Legal,http://www.apple.com/legal/,,9/12/2016
17,Internet Services,http://www.apple.com/legal/internet-services/,,9/12/2016
18,El compromiso de Apple con tu privacidad,http://www.apple.com/es/privacy/,,9/12/2016
19,"Te damos las herramientas para 
que gestiones tu privacidad.",http://www.apple.com/es/privacy/manage-your-privacy/,,9/12/2016
20,Creemos que la seguridad no debe poner en peligro la privacidad.,http://www.apple.com/es/privacy/government-information-requests/,,9/12/2016
21,Política de Privacidad,http://www.apple.com/es/privacy/privacy-policy/,,9/12/2016
22,Apple Main Page (ES),http://www.apple.com/es/,,9/12/2016
23,Apple Main Page,http://www.apple.com/,,9/12/2016
24,Manage your Privacy,http://www.apple.com/privacy/manage-your-privacy/,,9/13/2016
25,Use a Passcode,https://support.apple.com/en-us/HT204060,,9/13/2016
26,About Touch ID Security,https://support.apple.com/en-us/HT204587,,9/13/2016
27,Security and your Apple ID,https://support.apple.com/en-us/HT201303,,9/13/2016
28,About Apple ID Security Questions,https://support.apple.com/en-us/HT201363,,9/13/2016
29,FAQ about Two-Step Autentication,https://support.apple.com/en-us/HT204152,,9/13/2016
30,Phishing & other suspicious emails,http://www.apple.com/legal/more-resources/phishing/,,9/13/2016
31,Change your Apple ID password,https://support.apple.com/en-us/HT201355,,9/13/2016
32,Opt out of interest-based adds from iAd,https://support.apple.com/en-us/HT202074,,9/13/2016
33,Family Sharing,http://www.apple.com/icloud/family-sharing/,,9/13/2016
34,If you think your Apple ID has been compromised,https://support.apple.com/en-us/HT204145,,9/13/2016
35,iOS Security guide - for iOS 9.3 or later,https://www.apple.com/business/docs/iOS_Security_Guide.pdf,5/1/2016,9/14/2016
36,Login to Apple Bug Reporter,https://idmsa.apple.com/IDMSWebAuth/login.html?appIdKey=77e2a60d4bdfa6b7311c854a56505800be3c24e3a27a670098ff61b69fc5214b&sslEnabled=true&rv=3,,9/14/2016
37,Leadership & Governance,http://investor.apple.com/corporate-governance.cfm,,9/14/2016
38,Audit & Finance Committee Charter,http://investor.apple.com/common/download/download.cfm?companyid=AAPL&fileid=443005&filekey=ADC3AD8B-5A18-4ADD-8B5B-2221773C5B3B&filename=audit_charter.pdf,,9/14/2016
39,Privacy Policy - Sept 12,http://www.apple.com/privacy/privacy-policy/,9/12/2016,9/14/2016
41,Apple Product Security,https://www.apple.com/support/security/,,9/14/2016
42,Your California Privacy Disclosures,http://www.apple.com/legal/privacy/california-dnt/,,9/14/2016
43,Apple's Use of Cookies,http://www.apple.com/legal/privacy/en-ww/cookies/,,9/14/2016
44,We give developers the best tools to keep your data safe,https://www.apple.com/privacy/approach-to-privacy/#dev-tools,,9/14/2016
45,App Store Review Guidelines,https://developer.apple.com/app-store/review/guidelines,,9/15/2016
46,See your purchase history in the iTunes Store on a Mac or PC,https://support.apple.com/en-us/HT204088,,9/15/2016
47,iOS Download iOS 9.0 - 9.3.5 Information,https://support.apple.com/kb/dl1842?locale=en_US,,9/15/2016
48,Apple security updates,https://support.apple.com/en-us/HT201222,,9/15/2016
49,Vintage and obsolete products,https://support.apple.com/en-us/HT201624,,9/15/2016
50,Apple Media Services Terms and Conditions,http://www.apple.com/legal/internet-services/itunes/appstore/jm/terms.html,,9/16/2016
51,Términos y Condiciones de los Servicios multimedia de Apple,http://www.apple.com/legal/internet-services/itunes/us-latino/terms.html,,9/16/2016
52,Apple Executive Profiles,http://www.apple.com/pr/bios/,,10/13/2016
54,"""Privacy and Your Device""",http://www.apple.com/privacy/approach-to-privacy/#safe-device,,10/13/2016
55,Apple Support page ,https://getsupport.apple.com/?caller=home&PRKEYS=,,10/13/2016
56,Privacy Questions ,http://www.apple.com/privacy/contact/,,10/13/2016
57,General Counsel Bruce Sewell bio,http://www.apple.com/pr/bios/bruce-sewell.html,,11/3/2016
58,Jane Horvath Linkedin page,https://www.linkedin.com/in/jane-horvath-aa3a0b5,,11/3/2016
59,Jane Horvath speaker bio,https://www.pdpc.gov.sg/pdpseminar2016/speakers-and-panellists/biographies,,11/3/2016
60,Reuters quoting Jane Horvath,http://www.reuters.com/article/us-apple-encryption-privacy-insight-idUSKCN0WN0BO,,11/3/2016
61,Set up a passcode,https://support.apple.com/en-us/HT204060,,11/11/2016
62,"Apple transparency report - Report on Government Information Requests January 1 - June 30, 2016",http://images.apple.com/legal/privacy/transparency/requests-2016-H1-en.pdf,,1/26/2017
63,App Review,https://developer.apple.com/support/app-review/,,1/29/2017
64,Approach to Privacy,http://www.apple.com/privacy/approach-to-privacy/,,1/29/2017