Source reference number,Document title,URL,Date of document (if applicable),Date accessed (Step 1)
1,Integrated Report 2015 - Spanish ,https://www.telefonica.com/es/web/about_telefonica/publicaciones/informes-anuales,2015,9/11/2016
2,Integrated Report 2015 ,https://www.telefonica.com/en/web/about_telefonica/publications/annual-reports,2015,9/11/2016
3,Terms of service Delivery Mobile Movistar (Condiciones Generales de Prestación Móviles Movistar) - Spanish  ,https://www.movistar.es/rpmm/estaticos/residencial/movil/tarifas-voz/condiciones-generales-de-contrato.pdf,11/28/2014,9/14/2016
4,Terms of service Card Mobile Movistar (Condiciones generales del servicio Tarjeta Móviles Movistar) - Spanish,https://www.movistar.es/rpmm/estaticos/residencial/movil/tarifas-voz/condiciones-generales-de-tarjeta.pdf,6/13/2014,9/14/2016
5,Terms of service of Broadband Service available to the Public (Condiciones generales del Servicio de Banda Ancha disponible al público) - Spanish,https://www.movistar.es/rpmm/estaticos/residencial/fijo/banda-ancha-adsl/contratos/condiciones-generales-suba.pdf,9/1/2012,9/14/2016
6,Mobile Internet Service Conditions (Condiciones del Servicio Internet Móvil) - Spanish,https://www.movistar.es/rpmm/estaticos/residencial/movil/tarifas-datos/condiciones-servicio-internet-movil.pdf,None ,9/14/2016
7,Privacy Policy - Spanish ,https://www.telefonica.com/documents/364672/473798/politica_privacidad_esp_2015.pdf/fe534d3d-e916-4fa9-8220-be8d89865998,12/2015,9/11/2016
8,Privacy Policy - English,https://www.telefonica.com/documents/1258915/3538310/privacy_policy_EN.pdf/6c122ed0-88e1-4843-8523-948ffd4ea3f5,12/2015,9/11/2016
9,Our Business Principles: Telefonica´s Code of Ethics,https://www.telefonica.com/documents/1258915/3538310/principios_actuacion_EN.pdf/90be4c50-55bd-43de-b032-1a159cc17b94,7/21/2015,9/17/2016
10,NEMESYS center. Management of incidents by misuse of the Internet (Centro Némesys. Gestión de las incidencias por uso indebido de Internet) - Spanish,http://www.movistar.es/estaticos/pdfs/seguridad/informacion_centro_nemesys.pdf,9/1/2009,9/15/2016
11,Data Protection Policy (Política de Protección de Datos) - Spanish ,http://www.movistar.es/particulares/proteccion-de-datos/?_ga=1.951669.570665792.1474203064&pid=av-R+356 ,None ,9/17/2016
12,Legal Notice Movistar Phone Service -Spanish,https://www.movistar.es/particulares/aviso-legal/,2013,
13,Legal Contracts- Movistar Broadband Service -Spanish,https://www.movistar.es/rpmm/estaticos/residencial/fijo/banda-ancha-adsl/contratos/condiciones-generales-kit-adsl.pdf,None,
14,Telefonica Current By-Laws English,https://www.telefonica.com/documents/162467/193132/estatutos_eng.pdf/a21652a1-0ad5-4897-b0d1-04da97db1d37,2015,
15,Telefonica Anual Corporate Governance Report English,https://www.telefonica.com/documents/162467/188750/IAGC_2015.pdf/0c86ddc2-02a3-4f70-a93e-897399743a80,2015,
16,Sustainable Bussiness Policy,https://www.telefonica.com/documents/364672/2777615/politica_sostenibilidad_telefonica_EN.pdf/5158eb99-afe2-4d18-a639-138c47bd12f2,None,
17,Ethics Guidelines,https://www.telefonica.com/en/web/sustainability/our-commitments/ethics,None,
18,Integrated Report 2014,http://annualreport2014.telefonica.com/sites/default/files/documentos/privacy-and-security.pdf,2014,
19,Legal Notice Telefonica - English,https://www.telefonica.com/en/legal-notice,2013,
20,Legal Notice Telefonica - Spanish,https://www.telefonica.es/es/aviso-legal,2013,
21,"
Net Neutrality Essays - Spanish",https://www.telefonica.com/documents/341171/3105111/Neutralidadenlared_es.pdf/e321490b-915c-48a4-aebc-09fcdd32e505,2011,
22,Data Protection Policy Telefonica English,https://www.telefonica.com/en/data-protection-policy,None,
23,Data Protection Policy Telefonica Spanish,"
https://www.telefonica.es/es/proteccion-datos",None,
24,Movistar Log of Terms and Conditions Mobile,https://www.movistar.es/particulares/atencion-cliente/todos-los-contratos/aplicaciones-y-servicios/ficha-descargas/historico-movistar-movil,,10/18/2016
25,Movistar Log of Terms and Conditions Internet,https://www.movistar.es/particulares/atencion-cliente/todos-los-contratos/aplicaciones-y-servicios/ficha-descargas/historico-movistar-internet/,,10/18/2016
26,GNI industry dialogue observer announcement,https://www.globalnetworkinitiative.org/news/global-network-initiative-and-telecommunications-industry-dialogue-join-forces-advance-freedom,2/1/2016,11/14/2016
27,"Telefonica Transparency Report 2016 (""Report on Transparency in Communications"")",http://www.telecomindustrydialogue.org/wp-content/uploads/Telefonica_Transparencia_ENG_interactivo_29.12.pdf,2016 (released early 2017),1/24/2017
28,Telefonica Responsible Business Channel ,https://www.telefonica.com/en/web/about_telefonica/responsible-business-channel,,2/1/2017
29,ICT For Children,https://www.telefonica.com/en/web/responsible-business/digital-confidence/icts-for-children/presentation,,