e,Document title,URL,Date of document (if applicable),Date accessed
1,Tencent Security Report Center(Chinese)/安全举报专区,http://kf.qq.com/report/,,9/9/2016
2,Tencent Terms of Service (English),http://www.tencent.com/en-us/zc/termsofservice.shtml,8/1/2014,9/9/2016
3,Tencent Terms of Service (Chinese Traditional)/服務條款,http://www.tencent.com/zh-cn/zc/termsofserviceTraditional.shtml,8/1/2014,9/9/2016
4,Tencent User Service Agreement (Chinese)/腾讯服务协议,http://www.qq.com/contract.shtml,,9/9/2016
5,QQ Number Rules(Chinese)/QQ号码规则,http://zc.qq.com/chs/agreement1_chs.html,,9/9/2016
6,Privacy Policy (Simplied Chinese)/隐私政策,http://www.qq.com/privacy.htm,,9/9/2016
7,Privacy Policy (English),http://www.tencent.com/en-us/zc/privacypolicy.shtml,8/1/2014,9/9/2016
8,QQ Security Center/QQ安全中心,https://aq.qq.com/cn2/index,,9/9/2016
9,Qzone Term of Service (Chinese)/QQ空间服务协议,http://qzone.qq.com/web/tk.html,,9/12/2016
10,Qzone User Rules (Chinese)/QQ空间使用规则,http://qzone.qq.com/web/rule.html,,9/12/2016
11,Acceptable Use Policy (Chinese Traditional)/允許使用政策,http://www.tencent.com/zh-cn/zc/acceptableusepolicyTraditional.shtml,8/1/2014,9/12/2016
12,Tencent Acceptable Use Policy (English),http://www.tencent.com/en-us/zc/acceptableusepolicy.shtml,8/1/2014,9/12/2016
13,Cookies Policy (Chinese Traditional)/Cookies政策,http://www.tencent.com/zh-cn/zc/cookiespolicyTraditional.shtml,8/1/2014,9/12/2016
14,Cookies Policy (English),http://www.tencent.com/en-us/zc/cookiespolicy.shtml,,9/12/2016
15,General End User Licence Agreement (Chinese Traditional),http://www.tencent.com/zh-cn/zc/generaleulaTraditional.shtml,8/1/2014,9/12/2016
16,General End User Licence Agreement (English),http://www.tencent.com/en-us/zc/generaleula.shtml,8/1/2014,9/12/2016
17,WeChat Acceptable Use Policy (Traditional Chinese)/WeChat可接受使用政策,http://www.wechat.com/zh_TW/acceptable_use_policy.html,11/13/2015,9/12/2016
18,WeChat Acceptable Use Policy (English),http://www.wechat.com/en/acceptable_use_policy.html,11/13/2015,9/12/2016
19,WeChat Cookies Policy (Traditional Chinese)/WeChat Cookies政策,http://www.wechat.com/zh_TW/cookies_policy.html,2/20/2014,9/12/2016
20,WeChat Cookies Policy (English),http://www.wechat.com/en/cookies_policy.html,2/20/2014,9/12/2016
21,WeChat Privacy Policy (Traditional Chinese)/WeChat私隱政策,http://www.wechat.com/zh_TW/privacy_policy.html,11/13/2015,9/12/2016
22,WeChat Privacy Policy (English),http://www.wechat.com/en/privacy_policy.html,11/13/2015,9/12/2016
23,WeChat Software License and Service Agreement (Simplified Chinese)/腾讯微信软件许可及服务协议,http://weixin.qq.com/cgi-bin/readtemplate?uin=&stype=&promote=&fr=www.baidu.com&lang=zh_CN&ADTAG=&check=false&nav=faq&t=weixin_agreement&s=default,,9/12/2016
24,WeChat Terms of Service (Traditional Chinese),http://www.wechat.com/zh_TW/service_terms.html,11/13/2015,9/12/2016
25,WeChat Terms Of Service (English),http://www.wechat.com/en/service_terms.html,11/13/2015,9/12/2016
26,Weibo of WeChat Security Center (Chinese)/微信安全中心官方微博,http://www.weibo.com/weixinanquan?is_hot=1,,9/12/2016
27,WeChat Public Account Infringement Complaint Filing Guide (Chinese)/微信公众平台侵权投诉指引,https://mp.weixin.qq.com/cgi-bin/readtemplate?t=home/infringement_tmpl&lang=zh_CN,,9/12/2016
28,WeChat Moments Norms (Chinese)/微信朋友圈使用规范,http://view.inews.qq.com/a/TEC2015031501245301,3/15/2015,9/12/2016
29,WeChat Public Account Infringement Complaint Guidelines (Chinese)/微信公众平台侵权投诉指引,https://mp.weixin.qq.com/cgi-bin/readtemplate?t=infringement/ingringement_guide_static_tmpl,,9/12/2016
30,WeChat Public Account Infringement Complaint Mobile Phone Procedure (Chinese),https://mp.weixin.qq.com/cgi-bin/announce?action=getannouncement&key=1423487372&version=3&lang=zh_CN,2/9/2015,9/12/2016
31,Pony Ma Statement/腾讯董事会主席马化腾2012年中国互联网大会全文,http://tech.163.com/12/0911/12/8B4CVHT700094N1G.html,9/11/2012,9/12/2016
32,Wechat Personal User Infringement Complaint Guidelines (Chinese)/微信个人用户侵权投诉指引,https://support.weixin.qq.com/cgi-bin/mmsupport-bin/readtemplate?t=page/security_center__personal_infringement,,9/12/2016
33,Wechat Official Account Platform Terms of Service (Chinese)/微信公众平台服务协议,https://mp.weixin.qq.com/cgi-bin/readtemplate?t=home/agreement_tmpl&type=info&lang=zh_CN,,9/12/2016
34,Wechat Official Account Platform Regulation (Chinese)/微信公众平台运营规范,https://mp.weixin.qq.com/cgi-bin/readtemplate?t=business/faq_operation_tmpl&type=info&lang=zh_CN,,9/12/2016
35,QQ Software License Agreement (English),https://ssl.zc.qq.com/en/agreement1_en.html,,9/13/2016
36,QQ Software License Agreement (Traditional Chinese)/軟體許可及服務協定,https://ssl.zc.qq.com/cht/agreement1_cht.html,,9/13/2016
37,WeChat Regulation of Links to External Content/微信外部链接内容管理规范,https://weixin.qq.com/cgi-bin/readtemplate?t=weixin_external_links_content_management_specification,,9/13/2016
38,Common Questions Regarding WeChat Moment Management/朋友圈管理常见问题,http://kf.qq.com/faq/131117ne2MV7141117JzI32q.html,,9/13/2016
39,Privacy Policy (Traditional Chinese),http://www.tencent.com/zh-cn/zc/privacypolicyTraditional.shtml,,9/13/2016
40,Tencent Security Response Center/腾讯安全应急响应中心,https://security.tencent.com/index.php,,9/19/2016
41,Tencent External Threat Intelligence Handling Procedure/腾讯外部威胁情报处理流程,https://security.tencent.com/uploadimg_dir/other/TSRC.pdf,,9/19/2016
42,Tencent Games Security Center,http://gamesafe.qq.com/,,9/19/2016
43,Tecent Customer Service Center,http://kf.qq.com/,,9/19/2016
44,WeChat Security Center,https://weixin110.qq.com/security/readtemplate?t=security_center_website/index,,9/19/2016
45,QQ Software License and Service Agreements (Chinese)/QQ软件许可及服务协议,,,
46,Screen shot of QQ app at iPhone,/,,11/10/2016
47,QQ Software License and Service Agreements (Chinese)/QQ软件许可及服务协议,http://ti.qq.com/agreement/index.html,,9/30/2016
48,WeChat Private Account Norms / 微信个人帐号使用规范,http://kf.qq.com/faq/120813euEJVf160303a2ueAV.html,,9/30/2016
49,WeChat Customer Service / 微信客服,http://kf.qq.com/product/weixin.html,,9/30/2016
50,WeChat Security Center - How to File Complaint for Infringement against Personal Account / 如何进行微信个人帐号侵权投诉,https://weixin110.qq.com/security/readtemplate?t=person_report/guide,,9/30/2016
51,QQ Security Center - Report Guidance /QQ安全中心举报功能指引,http://aq.qq.com/v2/safe_school/teach_28.shtml,,9/30/2016
52,"Tencent Customer Service - Search Result of ""加密"" (encryption) / 腾讯客服网站关键字""加密“搜索结果",http://kf.qq.com/search_result.html?search_key=%E5%8A%A0%E5%AF%86,,9/30/2016
53,Tencent Customer Service - Why Messengers/Communications on QQ/TM Are Encypted? / 腾讯客服 － QQ软件/TM软件发送消息/聊天记录为什么会加密？,http://kf.qq.com/faq/120322fu63YV130816qm6Zvu.html,,9/30/2016
54,QQ Security Center - Password Protection Methods / QQ安全中心 - 密保工具,https://aq.qq.com/cn2/manage/my_mb,,9/30/2016
55,QQ Security Center - App Introduction / QQ安全中心-手机版,https://aq.qq.com/cn2/manage/mbtoken/mbtoken_home,,9/30/2016
56,WeChat Security - Advanced Authentification System / 微信安全 － 帐号保护体系,https://weixin110.qq.com/security/readtemplate?t=security_center_website/school#mod=tips&artid=1208117b2mai150420raM7VJ,,9/30/2016
57,Tencent Customer Service - How to Protect QZone / 腾讯客服 如何保护QQ空间使用安全？,http://kf.qq.com/faq/120322fu63YV130422zmeI7n.html,,9/30/2016
58,QQ Sign-up Webpage (Simplified Chinese),http://reg.imqq.com/?,,11/10/2016
59,QQ Sign-up Webpage (Traditional Chinese),http://reg.imqq.com/?,,11/10/2016
60,QQ Sign-up Webpage (English),http://reg.imqq.com/?,,11/10/2016
61,WeChat Sign-up Page On iPhone,/,,11/10/2016
62,WeChat App on iPhone: How to Find WeChat ToS ,/,,20/10/2016