Source reference number,Document title,URL,Date of document (if applicable),Date accessed
1,Intellectual Property Statement/知识产权声明 ,http://www.baidu.com/duty/copyright.html,,9/20/2016
2,Disclaimer/免责声明,http://www.baidu.com/duty/index.html,,9/20/2016
3,Rights Statement/权利声明,http://www.baidu.com/duty/right.html,,9/20/2016
4,Baidu Privacy Protection Statement/隐私权保护声明,http://www.baidu.com/duty/yinsiquan.html,,9/20/2016
5,Netizen Rights Protection Statement/网民权益保障声明,http://www.baidu.com/duty/baozhang.html,,9/20/2016
6,Baidu Report Platform/百度举报平台,http://jubao.baidu.com/jubao/,,9/20/2016
7,PostBar Agreement/贴吧协议,http://tb1.bdstatic.com/tb/eula.html,,9/20/2016
8,PostBar Help Center/帮助中心,http://tieba.baidu.com/helpcenter/index#/index,,9/20/2016
9,PostBar Service Center/贴吧用户服务中心,http://tieba.baidu.com/pmc,,9/20/2016
10,Personal Abuse Post Report Method/关于人身攻击等贴子的投诉方法,http://tieba.baidu.com/p/3148161665,,9/20/2016
11,Promise on Self-regulation of Follow-up Post /跟帖评论自律管理承诺书,http://tieba.baidu.com/p/4686878235,,9/20/2016
12,Online Rumor Reminder/网络谣言警示,http://tieba.baidu.com/tb/zt/declare/,,9/20/2016
13,Baidu PostBar Master System/百度贴吧吧主制度,http://tieba.baidu.com/tb/system.html,02/28/2016,9/20/2016
14,Baidu PostBar Master Guidelines/百度贴吧吧主指导细则,http://tieba.baidu.com/tb/bz_zhidao.html,,9/20/2016
15,PostBar Safe Community Notice/贴吧安全社区宣传,http://tieba.baidu.com/p/2475871214,7/22/2013,9/20/2016
16,Baidu Code/度娘法典,http://baike.baidu.com/view/10697517.htm,,9/20/2016
17,Baidu Cloud Terms of Service/百度云服务协议,https://yun.baidu.com/disk/duty/,,9/20/2016
18,Baidu Cloud Rights Statement/百度云权利声明,http://yun.baidu.com/disk/privacy,,9/20/2016
19,Baidu Cloud Help Center/百度云帮助中心,http://yun.baidu.com/disk/help,,9/20/2016
20,Baidu Statement of Privacy Protection (English),http://ir.baidu.com/phoenix.zhtml?c=188488&p=privacy,,9/20/2016
21,Disclaimer (English),http://ir.baidu.com/phoenix.zhtml?c=188488&p=disclaimer,,9/20/2016
22,Notice to Right Holders (English),http://ir.baidu.com/phoenix.zhtml?c=188488&p=irol-ipp,,9/20/2016
23,Baidu User Agreement/百度用户协议,https://passport.baidu.com/static/passpc-account/html/protocal.html,,9/20/2016
24,Baidu Account Setting/百度帐号设置,https://passport.baidu.com/,,9/23/2016
25,PostBar - My Service Center (need log-in) / 百度贴吧 － 我的服务中心,http://tieba.baidu.com/pmc,,10/1/2016
26,"SOBUG - ""Middleman"" Agency Connecting Security Researchers and Baidu / SOBUG - 漏洞悬赏平台",https://bounty.sobug.com/bounty/baidu,,10/1/2016
27,Baidu Account Setting - Passport Tools / 百度帐号设置 － 密保工具,https://passport.baidu.com/v2/accountsecurity?tpl=&_t=1475355200,,10/1/2016
28,"Baidu Help Center - Search Result of ""保护安全"" (Security) / 百度服务中心“保护安全”关键字搜索结果",http://help.baidu.com/search?keywords=%E4%BF%9D%E6%8A%A4%20%E5%AE%89%E5%85%A8&page=1,,10/1/2016
29,Baidu Complaint Center / 百度投诉中心,http://help.baidu.com/question?prod_en=tousu&class=364,,10/1/2016
30,Baidu Complaint Center - How To Get Response / 百度投诉中心 - 我要怎么知道投诉结果,http://help.baidu.com/question?prod_en=tousu&class=364,,10/1/2016
31,PostBar Complaint Rules / 百度贴吧投诉规则,http://tieba.baidu.com/tb/tsgz/index.html,,10/1/2016
32,PostBar Complaint Center / 百度贴吧投诉中心,http://tieba.baidu.com/tb/tousu/help.html,,10/1/2016
33,Special Log In Protection / 登录保护,https://passport.baidu.com/v2/?accountprotected,,10/10/2016