Baidu,Step 7,,,,,,,
G1,Group - Baidu - Freedom of Expression ,Group - Baidu - Privacy,,,,,,
Consolidated answer for G1.1,no disclosure found,no disclosure found,,,,,,
Comments for G1.1 (explain score),no disclosure found,"Baidu's privacy statement (source 4) states that Baidu ""is very concerned about the protection of user information."" This articulates a commitment to commercial data protection although it does not fully address all aspects of privacy in the way that the concept of privacy is articulated in international human rights instruments. Also, the commitment is expressed in a privacy policy, not in a human rights document. The company therefore receives no credit on this element.",,,,,,
"Sources (reference, specific page, section, etc.)",,4,,,,,,
,,,,,,,,
Points for G1.1,0,0,,,,,,
,,,,,,,,
Level score:,0.00,0.00,,,,,,
,,,,,,,,
Averages:,0.00,,,,,,,
,,,,,,,,
Indicator score:,0.00,,,,,,,
,,,,,,,,
G2,Group - Baidu - Freedom of Expression ,Group - Baidu - Privacy,Baidu Search - Freedom of Expression,Baidu Search - Privacy,Baidu Cloud - Freedom of Expression,Baidu Cloud - Privacy,Baidu PostBar - Freedom of Expression,Baidu PostBar - Privacy
Consolidated answer for G2.1:,no disclosure found,no disclosure found,no disclosure found,no disclosure found,no disclosure found,no disclosure found,no disclosure found,no disclosure found
Consolidated answer for G2.2:,no disclosure found,no disclosure found,no disclosure found,no disclosure found,no disclosure found,no disclosure found,no disclosure found,no disclosure found
Consolidated answer for G2.3:,no disclosure found,no disclosure found,no disclosure found,no disclosure found,no disclosure found,no disclosure found,no disclosure found,no disclosure found
Comments for G2.1 (explain score),no disclosure found,no disclosure found,no disclosure found,no disclosure found,no disclosure found,no disclosure found,no disclosure found,no disclosure found
Comments for G2.2 (explain score),no disclosure found,no disclosure found,no disclosure found,no disclosure found,no disclosure found,no disclosure found,no disclosure found,no disclosure found
Comments for G2.3 (explain score),no disclosure found,no disclosure found,no disclosure found,no disclosure found,no disclosure found,no disclosure found,no disclosure found,no disclosure found
"Sources (reference, specific page, section, etc.)",,,,,,,,
,,,,,,,,
,,,,,,,,
Points for G2.1,0,0,0,0,0,0,0,0
Points for G2.2,0,0,0,0,0,0,0,0
Points for G2.3,0,0,0,0,0,0,0,0
,,,,,,,,
Level score:,0.00,0.00,0.00,0.00,0.00,0.00,0.00,0.00
,,,0.00,,0.00,,0.00,
Averages:,0.00,,0.00,,,,,
,,,,,,,,
,,,,,,,,
Indicator score:,0.00,,,,,,,
,,,,,,,,
G3,Group - Baidu - Freedom of Expression ,Group - Baidu - Privacy,Baidu Search - Freedom of Expression,Baidu Search - Privacy,Baidu Cloud - Freedom of Expression,Baidu Cloud - Privacy,Baidu PostBar - Freedom of Expression,Baidu PostBar - Privacy
Consolidated answer for G3.1:,no disclosure found,no disclosure found,no disclosure found,no disclosure found,no disclosure found,no disclosure found,no disclosure found,no disclosure found
Consolidated answer for G3.2:,no disclosure found,no disclosure found,no disclosure found,no disclosure found,no disclosure found,no disclosure found,no disclosure found,no disclosure found
Comments for G3.1 (explain score),no disclosure found,no disclosure found,no disclosure found,no disclosure found,no disclosure found,no disclosure found,no disclosure found,no disclosure found
Comments for G3.2 (explain score),no disclosure found,no disclosure found,no disclosure found,no disclosure found,no disclosure found,no disclosure found,no disclosure found,no disclosure found
"Sources (reference, specific page, section, etc.)",,,,,,,,
,,,,,,,,
,,,,,,,,
Points for G3.1,0,0,0,0,0,0,0,0
Points for G3.2,0,0,0,0,0,0,0,0
,,,,,,,,
Level score:,0.00,0.00,0.00,0.00,0.00,0.00,0.00,0.00
,,,0.00,,0.00,,0.00,
Averages:,0.00,,0.00,,,,,
,,,,,,,,
Indicator score:,0.00,,,,,,,
,,,,,,,,
G4,Group - Baidu - Freedom of Expression ,Group - Baidu - Privacy,Baidu Search - Freedom of Expression,Baidu Search - Privacy,Baidu Cloud - Freedom of Expression,Baidu Cloud - Privacy,Baidu PostBar - Freedom of Expression,Baidu PostBar - Privacy
Consolidated answer for G4.1,no disclosure found,no disclosure found,no disclosure found,no disclosure found,no disclosure found,no disclosure found,no disclosure found,no disclosure found
Consolidated answer for G4.2,no disclosure found,no disclosure found,no disclosure found,no disclosure found,no disclosure found,no disclosure found,no disclosure found,no disclosure found
Consolidated answer for G4.3,no disclosure found,no disclosure found,no disclosure found,no disclosure found,no disclosure found,no disclosure found,no disclosure found,no disclosure found
Consolidated answer for G4.4,no disclosure found,no disclosure found,no disclosure found,no disclosure found,no disclosure found,no disclosure found,no disclosure found,no disclosure found
Consolidated answer for G4.5,no disclosure found,no disclosure found,no disclosure found,no disclosure found,no disclosure found,no disclosure found,no disclosure found,no disclosure found
Consolidated answer for G4.6,no disclosure found,no disclosure found,no disclosure found,no disclosure found,no disclosure found,no disclosure found,no disclosure found,no disclosure found
Consolidated answer for G4.7,no disclosure found,no disclosure found,no disclosure found,no disclosure found,no disclosure found,no disclosure found,no disclosure found,no disclosure found
Consolidated answer for G4.8,no disclosure found,no disclosure found,no disclosure found,no disclosure found,no disclosure found,no disclosure found,no disclosure found,no disclosure found
Consolidated answer for G4.9,no disclosure found,no disclosure found,no disclosure found,no disclosure found,no disclosure found,no disclosure found,no disclosure found,no disclosure found
Comments for G4.1 (explain score),no disclosure found,no disclosure found,no disclosure found,no disclosure found,no disclosure found,no disclosure found,no disclosure found,no disclosure found
Comments for G4.2 (explain score),no disclosure found,"Though Baidu's Privacy Statement (source 4) says Baidu is very concerned about protection of user information and will carry out due diligence, it is still too general to meet the requirements for this element.",no disclosure found,"Though Baidu's Privacy Statement (source 4) says Baidu is very concerned about protection of user information and will carry out due diligence, it is still too general to meet the requirements for this element.",no disclosure found,"Though Baidu's Privacy Statement (source 4) says Baidu is very concerned about protection of user information and will carry out due diligence, it is still too general to meet the requirements for this element.","Though the PostBar Agreement (source 7) says its users have the right to freedom of expression, it is too general to meet the requirements of this element.","Though Baidu's Privacy Statement (source 4) says Baidu is very concerned about protection of user information and will carry out due diligence, it is still too general to meet the requirements for this element."
Comments for G4.3 (explain score),no disclosure found,"Though Baidu's Privacy Statement (source 4) says Baidu is very concerned about protection of user information and will carry out due diligence, it is still too general to meet the requirements for this element.",no disclosure found,"Though Baidu's Privacy Statement (source 4) says Baidu is very concerned about protection of user information and will carry out due diligence, it is still too general to meet the requirements for this element.",no disclosure found,"Though Baidu's Privacy Statement (source 4) says Baidu is very concerned about protection of user information and will carry out due diligence, it is still too general to meet the requirements for this element.","Though the PostBar Agreement (source 7) says its users have the right to freedom of expression, it is too general to meet the requirements of this element.","Though Baidu's Privacy Statement (source 4) says Baidu is very concerned about protection of user information and will carry out due diligence, it is still too general to meet the requirements for this element."
Comments for G4.4 (explain score),no disclosure found,"Though Baidu's Privacy Statement (source 4) says Baidu is very concerned about protection of user information and will carry out due diligence, it is still too general to meet the requirements for this element.",no disclosure found,"Though Baidu's Privacy Statement (source 4) says Baidu is very concerned about protection of user information and will carry out due diligence, it is still too general to meet the requirements for this element.",no disclosure found,"Though Baidu's Privacy Statement (source 4) says Baidu is very concerned about protection of user information and will carry out due diligence, it is still too general to meet the requirements for this element.","Though the PostBar Agreement (source 7) says its users have the right to freedom of expression, it is too general to meet the requirements of this element.","Though Baidu's Privacy Statement (source 4) says Baidu is very concerned about protection of user information and will carry out due diligence, it is still too general to meet the requirements for this element."
Comments for G4.5 (explain score),no disclosure found,no disclosure found,no disclosure found,no disclosure found,no disclosure found,no disclosure found,no disclosure found,no disclosure found
Comments for G4.6 (explain score),no disclosure found,no disclosure found,no disclosure found,no disclosure found,no disclosure found,no disclosure found,no disclosure found,no disclosure found
Comments for G4.7 (explain score),no disclosure found,no disclosure found,no disclosure found,no disclosure found,no disclosure found,no disclosure found,no disclosure found,no disclosure found
Comments for G4.8 (explain score),no disclosure found,no disclosure found,no disclosure found,no disclosure found,no disclosure found,no disclosure found,no disclosure found,no disclosure found
Comments for G4.9 (explain score),no disclosure found,no disclosure found,no disclosure found,no disclosure found,no disclosure found,no disclosure found,no disclosure found,no disclosure found
"Sources (reference, specific page, section, etc.)",,source 4,,source 4,,source 4,source 7,source 4
,,,,,,,,
,,,,,,,,
Points for G4.1,0,0,0,0,0,0,0,0
Points for G4.2,0,0,0,0,0,0,0,0
Points for G4.3,0,0,0,0,0,0,0,0
Points for G4.4,0,0,0,0,0,0,0,0
Points for G4.5,0,0,0,0,0,0,0,0
Points for G4.6,0,0,0,0,0,0,0,0
Points for G4.7,0,0,0,0,0,0,0,0
Points for G4.8,0,0,0,0,0,0,0,0
Points for G4.9,0,0,0,0,0,0,0,0
,,,,,,,,
Level score:,0.00,0.00,0.00,0.00,0.00,0.00,0.00,0.00
,,,0.00,,0.00,,0.00,
Averages:,0.00,,0.00,,,,,
,,,,,,,,
Indicator score:,0.00,,,,,,,
,,,,,,,,
G5,Group - Baidu - Freedom of Expression ,Group - Baidu - Privacy,,,,,,
Consolidated answer for G5.1,no disclosure found,no disclosure found,,,,,,
Consolidated answer for G5.2,no disclosure found,no disclosure found,,,,,,
Consolidated answer for G5.3,no disclosure found,no disclosure found,,,,,,
Comments for G5.1 (explain score),no disclosure found,no disclosure found,,,,,,
Comments for G5.2 (explain score),no disclosure found,no disclosure found,,,,,,
Comments for G5.3 (explain score),no disclosure found,no disclosure found,,,,,,
"Sources (reference, specific page, section, etc.)",,,,,,,,
,,,,,,,,
,,,,,,,,
Points for G5.1,0,0,,,,,,
Points for G5.2,0,0,,,,,,
Points for G5.3,0,0,,,,,,
,,,,,,,,
Level score:,0.00,0.00,,,,,,
,,,,,,,,
Averages:,0.00,,,,,,,
,,,,,,,,
Indicator score:,0.00,,,,,,,
,,,,,,,,
G6,Group - Baidu - Freedom of Expression,Group - Baidu - Privacy,Baidu Search - Freedom of Expression,Baidu Search - Privacy,Baidu Cloud - Freedom of Expression,Baidu Cloud - Privacy,Baidu PostBar - Freedom of Expression,Baidu PostBar - Privacy
Consolidated answer for G6.1:,no disclosure found,no disclosure found,no disclosure found,no disclosure found,no disclosure found,no disclosure found,no disclosure found,no disclosure found
Consolidated answer for G6.2:,no disclosure found,no disclosure found,no disclosure found,no disclosure found,no disclosure found,no disclosure found,no disclosure found,no disclosure found
Consolidated answer for G6.3:,no disclosure found,no disclosure found,no disclosure found,no disclosure found,no disclosure found,no disclosure found,no disclosure found,no disclosure found
Consolidated answer for G6.4:,no disclosure found,no disclosure found,no disclosure found,no disclosure found,no disclosure found,no disclosure found,no disclosure found,no disclosure found
Consolidated answer for G6.5:,no disclosure found,no disclosure found,no disclosure found,no disclosure found,no disclosure found,no disclosure found,no disclosure found,no disclosure found
Comments for G6.1 (explain score),"Baidu Complaint Center (source 29) lists the process and instructions for raising ""issues or problems"" that the user encounters. But this Center could be found only by purposely searching ""complaint"" on its help page. This does not qualify as clear disclosure. Also, there is no indication that the process is intended for complaints related to infringements by the company of a user's freedom of expression and privacy rights. Rather, from reading the page it appears that complaints are intended to include complaints by one user about the actions of another user.  Baidu Rights Statement (Source 3) and the Notice to Rights Holders (Source 22) provides a mechanism for users to notify Baidu of the suspected ""rights"" infringement. However, the ""rights"" addressed here are intellectual property and copyright rather than human rights, and the mechanism does not address infringements by the company itself, but other users. Since the company's complaint center mechanism does not address concerns that a user may have with the company, but only complaints related to actions of other users, this does not qualify for credit on this element.","Baidu Complaint Center (source 29) lists the process and instructions for raising ""issues or problems"" that the user encounters. But this Center could be found only by purposely searching ""complaint"" on its help page. This does not qualify as clear disclosure. Also, there is no indication that the process is intended for complaints related to infringements by the company of a user's freedom of expression and privacy rights. Rather, from reading the page it appears that complaints are intended to include complaints by one user about the actions of another user. Since the company's complaint center mechanism does not address concerns that a user may have with the company, but only complaints related to actions of other users, this does not qualify for credit on this element.","Baidu Complaint Center (source 29) lists the process and instructions for raising ""issues or problems"" that the user encounters. But this Center could be found only by purposely searching ""complaint"" on its help page. This does not qualify as clear disclosure. Also, there is no indication that the process is intended for complaints related to infringements by the company of a user's freedom of expression and privacy rights. Rather, from reading the page it appears that complaints are intended to include complaints by one user about the actions of another user.  Baidu Rights Statement (Source 3) and the Notice to Rights Holders (Source 22) provides a mechanism for users to notify Baidu of the suspected ""rights"" infringement. However, the ""rights"" addressed here are intellectual property and copyright rather than human rights, and the mechanism does not address infringements by the company itself, but other users. Since the company's complaint center mechanism does not address concerns that a user may have with the company, but only complaints related to actions of other users, this does not qualify for credit on this element.","Baidu Complaint Center (source 29) lists the process and instructions for raising ""issues or problems"" that the user encounters. But this Center could be found only by purposely searching ""complaint"" on its help page. This does not qualify as clear disclosure. Also, there is no indication that the process is intended for complaints related to infringements by the company of a user's freedom of expression and privacy rights. Rather, from reading the page it appears that complaints are intended to include complaints by one user about the actions of another user. Since the company's complaint center mechanism does not address concerns that a user may have with the company, but only complaints related to actions of other users, this does not qualify for credit on this element.","Baidu Complaint Center (source 29) lists the process and instructions for raising ""issues or problems"" that the user encounters. But this Center could be found only by purposely searching ""complaint"" on its help page. This does not qualify as clear disclosure. Also, there is no indication that the process is intended for complaints related to infringements by the company of a user's freedom of expression and privacy rights. Rather, from reading the page it appears that complaints are intended to include complaints by one user about the actions of another user.  Baidu Rights Statement (Source 3) and the Notice to Rights Holders (Source 22) provides a mechanism for users to notify Baidu of the suspected ""rights"" infringement. However, the ""rights"" addressed here are intellectual property and copyright rather than human rights, and the mechanism does not address infringements by the company itself, but other users. Since the company's complaint center mechanism does not address concerns that a user may have with the company, but only complaints related to actions of other users, this does not qualify for credit on this element.","Baidu Complaint Center (source 29) lists the process and instructions for raising ""issues or problems"" that the user encounters. But this Center could be found only by purposely searching ""complaint"" on its help page. This does not qualify as clear disclosure. Also, there is no indication that the process is intended for complaints related to infringements by the company of a user's freedom of expression and privacy rights. Rather, from reading the page it appears that complaints are intended to include complaints by one user about the actions of another user. Since the company's complaint center mechanism does not address concerns that a user may have with the company, but only complaints related to actions of other users, this does not qualify for credit on this element.","PostBar Agreement §15 (source 7) says anyone can file complaints against insults, defamation or other infringements/violations according to PostBar Complaint Rules (source 31), which provides clear instructions on how to file complaints. PostBar also posts a clear step-by-step guidance for different claims (source 32). But these disclosures are more about how users can defend their rights against violations from other users, not  Baidu itself. Since the company's complaint center mechanism does not address concerns that a user may have with the company, but only complaints related to actions of other users, this does not qualify for credit on this element.","PostBar Service Center (Source 9) provides a platform for Baidu PostBar users to file complaints about suspected privacy infringement. However, the message on the platform indicates that it targets the infringing information posted by other users rather than Baidu's infringing activities. Since the company's complaint center mechanism does not address concerns that a user may have with the company, but only complaints related to actions of other users, this does not qualify for credit on this element."
Comments for G6.2 (explain score),No disclosure found,No disclosure found,No disclosure found,No disclosure found,No disclosure found,No disclosure found,No disclosure found,"PostBar Service Center (Source 9) provides a platform for Baidu PostBar users to file complaint about suspected privacy infringement. However, the message on the platform indicates that it targets the infringing information posted by other users rather than Baidu's infringing activities. For this reason, it receives no credit for this element."
Comments for G6.3 (explain score),"Baidu Complaint Center (source 29) says Baidu will respond to complaints as quickly as possible and the result will be shown in the user's ""My Complaint"" section or sent to user's email.  However, since the complaint mechanism only responds to complaints between users, not complaints with the company's actions that might infringe on a user's rights, no credit is given.","Baidu Complaint Center (source 29) says Baidu will respond to complaints as quickly as possible and the result will be shown in the user's ""My Complaint"" section or sent to user's email.  However, since the complaint mechanism only responds to complaints between users, not complaints with the company's actions that might infringe on a user's rights, no credit is given.","Baidu Complaint Center (source 29) says Baidu will respond to complaints as quickly as possible and the result will be shown in the user's ""My Complaint"" section or sent to user's email.  However, since the complaint mechanism only responds to complaints between users, not complaints with the company's actions that might infringe on a user's rights, no credit is given.","Baidu Complaint Center (source 29) says Baidu will respond to complaints as quickly as possible and the result will be shown in the user's ""My Complaint"" section or sent to user's email.  However, since the complaint mechanism only responds to complaints between users, not complaints with the company's actions that might infringe on a user's rights, no credit is given.","Baidu Complaint Center (source 29) says Baidu will respond to complaints as quickly as possible and the result will be shown in the user's ""My Complaint"" section or sent to user's email.  However, since the complaint mechanism only responds to complaints between users, not complaints with the company's actions that might infringe on a user's rights, no credit is given.","Baidu Complaint Center (source 29) says Baidu will respond to complaints as quickly as possible and the result will be shown in the user's ""My Complaint"" section or sent to user's email.  However, since the complaint mechanism only responds to complaints between users, not complaints with the company's actions that might infringe on a user's rights, no credit is given.","Baidu Complaint Center (source 29) says Baidu will respond to complaints as quickly as possible and the result will be shown in the user's ""My Complaint"" section or sent to user's email.  However, since the complaint mechanism only responds to complaints between users, not complaints with the company's actions that might infringe on a user's rights, no credit is given.","Baidu Complaint Center (source 29) says Baidu will respond to complaints as quickly as possible and the result will be shown in the user's ""My Complaint"" section or sent to user's email.  However, since the complaint mechanism only responds to complaints between users, not complaints with the company's actions that might infringe on a user's rights, no credit is given."
Comments for G6.4 (explain score),No disclosure found,No disclosure found,No disclosure found,No disclosure found,No disclosure found,No disclosure found,No disclosure found,No disclosure found
Comments for G6.5 (explain score),No disclosure found,No disclosure found,No disclosure found,No disclosure found,No disclosure found,No disclosure found,No disclosure found,No disclosure found
"Sources (reference, specific page, section, etc.)","Source 3, 22, 29",Source 29,"Source 3, 22, 29",Source 29,"Source 3, 22, 29",Source 29,"Source 7, 31, 32","Source 9, 32"
,,,,,,,,
,,,,,,,,
Points for G6.1,0,0,0,0,0,0,0,0
Points for G6.2,0,0,0,0,0,0,0,0
Points for G6.3,0,0,0,0,0,0,0,0
Points for G6.4,0,0,0,0,0,0,0,0
Points for G6.5,0,0,0,0,0,0,0,0
,,,,,,,,
Level score:,0.00,0.00,0.00,0.00,0.00,0.00,0.00,0.00
,,,0.00,,0.00,,0.00,
Averages:,,,0.00,,,,,
,,,,,,,,
Indicator score:,0.00,,,,,,,
,,,,,,,,
F1,Baidu Search,Baidu Cloud,Baidu PostBar,,,,,
Consolidated answer for F1.1:,no,yes,yes,,,,,
Consolidated answer for F1.2:,yes,yes,yes,,,,,
Consolidated answer for F1.3:,partial,partial,partial,,,,,
Comments for F1.1 (explain score),"On the footer of Baidu's homepage (www.baidu.com), there is a hyperlink titled ""must read before the use of Baidu"", which is linked to a page of statements, including Intellectual Property Statement (Source 1), Disclaimer (Source 2), Rights Statement (Source 3), Privacy Protection Statement (Source 4), Netizen Rights Protection Statement (Source 5). These statements include features of a typical ToS. However, users can only find the Baidu User Agreement (Source 23) when they for register their Baidu account. It is not linked from any other public facing page that we could find. For this reason, Baidu receives no credit for this element.","On the footer of Baidu Cloud's homepage (yun.baidu.com), there is a hyperlink titled ""Terms of Service"" directly to the ToS (Source 17). For this reason, it receives full credit for this element.","On the footer of Baidu PostBar's homepage (tieba.baidu.com), there is a hyperlink titled ""PostBar Agreement"" directly to the ToS (Source 7). For this reason, it receives full credit for this element.",,,,,
Comments for F1.2 (explain score),"Baidu User Agreement (Source 23) is available in Chinese, which is the major language spoken by its users.","Baidu Cloud's ToS (Source 17) is available in Chinese, which is the major language spoken by its users.
Baidu User Agreement (Source 23) is available in Chinese, which is the major language spoken by its users.","Baidu Postbar's ToS (Source 7) is available in Chinese, which is the major language spoken by its users.
Baidu User Agreement (Source 23) is available in Chinese, which is the major language spoken by its users.",,,,,
Comments for F1.3 (explain score),"Section headerss and bold letters are used in the Baidu User Agreement (Source 23), which is helpful for users to understand the text. As the text of ToS is too long for an average user and no other features such as summary and graphics are used to facilitate the understanding, Baidu receives partial credit for this element.","Section headers, bold letters and bullet points are adopted in Baidu Cloud Terms of Service (Source 17), which is helpful for its users to understand the text. As the ToS is too long for an average user and no other features such as summary and graphics are used to facilitate the understanding, Baidu Cloud receives partial credit for this element.","Section headers, bold letters and bullet points are adopted in Baidu PostBar Agreement (Source 7), which is helpful for its users to understand the text. As the ToS is too long for an average user and no other features such as summary and graphics are used to facilitate the understanding, Baidu Cloud receives partial credit for this element.",,,,,
"Sources (reference, specific page, section, etc.)","Source 1, 2, 3, ,4, 5, 23","Source 17, 23","Source 7, 23",,,,,
,,,,,,,,
,,,,,,,,
Points for F1.1,0,100,100,,,,,
Points for F1.2,100,100,100,,,,,
Points for F1.3,50,50,50,,,,,
,,,,,,,,
Level score:,50.00,83.33,83.33,,,,,
,,,,,,,,
Indicator score:,72.22,,,,,,,
,,,,,,,,
F2,Baidu Search,Baidu Cloud,Baidu PostBar,,,,,
Consolidated answer for F2.1:,no disclosure found,no disclosure found,no disclosure found,,,,,
Consolidated answer for F2.2:,no disclosure found,no disclosure found,no disclosure found,,,,,
Consolidated answer for F2.3:,no disclosure found,no disclosure found,no disclosure found,,,,,
Consolidated answer for F2.4:,no disclosure found,no disclosure found,no disclosure found,,,,,
Comments for F2.1 (explain score),"The group level policies apply to Baidu Search, and so it receives the same score as the group level. Baidu's User Agreement states, ""Baidu has the right to change the service temporarily or permanently, or suspend or terminate the service, with or without notification."" (Source 23, section 4.9) However, the ToS does not specify whether it will notify users about changes of ToS. ","Baidu Cloud ToS states, ""The decision to cancel or terminate the service does not need a reason or notification of users.""  (Source 17, section 6.3) However, the ToS does not specify whether users will be notified about changes of ToS.",no disclosure found,,,,,
Comments for F2.2 (explain score),no disclosure found,"Baidu Cloud ToS states, ""The notifications to users within the scope of the agreement shall be conducted through notice on the webpage, email, cell phone text message or regular mail..."" (Source 17, section 7.3) However this pertains to notifications on other matters, not notifications about ToS changes.",no disclosure found,,,,,
Comments for F2.3 (explain score),no disclosure found,no disclosure found,no disclosure found,,,,,
Comments for F2.4 (explain score),no disclosure found,no disclosure found,no disclosure found,,,,,
"Sources (reference, specific page, section, etc.)",Source 23,Source 17,Source 7,,,,,
,,,,,,,,
,,,,,,,,
Points for F2.1,0,0,0,,,,,
Points for F2.2,0,0,0,,,,,
Points for F2.3,0,0,0,,,,,
Points for F2.4,0,0,0,,,,,
,,,,,,,,
Level score:,0.00,0.00,0.00,,,,,
,,,,,,,,
Indicator score:,0.00,,,,,,,
,,,,,,,,
F3,Baidu Search,Baidu Cloud,Baidu PostBar,,,,,
Consolidated answer for F3.1:,yes,yes,yes,,,,,
Consolidated answer for F3.2:,N/A,yes,yes,,,,,
Consolidated answer for F3.3:,no disclosure found,partial,partial,,,,,
Consolidated answer for F3.4:,no disclosure found,N/A,no disclosure found,,,,,
Consolidated answer for F3.5:,no disclosure found,N/A,no disclosure found,,,,,
Consolidated answer for F3.6:,partial,partial,partial,,,,,
Consolidated answer for F3.7:,no disclosure found,no disclosure found,no disclosure found,,,,,
Comments for F3.1 (explain score),"Baidu ToS (Source 23) lists the activities and types of content it does not permit in its Section 3 ""Use Regulation"". It mentions that illegal and dishonest activities are not permitted (Source 23, section 3.1) , and it provides a list of examples.","Baidu Cloud ToS lists the activities and types of content it does not permit in a section titled ""User's Promise"" (Source 17, section 3.2) ","Baidu PostBar ToS lists the activities and types of content it does not permit in article 8, 9, 10, 14, 15, 21 and 22 (Source 7). ",,,,,
Comments for F3.2 (explain score),N/A for search engines.,"Baidu Cloud ToS lists the situations in which it may restrict a user's account in the section titled ""Users Promise""  (Source 17, section 3.2), including distribution of illegal information, abuse of Baidu's business interest, malware, infringement of a third party's rights (such as privacy and intellectual property). This list  collectively conveys the reasons why Baidu Cloud restricts an account.","Baidu PostBar ToS lists the government regulations and other official documents that may restrict the content online (Source 7, Article 8), and illegal business activities (Source 7, Article 10). Section 4, sub sections 21-22  (source 7) clearly list the forbidden behaviours which will cause account restriction or termination. These collectively constitute the reasons why Baidu PostBar restricts an account. ",,,,,
Comments for F3.3 (explain score),"Though Baidu provides a Platform (Source 6) for members of the public to report activities that it does not allow, this does not constitute ""clearly disclosed information about the process.""","Baidu Cloud ToS states that Baidu has the right to monitor how users use Baidu Cloud service and that it may be informed of user infringement by third party notification or reports. (Source 17, section 1.5). It also says  that user activity logs and records in the Baidu Cloud system may be regarded as evidence (Source 17, section 1.4). However, the company does not provide enough information about these mechanisms to understand how the company uses them for ToS enforcement. Therefore, partial credit is given.","Baidu Cloud ToS states that the process to discover activities that may breach the agreement include reports and complaints (Source 7, Article 33). However, the company does not provide enough information about these mechanisms to understand how the company uses them for ToS enforcement. Therefore, partial credit is given.",,,,,
Comments for F3.4 (explain score),no disclosure found,N/A,no disclosure found,,,,,
Comments for F3.5 (explain score),no disclosure found,N/A,no disclosure found,,,,,
Comments for F3.6 (explain score),"Baidu reveals in the ToS how it penalizes the user who posts prohibited content or engages in prohibited activity by deleting the content, terminating the service, withdrawal of the the account, etc. (Source 23, section 3.2) However, it does not disclose how it decides whether to remove content. For this reason, it receives partial credit.","Baidu Cloud reveals in its ToS how it penalizes the user who posts prohibited content or engages in prohibited activities, including deleting the content, terminating service, publicizing the infringing accounts, etc. (1.5/Source 17). However, it does not disclose how it decides whether to remove content. For this reason, it receives partial credit.","Baidu PostBar lists the situations that may lead to restriction of accounts (Source 7, article 21) and that may lead to removal of content -- also may result in account restriction (Source 7, article 22) and specific infringements and penalties for game accounts (Source 7, article 33). However, the process to make the decision is still not clear, so it receives partial credit.",,,,,
Comments for F3.7 (explain score),no disclosure found,no disclosure found,"In a user forum there are postings containing some information about how some of the activities violate the rules (Source 15), but such information is too sporadic and hard to find to receive credit for this element.",,,,,
"Sources (reference, specific page, section, etc.)","Source 6, 23",Source 17,Source 7,,,,,
,,,,,,,,
,,,,,,,,
Points for F3.1,100,100,100,,,,,
Points for F3.2,exclude,100,100,,,,,
Points for F3.3,0,50,50,,,,,
Points for F3.4,0,exclude,0,,,,,
Points for F3.5,0,exclude,0,,,,,
Points for F3.6,50,50,50,,,,,
Points for F3.7,0,0,0,,,,,
,,,,,,,,
Level score:,25.00,60.00,42.86,,,,,
,,,,,,,,
Indicator score:,42.62,,,,,,,
,,,,,,,,
F4,Baidu Search,Baidu Cloud,Baidu PostBar,,,,,
Consolidated answer for F4.1:,no disclosure found,no disclosure found,no disclosure found,,,,,
Consolidated answer for F4.2:,no disclosure found,no disclosure found,no disclosure found,,,,,
Consolidated answer for F4.3:,no disclosure found,no disclosure found,no disclosure found,,,,,
Comments fo F4.1 (explain score),no disclosure found,no disclosure found,no disclosure found,,,,,
Comments fo F4.2 (explain score),no disclosure found,no disclosure found,no disclosure found,,,,,
Comments fo F4.3 (explain score),no disclosure found,no disclosure found,no disclosure found,,,,,
"Sources (reference, specific page, section, etc.)",,,,,,,,
,,,,,,,,
,,,,,,,,
Points for F4.1,0,0,0,,,,,
Points for F4.2,0,0,0,,,,,
Points for F4.3,0,0,0,,,,,
,,,,,,,,
Level score:,0.00,0.00,0.00,,,,,
,,,,,,,,
Indicator score:,0.00,,,,,,,
,,,,,,,,
F5,Baidu Search,Baidu Cloud,Baidu PostBar,,,,,
Consolidated answer for F5.1,no disclosure found,no disclosure found,no disclosure found,,,,,
Consolidated answer for F5.2,no disclosure found,no disclosure found,no disclosure found,,,,,
Consolidated answer for F5.3,no disclosure found,no disclosure found,no disclosure found,,,,,
Consolidated answer for F5.4,no disclosure found,no disclosure found,no disclosure found,,,,,
Consolidated answer for F5.5,no disclosure found,no disclosure found,no disclosure found,,,,,
Consolidated answer for F5.6,no disclosure found,no disclosure found,no disclosure found,,,,,
Consolidated answer for F5.7,no disclosure found,no disclosure found,no disclosure found,,,,,
Consolidated answer for F5.8,no disclosure found,no disclosure found,no disclosure found,,,,,
Consolidated answer for F5.9,no disclosure found,no disclosure found,no disclosure found,,,,,
Consolidated answer for F5.10,no disclosure found,no disclosure found,no disclosure found,,,,,
Consolidated answer for F5.11,no disclosure found,no disclosure found,no disclosure found,,,,,
Consolidated answer for F5.12,no disclosure found,no disclosure found,no disclosure found,,,,,
Comments for F5.1 (explain score),no disclosure found,no disclosure found,no disclosure found,,,,,
Comments for F5.2 (explain score),no disclosure found,no disclosure found,no disclosure found,,,,,
Comments for F5.3 (explain score),no disclosure found,no disclosure found,no disclosure found,,,,,
Comments for F5.4 (explain score),no disclosure found,no disclosure found,no disclosure found,,,,,
Comments for F5.5 (explain score),no disclosure found,no disclosure found,no disclosure found,,,,,
Comments for F5.6 (explain score),no disclosure found,no disclosure found,no disclosure found,,,,,
Comments for F5.7 (explain score),no disclosure found,no disclosure found,no disclosure found,,,,,
Comments for F5.8 (explain score),no disclosure found,no disclosure found,no disclosure found,,,,,
Comments for F5.9 (explain score),no disclosure found,no disclosure found,no disclosure found,,,,,
Comments for F5.10 (explain score),no disclosure found,no disclosure found,no disclosure found,,,,,
Comments for F5.11 (explain score),no disclosure found,no disclosure found,no disclosure found,,,,,
Comments for F5.12 (explain score),no disclosure found,no disclosure found,no disclosure found,,,,,
"Sources (reference, specific page, section, etc.)",,,,,,,,
,,,,,,,,
,,,,,,,,
Points for F5.1,0,0,0,,,,,
Points for F5.2,0,0,0,,,,,
Points for F5.3,0,0,0,,,,,
Points for F5.4,0,0,0,,,,,
Points for F5.5,0,0,0,,,,,
Points for F5.6,0,0,0,,,,,
Points for F5.7,0,0,0,,,,,
Points for F5.8,0,0,0,,,,,
Points for F5.9,0,0,0,,,,,
Points for F5.10,0,0,0,,,,,
Points for F5.11,0,0,0,,,,,
Points for F5.12,0,0,0,,,,,
,,,,,,,,
Level score:,0.00,0.00,0.00,,,,,
,,,,,,,,
Indicator score:,0.00,,,,,,,
,,,,,,,,
F6,Baidu Search,Baidu Cloud,Baidu PostBar,,,,,
Consolidated answer for F6.1,no disclosure found,no disclosure found,no disclosure found,,,,,
Consolidated answer for F6.2,N/A,no disclosure found,no disclosure found,,,,,
Consolidated answer for F6.3,no disclosure found,no disclosure found,no disclosure found,,,,,
Consolidated answer for F6.4,no disclosure found,no disclosure found,no disclosure found,,,,,
Consolidated answer for F6.5,no disclosure found,no disclosure found,no disclosure found,,,,,
Consolidated answer for F6.6,no disclosure found,no disclosure found,no disclosure found,,,,,
Consolidated answer for F6.7,no disclosure found,no disclosure found,no disclosure found,,,,,
Consolidated answer for F6.8,no disclosure found,no disclosure found,no disclosure found,,,,,
Consolidated answer for F6.9,no disclosure found,no disclosure found,no disclosure found,,,,,
Consolidated answer for F6.10,no disclosure found,no disclosure found,no disclosure found,,,,,
Comments for F6.1 (explain score),no disclosure found,no disclosure found,no disclosure found,,,,,
Comments for F6.2 (explain score),This element is N/A for search engines,no disclosure found,no disclosure found,,,,,
Comments for F6.3 (explain score),no disclosure found,no disclosure found,no disclosure found,,,,,
Comments for F6.4 (explain score),no disclosure found,no disclosure found,no disclosure found,,,,,
Comments for F6.5 (explain score),no disclosure found,no disclosure found,no disclosure found,,,,,
Comments for F6.6 (explain score),no disclosure found,no disclosure found,no disclosure found,,,,,
Comments for F6.7 (explain score),no disclosure found,no disclosure found,no disclosure found,,,,,
Comments for F6.8 (explain score),no disclosure found,no disclosure found,no disclosure found,,,,,
Comments for F6.9 (explain score),no disclosure found,no disclosure found,no disclosure found,,,,,
Comments for F6.10 (explain score),no disclosure found,no disclosure found,no disclosure found,,,,,
"Sources (reference, specific page, section, etc.)",,,,,,,,
,,,,,,,,
,,,,,,,,
Points for F6.1,0,0,0,,,,,
Points for F6.2,exclude,0,0,,,,,
Points for F6.3,0,0,0,,,,,
Points for F6.4,0,0,0,,,,,
Points for F6.5,0,0,0,,,,,
Points for F6.6,0,0,0,,,,,
Points for F6.7,0,0,0,,,,,
Points for F6.8,0,0,0,,,,,
Points for F6.9,0,0,0,,,,,
Points for F6.10,0,0,0,,,,,
,,,,,,,,
Level score:,0.00,0.00,0.00,,,,,
,,,,,,,,
Indicator score:,0.00,,,,,,,
,,,,,,,,
F7,Baidu Search,Baidu Cloud,Baidu PostBar,,,,,
Consolidated answer for F7.1,no disclosure found,no disclosure found,no disclosure found,,,,,
Consolidated answer for F7.2,no disclosure found,no disclosure found,no disclosure found,,,,,
Consolidated answer for F7.3,no disclosure found,no disclosure found,no disclosure found,,,,,
Consolidated answer for F7.4,no disclosure found,no disclosure found,no disclosure found,,,,,
Consolidated answer for F7.5,no disclosure found,no disclosure found,no disclosure found,,,,,
Consolidated answer for F7.6,no disclosure found,no disclosure found,no disclosure found,,,,,
Consolidated answer for F7.7,no disclosure found,no disclosure found,no disclosure found,,,,,
Consolidated answer for F7.8,no disclosure found,no disclosure found,no disclosure found,,,,,
Consolidated answer for F7.9,no disclosure found,no disclosure found,no disclosure found,,,,,
Consolidated answer for F7.10,no disclosure found,no disclosure found,no disclosure found,,,,,
Comments for F7.1 (explain score),No evidence found.,No evidence found.,No evidence found.,,,,,
Comments for F7.2 (explain score),No evidence found.,No evidence found.,No evidence found.,,,,,
Comments for F7.3 (explain score),No evidence found.,No evidence found.,No evidence found.,,,,,
Comments for F7.4 (explain score),No evidence found.,No evidence found.,No evidence found.,,,,,
Comments for F7.5 (explain score),No evidence found.,No evidence found.,No evidence found.,,,,,
Comments for F7.6 (explain score),No evidence found.,No evidence found.,No evidence found.,,,,,
Comments for F7.7 (explain score),No evidence found.,No evidence found.,No evidence found.,,,,,
Comments for F7.8 (explain score),No evidence found.,No evidence found.,No evidence found.,,,,,
Comments for F7.9 (explain score),No evidence found.,No evidence found.,No evidence found.,,,,,
Comments for F7.10 (explain score),No evidence found.,No evidence found.,No evidence found.,,,,,
"Sources (reference, specific page, section, etc.)",,,,,,,,
,,,,,,,,
,,,,,,,,
Points for F7.1,0,0,0,,,,,
Points for F7.2,0,0,0,,,,,
Points for F7.3,0,0,0,,,,,
Points for F7.4,0,0,0,,,,,
Points for F7.5,0,0,0,,,,,
Points for F7.6,0,0,0,,,,,
Points for F7.7,0,0,0,,,,,
Points for F7.8,0,0,0,,,,,
Points for F7.9,0,0,0,,,,,
Points for F7.10,0,0,0,,,,,
,,,,,,,,
Level score:,0.00,0.00,0.00,,,,,
,,,,,,,,
Indicator score:,0.00,,,,,,,
,,,,,,,,
F8,Baidu Search,Baidu Cloud,Baidu PostBar,,,,,
Consolidated answer for F8.1,N/A,no,no,,,,,
Consolidated answer for F8.2,no disclosure found,no disclosure found,no disclosure found,,,,,
Consolidated answer for F8.3,no disclosure found,no disclosure found,no disclosure found,,,,,
Consolidated answer for F8.4,N/A,no,no,,,,,
Comments for F8.1 (explain score),Baidu search does not host user generated content so this element should be N/A for this service.,"Baidu Cloud ToS states, ""Baidu has the right to immediately terminate a part of the whole service to its users without a notification in advance.""  (Source 17, section 1.4) The ""service"" mentioned above may contain the content and account. In this regard, Baidu Cloud's ToS is the opposite of the criteria of this element.","Baidu PostBar lists the occasions where its administrators have the right to restrict content and accounts without notifications to authors in advance (Article 22/Source 7). Note that ""My Service Center"" clearly shows notifications if the user's content is revised or deleted by PostBar (source 25). But to access to the Center, the user must log in. According to the research methodology, disclosures about method of user notification that can only be seen when users are logged in cannot receive credit. ",,,,,
Comments for F8.2 (explain score),no disclosure found,no disclosure found,no disclosure found,,,,,
Comments for F8.3 (explain score),no disclosure found,no disclosure found,no disclosure found,,,,,
Comments for F8.4 (explain score),N/A,"Baidu Cloud ToS states, ""Baidu has the right to immediately terminate a part of the whole service to its users without a notification in advance.""  (Source 17, section 1.4) The ""service"" mentioned above may contain the content and account. In this regard, Baidu Cloud's ToS is the opposite of the criteria of this element.","""My Service Center"" clearly shows notifications if the user's account is restricted or if other abnormal situations occur (source 25). But to access the Center, the user must log in. And PostBar Agreement (source 7) says they have the right NOT to notify. Iinformation that is only visible when the user is logged in does not count toward the company's score.",,,,,
"Sources (reference, specific page, section, etc.)",Source 23,Source 17,"Source 7, 25",,,,,
,,,,,,,,
,,,,,,,,
Points for F8.1,exclude,0,0,,,,,
Points for F8.2,0,0,0,,,,,
Points for F8.3,0,0,0,,,,,
Points for F8.4,exclude,0,0,,,,,
,,,,,,,,
Level score:,0.00,0.00,0.00,,,,,
,,,,,,,,
Indicator score:,0.00,,,,,,,
,,,,,,,,
F9,Baidu Search,Baidu Cloud,Baidu PostBar,,,,,
Consolidated answer for F9.1,N/A,N/A,N/A,,,,,
Consolidated answer for F9.2,N/A,N/A,N/A,,,,,
Comments for F9.1 (explain score),N/A,N/A,N/A,,,,,
Comments for F9.2 (explain score),N/A,N/A,N/A,,,,,
"Sources (reference, specific page, section, etc.)",,,,,,,,
,,,,,,,,
,,,,,,,,
Points for F9.1,exclude,exclude,exclude,,,,,
Points for F9.2,exclude,exclude,exclude,,,,,
,,,,,,,,
Level score:,N/A,N/A,N/A,,,,,
,,,,,,,,
Indicator score:,N/A,,,,,,,
,,,,,,,,
F10,Baidu Search,Baidu Cloud,Baidu PostBar,,,,,
Consolidated answer for F10.1:,N/A,N/A,N/A,,,,,
Consolidated answer for F10.2:,N/A,N/A,N/A,,,,,
Consolidated answer for F10.2:,N/A,N/A,N/A,,,,,
Consolidated answer for F10.2:,N/A,N/A,N/A,,,,,
Consolidated answer for F10.2:,N/A,N/A,N/A,,,,,
Consolidated answer for F10.2:,N/A,N/A,N/A,,,,,
Consolidated answer for F10.2:,N/A,N/A,N/A,,,,,
Consolidated answer for F10.2:,N/A,N/A,N/A,,,,,
Comments for F10.1 (explain score),,,,,,,,
Comments for F10.2 (explain score),,,,,,,,
Comments for F10.3 (explain score),,,,,,,,
Comments for F10.4 (explain score),,,,,,,,
Comments for F10.5 (explain score),,,,,,,,
Comments for F10.6 (explain score),,,,,,,,
Comments for F10.7 (explain score),,,,,,,,
Comments for F10.8 (explain score),,,,,,,,
"Sources (reference, specific page, section, etc.)",,,,,,,,
,,,,,,,,
,,,,,,,,
Points for F10.1,exclude,exclude,exclude,,,,,
Points for F10.2,exclude,exclude,exclude,,,,,
Points for F10.3,exclude,exclude,exclude,,,,,
Points for F10.4,exclude,exclude,exclude,,,,,
Points for F10.5,exclude,exclude,exclude,,,,,
Points for F10.6,exclude,exclude,exclude,,,,,
Points for F10.7,exclude,exclude,exclude,,,,,
Points for F10.8,exclude,exclude,exclude,,,,,
,,,,,,,,
Level score:,N/A,N/A,N/A,,,,,
,,,,,,,,
Indicator score:,N/A,,,,,,,
,,,,,,,,
F11,Baidu Search,Baidu Cloud,Baidu PostBar,,,,,
Consolidated answer for F11.1,yes,yes,yes,,,,,
Comments for F11.1 (explain score),"Baidu ToS states, ""Users should register their accounts with authentic identities."" (Source 23, section 2.1)","Baidu ToS states, ""Users should register their accounts with authentic identities."" (Source 23, section 2.1)","Baidu ToS states, ""Users should register their accounts with authentic identities."" (Source 23, section 2.1) There is an appendix to the PostBar Agreement, named ""Promise on Self Regulation of Follow-up Post,"" (Source 11) stating that PostBar promises to ""require users to use authentic identities when registering their accounts and using follow-up posts services [comment threads on the Postbar posts]."" The content of this ""Promise"" can also be found on the sub-page of an online forum encouraging PostBar users to report suspicious ""follow-up posts"" [comments in comment threads] which might include forbidden behaviors listed in this ""Promise"" document. ",,,,,
"Sources (reference, specific page, section, etc.)",Source 23,Source 23,"Source 11, 23",,,,,
,,,,,,,,
,,,,,,,,
Points for F11.1,0,0,0,,,,,
,,,,,,,,
Level score:,0.00,0.00,0.00,,,,,
,,,,,,,,
Indicator score:,0.00,,,,,,,
,,,,,,,,
P1,Baidu Search,Baidu Cloud,Baidu PostBar,,,,,
Consolidated answer for P1.1:,yes,yes,yes,,,,,
Consolidated answer for P1.2:,yes,yes,yes,,,,,
Consolidated answer for P1.3:,partial,partial,partial,,,,,
Consolidated answer for P1.4:,N/A,N/A,N/A,,,,,
Comments for P1.1 (explain score),"The group level policies apply to Baidu Search, and so it receives the same score as the group level. On the footer of Baidu's homepage (www.baidu.com), there is a hyperlink titled ""must read before the use of Baidu"", which links to a page of statements including Privacy Protection Statement (Source 4).","The group level policies apply to Baidu Search, and so it receives the same score as the group level. On the footer of Baidu's homepage (www.baidu.com), there is a hyperlink titled ""must read before the use of Baidu"", which links to a page of statements including Privacy Protection Statement (Source 4).","The group level policies apply to Baidu Search, and so it receives the same score as the group level. On the footer of Baidu's homepage (www.baidu.com), there is a hyperlink titled ""must read before the use of Baidu"", which links to a page of statements including Privacy Protection Statement (Source 4).",,,,,
Comments for P1.2 (explain score),"The group level policies apply to Baidu Search, and so it receives the same score as the group level.  Baidu Privacy Protection Statement (Source 4) is available in Chinese, which is the major language spoken by its users.","The group level policies apply to Baidu Cloud, and so it receives the same score as the group level. Baidu Privacy Protection Statement (Source 4) is available in Chinese, which is the major language spoken by its users.","The group level policies apply to Baidu PostBar, and so it receives the same score as the group level. Baidu Privacy Protection Statement (Source 4) is available in Chinese, which is the major language spoken by its users.",,,,,
Comments for P1.3 (explain score),"The group level policies apply to Baidu Search, and so it receives the same score as the group level. The Privacy Protection Statement (Source 4) uses section headings. It uses an example to explain the concept of ""log data"". However, in order for the average user to understand the policy, it would require more examples and non-legal language. Thus it receives partial credit for this element.","The group level policies apply to Baidu Search, and so it receives the same score as the group level. The Privacy Protection Statement (Source 4) uses section headings. It uses an example to explain the concept of ""log data"". However, in order for the average user to understand the policy, it would require more examples and non-legal language. Thus it receives partial credit for this element.","The group level policies apply to Baidu Search, and so it receives the same score as the group level. The Privacy Protection Statement (Source 4) uses section headings. It uses an example to explain the concept of ""log data"". However, in order for the average user to understand the policy, it would require more examples and non-legal language. Thus it receives partial credit for this element.",,,,,
Comments for P1.4 (explain score),N/A,N/A,N/A,,,,,
"Sources (reference, specific page, section, etc.)",Source 4,Source 4,Source 4,,,,,
,,,,,,,,
,,,,,,,,
Points for P1.1,100,100,100,,,,,
Points for P1.2,100,100,100,,,,,
Points for P1.3,50,50,50,,,,,
Points for P1.4,exclude,exclude,exclude,,,,,
,,,,,,,,
Level score:,83.33,83.33,83.33,,,,,
,,,,,,,,
Indicator score:,83.33,,,,,,,
,,,,,,,,
P2,Baidu Search,Baidu Cloud,Baidu PostBar,,,,,
Consolidated answer for P2.1:,yes,yes,yes,,,,,
Consolidated answer for P2.2:,no,no,no,,,,,
Consolidated answer for P2.3:,no,no,no,,,,,
Consolidated answer for P2.4:,no disclosure found,no disclosure found,no disclosure found,,,,,
Consolidated answer for P2.5:,N/A,N/A,N/A,,,,,
Comments for P2.1 (explain score),"The Baidu Privacy Protection Statement (Source 4, Section 6) says it will disclose the changes in an obvious place on its website.","The Baidu Privacy Protection Statement (Source 4, Section 6) says it will disclose the changes in an obvious place on its website.","The Baidu Privacy Protection Statement (Source 4, Section 6) says it will disclose the changes in an obvious place on its website.",,,,,
Comments for P2.2 (explain score),"The Baidu Privacy Protection Statement (source 4) says the changes will be posted in an obvious place on the Baidu website.  This element seeks evidence that the company will provide direct notification. While in the case of search engines ""direct"" may include notification on the homepage, the disclosure does not specify homepage, only ""website"" which could mean that the notification may occur on a page that the user might not automatically visit in the course of using the service. Therefore the company's disclosure does not meet the requirements for credit on this element. ","The Baidu Privacy Protection Statement (source 4) says the changes will be posted in an obvious place on the Baidu website.  This element seeks evidence that the company will provide direct notification. In the case of this service, which requires the user to have an account with contact information including email address, notification somewhere on the website does not constitute ""direct."" Therefore the company's disclosure does not meet the requirements for credit on this element. ","The Baidu Privacy Protection Statement (source 4) says the changes will be posted in an obvious place on the Baidu website.  This element seeks evidence that the company will provide direct notification. In the case of this service, which requires the user to have an account with contact information including email address, notification somewhere on the website does not constitute ""direct."" Therefore the company's disclosure does not meet the requirements for credit on this element. ",,,,,
Comments for P2.3 (explain score),"No, the privacy policy (Source 4) does not specify a timeframe for prior notification. ","No, the privacy policy (Source 4) does not specify a timeframe for prior notification. ","No, the privacy policy (Source 4) does not specify a timeframe for prior notification. ",,,,,
Comments for P2.4 (explain score),No disclosure found.,No disclosure found.,No disclosure found.,,,,,
Comments for P2.5 (explain score),N/A,N/A,N/A,,,,,
"Sources (reference, specific page, section, etc.)",Source 4,Source 4,Source 4,,,,,
,,,,,,,,
,,,,,,,,
Points for P2.1,100,100,100,,,,,
Points for P2.2,0,0,0,,,,,
Points for P2.3,0,0,0,,,,,
Points for P2.4,0,0,0,,,,,
Points for P2.5,exclude,exclude,exclude,,,,,
,,,,,,,,
Level score:,25.00,25.00,25.00,,,,,
,,,,,,,,
Indicator score:,25.00,,,,,,,
,,,,,,,,
P3,Baidu Search,Baidu Cloud,Baidu PostBar,,,,,
Consolidated answer for P3.1,yes,yes,yes,,,,,
Consolidated answer for P3.2,yes,yes,partial,,,,,
Consolidated answer for P3.3,no disclosure found,no disclosure found,no disclosure found,,,,,
Consolidated answer for P3.4,N/A,N/A,N/A,,,,,
Consolidated answer for P3.5,N/A,N/A,N/A,,,,,
Comments for P3.1 (explain score),"The group level policies apply to Baidu Search, and so it receives the same score as the group level. The Baidu Privacy Protection Statement (Source 4) lists the types of user information it collects, including information users provide when they sign up for the service, log and device information (MAC, IMEI, etc.), cookies, as well as the definition and explanation of why and how this information is collected. The policy fulfills the criteria of this element.","The group level policies apply to Baidu Search, and so it receives the same score as the group level. The Baidu Privacy Protection Statement (Source 4) lists the types of user information it collects, including information users provide when they sign up for the service, log and device information (MAC, IMEI, etc.), cookies, as well as the definition and explanation of why and how this information is collected. The policy fulfills the criteria of this element.","The group level policies apply to Baidu Search, and so it receives the same score as the group level. The Baidu Privacy Protection Statement (Source 4) lists the types of user information it collects, including information users provide when they sign up for the service, log and device information (MAC, IMEI, etc.), cookies, as well as the definition and explanation of why and how this information is collected. The policy fulfills the criteria of this element.",,,,,
Comments for P3.2 (explain score),"The group level policies apply to Baidu Search, and so it receives the same score as the group level. Baidu discloses how it collects each type of information. For example, the privacy policy (Source 4) tells us that its system will automatically process the location information of the user's device when using Baidu's services that utilize device geolocation functions.","The group level policies apply to Baidu Cloud, and so it receives the same score as the group level. Baidu discloses how it collects each type of information. For example, the privacy policy (Source 4) tells us that its system will automatically process the location information of the user's device when using Baidu's services that utilize device geolocation functions.","While group level policies apply to Baidu PostBar, PostBar Agreement (source 7) § 43 mentions it collects some other information, mostly relevant to its game service, in addition to those specified in Baidu PP Statement (source 4). But it does not clearly disclose how it collects each type for this part of information.",,,,,
Comments for P3.3 (explain score),"The group level policies apply to Baidu Search, and so it receives the same score as the group level. The Baidu Privacy Protection Statement says the purpose of collecting user information is to improve service for users. But it does not say that the collection will be limited to such purpose.","The group level policies apply to Baidu Cloud, and so it receives the same score as the group level. The Baidu Privacy Protection Statement says the purpose of collecting user information is to improve service for users. But it does not say that the collection will be limited to such purpose.","The group level policies apply to Baidu PostBar, and so it receives the same score as the group level. The Baidu Privacy Protection Statement says the purpose of collecting user information is to improve service for users. But it does not say that the collection will be limited to such purpose.",,,,,
Comments for P3.4 (explain score),N/A,N/A,N/A,,,,,
Comments for P3.5 (explain score),N/A,N/A,N/A,,,,,
"Sources (reference, specific page, section, etc.)",Source 4,Source 4,Source 4,,,,,
,,,,,,,,
,,,,,,,,
Points for P3.1,100,100,100,,,,,
Points for P3.2,100,100,50,,,,,
Points for P3.3,0,0,0,,,,,
Points for P3.4,exclude,exclude,exclude,,,,,
Points for P3.5,exclude,exclude,exclude,,,,,
,,,,,,,,
Level score:,66.67,66.67,50.00,,,,,
,,,,,,,,
Indicator score:,61.11,,,,,,,
,,,,,,,,
P4,Baidu Search,Baidu Cloud,Baidu PostBar,,,,,
Consolidated answer for P4.1,no disclosure found,no disclosure found,no disclosure found,,,,,
Consolidated answer for P4.2,no disclosure found,no disclosure found,no disclosure found,,,,,
Consolidated answer for P4.3,yes,yes,yes,,,,,
Consolidated answer for P4.4,no disclosure found,no disclosure found,no disclosure found,,,,,
Consolidated answer for P4.5,N/A,N/A,N/A,,,,,
Consolidated answer for P4.6,N/A,N/A,N/A,,,,,
Comments for P4.1 (explain score),"The group level policies apply to Baidu Search. Baidu Privacy Protection Statement (Source 4) states, ""Baidu may together with its business partners provide you the service as you require or collectively present you content that you may be interested in. On the premise that the information is necessary for such a product/service, you agree that Baidu may share necessary information with them (business partners)."" However, the privacy policy does not clarify what types of information it may share.","The group level policies apply to Baidu Cloud. Baidu Privacy Protection Statement (Source 4) states, ""Baidu may together with its business partners provide you the service as you require or collectively present you content that you may be interested in. On the premise that the information is necessary for such a product/service, you agree that Baidu may share necessary information with them (business partners)."" However, the privacy policy does not clarify what types of information it may share..","The group level policies apply to Baidu PostBar. Baidu Privacy Protection Statement (Source 4) states, ""Baidu may together with its business partners provide you the service as you require or collectively present you content that you may be interested in. On the premise that the information is necessary for such a product/service, you agree that Baidu may share necessary information with them (business partners)."" However, the privacy policy does not clarify what types of information it may share..",,,,,
Comments for P4.2 (explain score),no disclosure found,no disclosure found,"PostBar Agreement (source 7) article 6 states that certain user information shared with PostBar in the course of registration or using the PostBar Exchange platform will be shared with other Baidu services such as Baidu Wallet and other affiliated companies if their services are related. However, types of information are not specified and no additional information on third parties is provided.",,,,,
Comments for P4.3 (explain score),"The group level policies apply to Baidu Search, and so it receives the same score as the group level. Baidu Privacy Protection Statement (Source 4) lists the possible occasions where Baidu may reveal its users' personal information, one of which is to fulfill the requirements of law, government regulations, legal process or upon the request of authorities.","The group level policies apply to Baidu Cloud, and so it receives the same score as the group level. Baidu Privacy Protection Statement (Source 4) lists the possible occasions where Baidu may reveal its users' personal information, one of which is to fulfill the requirements of law, government regulations, legal process or upon the request of authorities.","The group level policies apply to Baidu PostBar, and so it receives the same score as the group level. Baidu Privacy Protection Statement (Source 4) lists the possible occasions where Baidu may reveal its users' personal information, one of which is to fulfill the requirements of law, government regulations, legal process or upon the request of authorities.",,,,,
Comments for P4.4 (explain score),No disclosure found,No disclosure found,No disclosure found,,,,,
Comments for P4.5 (explain score),N/A,N/A,N/A,,,,,
Comments for P4.6 (explain score),N/A,N/A,N/A,,,,,
"Sources (reference, specific page, section, etc.)",Source 4,Source 4,"Source 4, 7",,,,,
,,,,,,,,
,,,,,,,,
Points for P4.1,0,0,0,,,,,
Points for P4.2,0,0,0,,,,,
Points for P4.3,100,100,100,,,,,
Points for P4.4,0,0,0,,,,,
Points for P4.5,exclude,exclude,exclude,,,,,
Points for P4.6,exclude,exclude,exclude,,,,,
,,,,,,,,
Level score:,25.00,25.00,25.00,,,,,
,,,,,,,,
Indicator score:,25.00,,,,,,,
,,,,,,,,
P5,Baidu Search,Baidu Cloud,Baidu PostBar,,,,,
Consolidated answer for P5.1:,partial,partial,partial,,,,,
Consolidated answer for P5.2:,no disclosure found,no disclosure found,yes,,,,,
Consolidated answer for P5.3:,no disclosure found,no disclosure found,no disclosure found,,,,,
Consolidated answer for P5.4:,no disclosure found,no disclosure found,no disclosure found,,,,,
Comments for P5.1 (explain score),"The group level policies apply to Baidu Search, and so it receives the same score as the group level. Baidu Privacy Protection Statement (Source 4) provides reasons to collect some types of information, such as collecting location data when you use the map service. However, it does not explain for some other cases or only makes a vague statement such as ""To provide better service for you."" For this reason, it receives partial credit.","The group level policies apply to Baidu Cloud, and so it receives the same score as the group level. Baidu Privacy Protection Statement (Source 4) provides reasons to collect some types of information, such as collecting location data when you use the map service. However, it does not explain for some other cases or only makes a vague statement such as ""To provide better service for you."" For this reason, it receives partial credit.","The group level privacy policies apply to Baidu PostBar, as specified in the PostBar Agreement (source 7, article 2) and so it receives the same score as the group level.
Baidu Privacy Protection Statement (Source 4) provides reasons to collect some types of information, such as collecting location data when you use the map service. However, it does not explain for some other cases or only makes a vague statement such as ""To provide better service for you."" For this reason, it receives partial credit.",,,,,
Comments for P5.2 (explain score),no disclosure found,no disclosure found,PostBar Agreement (source 7) article 6 expressly says certain user information shared with PostBar in the course of registration or using the PostBar Exchange platform will be shared with other Baidu services such as Baidu Wallet and other affiliated companies if their services are related.,,,,,
Comments for P5.3 (explain score),"The group level policies apply to Baidu Search, and so it receives the same score as the group level. Baidu Privacy Protection Statement (Source 4) states, ""Baidu may together with its business partners provide you the service as you require or collectively present you content that you may be interested in. On the premise that the information is necessary for such product/service, you agree that Baidu may share necessary information with them (business partners)."" The document does not specify its purpose of sharing for even one ""type"" of information, not to mention for ""each type.""  ","The group level policies apply to Baidu Cloud, and so it receives the same score as the group level. Baidu Privacy Protection Statement (Source 4) states, ""Baidu may together with its business partners provide you the service as you require or collectively present you content that you may be interested in. On the premise that the information is necessary for such product/service, you agree that Baidu may share necessary information with them (business partners)."" The document does not specify its purpose of sharing for even one ""type"" of information, not to mention for ""each type.""  ","The group level policies apply to PostBar, and so it receives the same score as the group level. Baidu Privacy Protection Statement (Source 4) states, ""Baidu may together with its business partners provide you the service as you require or collectively present you content that you may be interested in. On the premise that the information is necessary for such product/service, you agree that Baidu may share necessary information with them (business partners)."" The document does not specify its purpose of sharing for even one ""type"" of information, not to mention for ""each type.""  ",,,,,
Comments for P5.4 (explain score),no disclosure found,no disclosure found,no disclosure found,,,,,
"Sources (reference, specific page, section, etc.)",Source 4,Source 4,"Source 4, 7",,,,,
,,,,,,,,
,,,,,,,,
Points for P5.1,50,50,50,,,,,
Points for P5.2,0,0,100,,,,,
Points for P5.3,0,0,0,,,,,
Points for P5.4,0,0,0,,,,,
,,,,,,,,
Level score:,12.50,12.50,37.50,,,,,
,,,,,,,,
Indicator score:,20.83,,,,,,,
,,,,,,,,
P6,Baidu Search,Baidu Cloud,Baidu PostBar,,,,,
Consolidated answer for P6.1,no disclosure found,no disclosure found,no disclosure found,,,,,
Consolidated answer for P6.2,no disclosure found,no disclosure found,no disclosure found,,,,,
Consolidated answer for P6.3,no disclosure found,no disclosure found,no disclosure found,,,,,
Consolidated answer for P6.4,no disclosure found,no disclosure found,no disclosure found,,,,,
Consolidated answer for P6.5,no disclosure found,no disclosure found,no disclosure found,,,,,
Consolidated answer for P6.6,N/A,N/A,N/A,,,,,
Consolidated answer for P6.7,N/A,N/A,N/A,,,,,
Comments for P6.1 (explain score),no disclosure found,no disclosure found,no disclosure found,,,,,
Comments for P6.2 (explain score),no disclosure found,no disclosure found,no disclosure found,,,,,
Comments for P6.3 (explain score),no disclosure found,no disclosure found,no disclosure found,,,,,
Comments for P6.4 (explain score),no disclosure found,no disclosure found,no disclosure found,,,,,
Comments for P6.5 (explain score),no disclosure found,no disclosure found,no disclosure found,,,,,
Comments for P6.6 (explain score),N/A,N/A,N/A,,,,,
Comments for P6.7 (explain score),N/A,N/A,N/A,,,,,
"Sources (reference, specific page, section, etc.)",,,,,,,,
,,,,,,,,
,,,,,,,,
Points for P6.1,0,0,0,,,,,
Points for P6.2,0,0,0,,,,,
Points for P6.3,0,0,0,,,,,
Points for P6.4,0,0,0,,,,,
Points for P6.5,0,0,0,,,,,
Points for P6.6,exclude,exclude,exclude,,,,,
Points for P6.7,exclude,exclude,exclude,,,,,
,,,,,,,,
Level score:,0.00,0.00,0.00,,,,,
,,,,,,,,
Indicator score:,0.00,,,,,,,
,,,,,,,,
P7,Baidu Search,Baidu Cloud,Baidu PostBar,,,,,
Consolidated answer for P7.1,partial,partial,partial,,,,,
Consolidated answer for P7.2,no disclosure found,no disclosure found,no disclosure found,,,,,
Consolidated answer for P7.3,no disclosure found,no disclosure found,no disclosure found,,,,,
Consolidated answer for P7.4,no disclosure found,no disclosure found,no disclosure found,,,,,
Consolidated answer for P7.5,N/A,N/A,N/A,,,,,
Comments for P7.1 (explain score),"Baidu's Privacy Protection Statement (Source 4)  explains that users can restrict Baidu from collecting cookie-based personalized information. The policy has a link where users can opt out. However, this only describes options to control one type of information the company collects. For this reason, the company receives partial credit.","Baidu's Privacy Protection Statement (Source 4)  explains that users can restrict Baidu from collecting cookie-based personalized information. The policy has a link where users can opt out. However, this only describes options to control one type of information the company collects. For this reason, the company receives partial credit.","Baidu's Privacy Protection Statement (Source 4)  explains that users can restrict Baidu from collecting cookie-based personalized information. The policy has a link where users can opt out. However, this only describes options to control one type of information the company collects. For this reason, the company receives partial credit.",,,,,
Comments for P7.2 (explain score),No disclosure found,No disclosure found,No disclosure found,,,,,
Comments for P7.3 (explain score),No disclosure found,No disclosure found,No disclosure found,,,,,
Comments for P7.4 (explain score),No disclosure found,No disclosure found,No disclosure found,,,,,
Comments for P7.5 (explain score),N/A,N/A,N/A,,,,,
"Sources (reference, specific page, section, etc.)",4,4,4,,,,,
,,,,,,,,
,,,,,,,,
Points for P7.1,50,50,50,,,,,
Points for P7.2,0,0,0,,,,,
Points for P7.3,0,0,0,,,,,
Points for P7.4,0,0,0,,,,,
Points for P7.5,exclude,exclude,exclude,,,,,
,,,,,,,,
Level score:,12.50,12.50,12.50,,,,,
,,,,,,,,
Indicator score:,12.50,,,,,,,
,,,,,,,,
P8,Baidu Search,Baidu Cloud,Baidu PostBar,,,,,
Consolidated answer for P8.1,no disclosure found,no disclosure found,no disclosure found,,,,,
Consolidated answer for P8.2,no disclosure found,no disclosure found,no disclosure found,,,,,
Consolidated answer for P8.3,no disclosure found,no disclosure found,no disclosure found,,,,,
Consolidated answer for P8.4,no disclosure found,no disclosure found,no disclosure found,,,,,
Consolidated answer for P8.5,N/A,N/A,N/A,,,,,
Comments for P8.1 (explain score),No disclosure found.,No disclosure found.,No disclosure found.,,,,,
Comments for P8.2 (explain score),No disclosure found.,No disclosure found.,No disclosure found.,,,,,
Comments for P8.3 (explain score),No disclosure found.,No disclosure found.,No disclosure found.,,,,,
Comments for P8.4 (explain score),No disclosure found.,No disclosure found.,No disclosure found.,,,,,
Comments for P8.5 (explain score),N/A,N/A,N/A,,,,,
"Sources (reference, specific page, section, etc.)",,,,,,,,
,,,,,,,,
,,,,,,,,
Points for P8.1,0,0,0,,,,,
Points for P8.2,0,0,0,,,,,
Points for P8.3,0,0,0,,,,,
Points for P8.4,0,0,0,,,,,
Points for P8.5,exclude,exclude,exclude,,,,,
,,,,,,,,
Level score:,0.00,0.00,0.00,,,,,
,,,,,,,,
Indicator score:,0.00,,,,,,,
,,,,,,,,
P9,Baidu Search,Baidu Cloud,Baidu PostBar,,,,,
Consolidated answer for P9.1,no disclosure found,no disclosure found,no disclosure found,,,,,
Consolidated answer for P9.2,no disclosure found,no disclosure found,no disclosure found,,,,,
Consolidated answer for P9.3,no disclosure found,no disclosure found,no disclosure found,,,,,
Consolidated answer for P9.4,no disclosure found,no disclosure found,no disclosure found,,,,,
Consolidated answer for P9.5,no disclosure found,no disclosure found,no disclosure found,,,,,
Comments for P9.1 (explain score),No disclosure found.,No disclosure found.,No disclosure found.,,,,,
Comments for P9.2 (explain score),No disclosure found.,No disclosure found.,No disclosure found.,,,,,
Comments for P9.3 (explain score),No disclosure found.,No disclosure found.,No disclosure found.,,,,,
Comments for P9.4 (explain score),No disclosure found.,No disclosure found.,No disclosure found.,,,,,
Comments for P9.5 (explain score),No disclosure found.,No disclosure found.,No disclosure found.,,,,,
"Sources (reference, specific page, section, etc.)",,,,,,,,
,,,,,,,,
,,,,,,,,
Points for P9.1,0,0,0,,,,,
Points for P9.2,0,0,0,,,,,
Points for P9.3,0,0,0,,,,,
Points for P9.4,0,0,0,,,,,
Points for P9.5,0,0,0,,,,,
,,,,,,,,
Level score:,0.00,0.00,0.00,,,,,
,,,,,,,,
Indicator score:,0.00,,,,,,,
,,,,,,,,
P10,Baidu Search,Baidu Cloud,Baidu PostBar,,,,,
Consolidated answer for P10.1,no disclosure found,no disclosure found,no disclosure found,,,,,
Consolidated answer for P10.2,no disclosure found,no disclosure found,no disclosure found,,,,,
Consolidated answer for P10.3,no disclosure found,no disclosure found,no disclosure found,,,,,
Consolidated answer for P10.4,no disclosure found,no disclosure found,yes,,,,,
Consolidated answer for P10.5,no disclosure found,no disclosure found,no disclosure found,,,,,
Consolidated answer for P10.6,no disclosure found,no disclosure found,no disclosure found,,,,,
Consolidated answer for P10.7,no disclosure found,no disclosure found,no disclosure found,,,,,
Consolidated answer for P10.8,no disclosure found,no disclosure found,no disclosure found,,,,,
Consolidated answer for P10.9,no disclosure found,no disclosure found,no disclosure found,,,,,
Consolidated answer for P10.10,no disclosure found,no disclosure found,no disclosure found,,,,,
Consolidated answer for P10.11,no disclosure found,no disclosure found,no disclosure found,,,,,
Consolidated answer for P10.12,no disclosure found,no disclosure found,no disclosure found,,,,,
Comments for P10.1 (explain score),"Baidu Privacy Protection Statement (Source 4) lists the possible occasions where Baidu may reveal its users' personal information, one of which is to fulfill the requirements by law, government regulations, legal process or upon the requirement by authorities. However, this is not a disclosure of the process for responding requests.","Baidu Privacy Protection Statement (Source 4) lists the possible occasions where Baidu may reveal its users' personal information, one of which is to fulfill the requirements by law, government regulations, legal process or upon the requirement by authorities. However, this is not a disclosure of the process for responding requests.","Baidu PostBar User Agreement (Source 7, section 2.6) refers the user to the Baidu Privacy Protection and states that it applies to PostBar.  Baidu Privacy Protection Statement (Source 4) lists the possible occasions where Baidu may reveal its users' personal information, one of which is to fulfill the requirements by law, government regulations, legal process or upon the requirement by authorities. However, this is not a disclosure of the process for responding requests.",,,,,
Comments for P10.2 (explain score),no disclosure found,no disclosure found,no disclosure found,,,,,
Comments for P10.3 (explain score),no disclosure found,no disclosure found,no disclosure found,,,,,
Comments for P10.4 (explain score),"The Baidu Privacy Protection Statement (Source 4, section 3.3) after describing the circumstances under which user information might be shared with affiliated services and companies at user consent for the purpose of providing desired service of the user, concludes with the statement: ""other than these, Baidu will not share or provide information with any unrelated third party."" While this does not directly say that the company will not entertain private requests, it is implied. However it is somewhat contradicted by section 3.5 which lists academic research as a reason why user information might be shared - without clarifying whether or not information requested by and provided to academics might contain information that might be used to identify individuals. Given that it's not clear whether this information applies to requests for user information, no credit is given.","The Baidu Privacy Protection Statement (Source 4, section 3.3) after describing the circumstances under which user information might be shared with affiliated services and companies at user consent for the purpose of providing desired service of the user, concludes with the statement: ""other than these, Baidu will not share or provide information with any unrelated third party."" While this does not directly say that the company will not entertain private requests, it is implied. However it is somewhat contradicted by section 3.5 which lists academic research as a reason why user information might be shared - without clarifying whether or not information requested by and provided to academics might contain information that might be used to identify individuals. Given that it's not clear whether this information applies to requests for user information, no credit is given.","PostBar User Agreement (Source 7, Section 2.6) states that the service ""does not entertain any inquiries from any individuals or organizations, with the exception of government entities acting under legal authority and material that the user has chosen to make public."" In stating that the service does not entertain private requests it fulfills the requirement of this indicator. ",,,,,
Comments for P10.5 (explain score),no disclosure found,no disclosure found,no disclosure found,,,,,
Comments for P10.6 (explain score),"Baidu Privacy Protection Statement (Source 4, section 3.5) lists situations where Baidu may release user information, such as: with the user's prior consent, law, requirement by government, academic research, public interest, etc. This does not clearly disclose the basis for complying, nor does it specify whether this applies to requests for user information. Therefore no credit is given.","Baidu Privacy Protection Statement (Source 4, section 3.5) lists situations where Baidu may release user information, such as: with the user's prior consent, law, requirement by government, academic research, public interest, etc. This does not clearly disclose the basis for complying, nor does it specify whether this applies to requests for user information. Therefore no credit is given.","Baidu Privacy Protection Statement (Source 4, section 3.5) lists situations where Baidu may release user information, such as: with the user's prior consent, law, requirement by government, academic research, public interest, etc. But this is not specific enough. Also, it appears to potentially contradict or at least raises questions about the statement in the PostBar User Agreement about not sharing with private third parties. Thus no credit is given.",,,,,
Comments for P10.7 (explain score),no disclosure found,no disclosure found,no disclosure found,,,,,
Comments for P10.8 (explain score),no disclosure found,no disclosure found,no disclosure found,,,,,
Comments for P10.9 (explain score),no disclosure found,no disclosure found,no disclosure found,,,,,
Comments for P10.10 (explain score),no disclosure found,no disclosure found,no disclosure found,,,,,
Comments for P10.11 (explain score),no disclosure found,no disclosure found,no disclosure found,,,,,
Comments for P10.12 (explain score),no disclosure found,no disclosure found,no disclosure found,,,,,
"Sources (reference, specific page, section, etc.)",source 4,source 4,"Source 4, 7",,,,,
,,,,,,,,
,,,,,,,,
Points for P10.1,0,0,0,,,,,
Points for P10.2,0,0,0,,,,,
Points for P10.3,0,0,0,,,,,
Points for P10.4,0,0,100,,,,,
Points for P10.5,0,0,0,,,,,
Points for P10.6,0,0,0,,,,,
Points for P10.7,0,0,0,,,,,
Points for P10.8,0,0,0,,,,,
Points for P10.9,0,0,0,,,,,
Points for P10.10,0,0,0,,,,,
Points for P10.11,0,0,0,,,,,
Points for P10.12,0,0,0,,,,,
,,,,,,,,
Level score:,0.00,0.00,8.33,,,,,
,,,,,,,,
Indicator score:,2.78,,,,,,,
,,,,,,,,
P11,Baidu Search,Baidu Cloud,Baidu PostBar,,,,,
Consolidated answer for P11.1,no disclosure found,no disclosure found,no disclosure found,,,,,
Consolidated answer for P11.2,no disclosure found,no disclosure found,no disclosure found,,,,,
Consolidated answer for P11.3,no disclosure found,no disclosure found,no disclosure found,,,,,
Consolidated answer for P11.4,no disclosure found,no disclosure found,no disclosure found,,,,,
Consolidated answer for P11.5,no disclosure found,no disclosure found,no disclosure found,,,,,
Consolidated answer for P11.6,no disclosure found,no disclosure found,no disclosure found,,,,,
Consolidated answer for P11.7,no disclosure found,no disclosure found,no disclosure found,,,,,
Consolidated answer for P11.8,no disclosure found,no disclosure found,no disclosure found,,,,,
Consolidated answer for P11.9,no disclosure found,no disclosure found,no disclosure found,,,,,
Consolidated answer for P11.10,no disclosure found,no disclosure found,no disclosure found,,,,,
Consolidated answer for P11.11,no disclosure found,no disclosure found,no disclosure found,,,,,
Comments for P11.1 (explain score),no disclosure found,no disclosure found,no disclosure found,,,,,
Comments for P11.2 (explain score),no disclosure found,no disclosure found,no disclosure found,,,,,
Comments for P11.3 (explain score),no disclosure found,no disclosure found,no disclosure found,,,,,
Comments for P11.4 (explain score),no disclosure found,no disclosure found,no disclosure found,,,,,
Comments for P11.5 (explain score),no disclosure found,no disclosure found,no disclosure found,,,,,
Comments for P11.6 (explain score),no disclosure found,no disclosure found,no disclosure found,,,,,
Comments for P11.7 (explain score),no disclosure found,no disclosure found,no disclosure found,,,,,
Comments for P11.8 (explain score),no disclosure found,no disclosure found,no disclosure found,,,,,
Comments for P11.9 (explain score),no disclosure found,no disclosure found,no disclosure found,,,,,
Comments for P11.10 (explain score),no disclosure found,no disclosure found,no disclosure found,,,,,
Comments for P11.11 (explain score),no disclosure found,no disclosure found,no disclosure found,,,,,
"Sources (reference, specific page, section, etc.)",,,,,,,,
,,,,,,,,
,,,,,,,,
Points for P11.1,0,0,0,,,,,
Points for P11.2,0,0,0,,,,,
Points for P11.3,0,0,0,,,,,
Points for P11.4,0,0,0,,,,,
Points for P11.5,0,0,0,,,,,
Points for P11.6,0,0,0,,,,,
Points for P11.7,0,0,0,,,,,
Points for P11.8,0,0,0,,,,,
Points for P11.9,0,0,0,,,,,
Points for P11.10,0,0,0,,,,,
Points for P11.11,0,0,0,,,,,
,,,,,,,,
Level score:,0.00,0.00,0.00,,,,,
,,,,,,,,
Indicator score:,0.00,,,,,,,
,,,,,,,,
P12,Baidu Search,Baidu Cloud,Baidu PostBar,,,,,
Consolidated answer for P12.1,no disclosure found,no disclosure found,no disclosure found,,,,,
Consolidated answer for P12.2,no disclosure found,no disclosure found,no disclosure found,,,,,
Consolidated answer for P12.3,no disclosure found,no disclosure found,no disclosure found,,,,,
Comments for P12.1 (explain score),no disclosure found,no disclosure found,no disclosure found,,,,,
Comments for P12.2 (explain score),no disclosure found,no disclosure found,no disclosure found,,,,,
Comments for P12.3 (explain score),no disclosure found,no disclosure found,no disclosure found,,,,,
"Sources (reference, specific page, section, etc.)",,,,,,,,
,,,,,,,,
,,,,,,,,
Points for P12.1,0,0,0,,,,,
Points for P12.2,0,0,0,,,,,
Points for P12.3,0,0,0,,,,,
,,,,,,,,
Level score:,0.00,0.00,0.00,,,,,
,,,,,,,,
Indicator score:,0.00,,,,,,,
,,,,,,,,
P13,Baidu Search,Baidu Cloud,Baidu PostBar,,,,,
Consolidated answer for P13.1,no disclosure found,no disclosure found,no disclosure found,,,,,
Consolidated answer for P13.2,no disclosure found,no disclosure found,no disclosure found,,,,,
Consolidated answer for P13.3,no disclosure found,no disclosure found,no disclosure found,,,,,
Comments for P13.1 (explain score),no disclosure found,no disclosure found,no disclosure found,,,,,
Comments for P13.2 (explain score),no disclosure found,no disclosure found,no disclosure found,,,,,
Comments for P13.3 (explain score),no disclosure found,no disclosure found,no disclosure found,,,,,
"Sources (reference, specific page, section, etc.)",,,,,,,,
,,,,,,,,
,,,,,,,,
Points for P13.1,0,0,0,,,,,
Points for P13.2,0,0,0,,,,,
Points for P13.3,0,0,0,,,,,
,,,,,,,,
Level score:,0.00,0.00,0.00,,,,,
,,,,,,,,
Indicator score:,0.00,,,,,,,
,,,,,,,,
P14,Baidu Search,Baidu Cloud,Baidu PostBar,,,,,
Consolidated answer for P14.1,no disclosure found,no disclosure found,no disclosure found,,,,,
Consolidated answer for P14.2,no disclosure found,no disclosure found,no disclosure found,,,,,
Consolidated answer for P14.3,no disclosure found,no disclosure found,no disclosure found,,,,,
Consolidated answer for P14.4,N/A,N/A,N/A,,,,,
Consolidated answer for P14.5,N/A,N/A,N/A,,,,,
Consolidated answer for P14.6,N/A,N/A,N/A,,,,,
Consolidated answer for P14.7,N/A,N/A,N/A,,,,,
Consolidated answer for P14.8,N/A,N/A,N/A,,,,,
Consolidated answer for P14.9,N/A,N/A,N/A,,,,,
Comments for P14.1 (explain score),no disclosure found,no disclosure found,no disclosure found,,,,,
Comments for P14.2 (explain score),no disclosure found,no disclosure found,no disclosure found,,,,,
Comments for P14.3 (explain score),no disclosure found,no disclosure found,no disclosure found,,,,,
Comments for P14.4 (explain score),N/A,N/A,N/A,,,,,
Comments for P14.5 (explain score),N/A,N/A,N/A,,,,,
Comments for P14.6 (explain score),N/A,N/A,N/A,,,,,
Comments for P14.7 (explain score),N/A,N/A,N/A,,,,,
Comments for P14.8 (explain score),N/A,N/A,N/A,,,,,
Comments for P14.9 (explain score),N/A,N/A,N/A,,,,,
"Sources (reference, specific page, section, etc.)",,,,,,,,
,,,,,,,,
,,,,,,,,
Points for P14.1,0,0,0,,,,,
Points for P14.2,0,0,0,,,,,
Points for P14.3,0,0,0,,,,,
Points for P14.4,exclude,exclude,exclude,,,,,
Points for P14.5,exclude,exclude,exclude,,,,,
Points for P14.6,exclude,exclude,exclude,,,,,
Points for P14.7,exclude,exclude,exclude,,,,,
Points for P14.8,exclude,exclude,exclude,,,,,
Points for P14.9,exclude,exclude,exclude,,,,,
,,,,,,,,
Level score:,0.00,0.00,0.00,,,,,
,,,,,,,,
Indicator score:,0.00,,,,,,,
,,,,,,,,
P15,Baidu Search,Baidu Cloud,Baidu PostBar,,,,,
Consolidated answer for P15.1,no disclosure found,no disclosure found,no disclosure found,,,,,
Consolidated answer for P15.2,no disclosure found,no disclosure found,no disclosure found,,,,,
Consolidated answer for P15.3,no disclosure found,no disclosure found,no disclosure found,,,,,
Comments for P15.1 (explain score),no disclosure found,no disclosure found,no disclosure found,,,,,
Comments for P15.2 (explain score),no disclosure found,no disclosure found,no disclosure found,,,,,
Comments for P15.3 (explain score),no disclosure found,no disclosure found,no disclosure found,,,,,
"Sources (reference, specific page, section, etc.)",,,,,,,,
,,,,,,,,
,,,,,,,,
Points for P15.1,0,0,0,,,,,
Points for P15.2,0,0,0,,,,,
Points for P15.3,0,0,0,,,,,
,,,,,,,,
Level score:,0.00,0.00,0.00,,,,,
,,,,,,,,
Indicator score:,0.00,,,,,,,
,,,,,,,,
P16,Baidu Search,Baidu Cloud,Baidu PostBar,,,,,
Consolidated answer for P16.1,no disclosure found,no disclosure found,no disclosure found,,,,,
Consolidated answer for P16.2,no disclosure found,no disclosure found,no disclosure found,,,,,
Consolidated answer for P16.3,no disclosure found,no disclosure found,no disclosure found,,,,,
Consolidated answer for P16.4,no disclosure found,no disclosure found,no disclosure found,,,,,
Comments for P16.1 (explain score),no disclosure found,no disclosure found,no disclosure found,,,,,
Comments for P16.2 (explain score),no disclosure found,no disclosure found,no disclosure found,,,,,
Comments for P16.3 (explain score),no disclosure found,no disclosure found,no disclosure found,,,,,
Comments for P16.4 (explain score),no disclosure found,no disclosure found,no disclosure found,,,,,
"Sources (reference, specific page, section, etc.)",,,,,,,,
,,,,,,,,
,,,,,,,,
Points for P16.1,0,0,0,,,,,
Points for P16.2,0,0,0,,,,,
Points for P16.3,0,0,0,,,,,
Points for P16.4,0,0,0,,,,,
,,,,,,,,
Level score:,0.00,0.00,0.00,,,,,
,,,,,,,,
Indicator score:,0.00,,,,,,,
,,,,,,,,
P17,Baidu Search,Baidu Cloud,Baidu PostBar,,,,,
Consolidated answer for P17.1,yes,yes,yes,,,,,
Consolidated answer for P17.2,no,no,no,,,,,
Consolidated answer for P17.3,no,no,no,,,,,
Comments for P17.1 (explain score),"Baidu User Agreement (source 23, section 2.2) says, to protect security of the user's account, Baidu might use different verification methods to identify the user, such as password plus ""check code"" (last digits of the user's national ID which is possible due to the platform's real ID requirement) when the system detects a login from a new device. Baidu PP Statement (source 4), ""Data Security"" Section, asks users to use the password protection tools provided on ""passport.baidu.com"" to secure their information. And passport.baidu.com provides various tools, such as, mobile binding, email box binding, security questions, special log-in protection, etc. ","Baidu User Agreement (source 23, section 2.2) says, to protect security of the user's account, Baidu might use different verification methods to identify the user, such as password plus ""check code"" (last digits of the user's national ID which is possible due to the platform's real ID requirement) when the system detects a login from a new device. Baidu PP Statement (source 4), ""Data Security"" Section, asks users to use the password protection tools provided on ""passport.baidu.com"" to secure their information. And passport.baidu.com provides various tools, such as, mobile binding, email box binding, security questions, special log-in protection, etc. ","Baidu User Agreement (source 23, section 2.2) says, to protect security of the user's account, Baidu might use different verification methods to identify the user, such as password plus ""check code"" (last digits of the user's national ID which is possible due to the platform's real ID requirement) when the system detects a login from a new device. Baidu PP Statement (source 4), ""Data Security"" Section, asks users to use the password protection tools provided on ""passport.baidu.com"" to secure their information. And passport.baidu.com provides various tools, such as, mobile binding, email box binding, security questions, special log-in protection, etc. ",,,,,
Comments for P17.2 (explain score),"Baidu users can check their login history on the dashboard (Source 24, accessible only when logged in to a valid account), including the day and time, city, IP (the last two digits concealed), type of browser, method of login (username/email/ID), device (desktop/mobile/tablet). However, this service is not publicly disclosed to people who do not have a Baidu account and who are not logged in. Therefore the company does not meet the public disclosure requirement to receive credit on this element. ","Baidu users can check their login history on the dashboard (Source 24, accessible only when logged in to a valid account), including the day and time, city, IP (the last two digits concealed), type of browser, method of login (username/email/ID), device (desktop/mobile/tablet). However, this service is not publicly disclosed to people who do not have a Baidu account and who are not logged in. Therefore the company does not meet the public disclosure requirement to receive credit on this element. ","Baidu users can check their login history on the dashboard (Source 24, accessible only when logged in to a valid account), including the day and time, city, IP (the last two digits concealed), type of browser, method of login (username/email/ID), device (desktop/mobile/tablet). However, this service is not publicly disclosed to people who do not have a Baidu account and who are not logged in. Therefore the company does not meet the public disclosure requirement to receive credit on this element. ",,,,,
Comments for P17.3 (explain score),"Baidu Account Setting (source 24, visible only when logged into a valid account) shows, in an obvious position, that users can set up three different levels (in-box notice, email notice, and text message notice) of security notifications for unusual account activity. But this information can be seen only after users login, and is not mentioned in either Baidu User Agreement or the Privacy Statement. Therefore the company does not meet disclosure requirements to receive credit on this indicator.","Baidu Account Setting (source 24, visible only when logged into a valid account) shows, in an obvious position, that users can set up three different levels (in-box notice, email notice, and text message notice) of security notifications for unusual account activity. But this information can be seen only after users login, and is not mentioned in either Baidu User Agreement or the Privacy Statement. Therefore the company does not meet disclosure requirements to receive credit on this indicator.","Baidu Account Setting (source 24, visible only when logged into a valid account) shows, in an obvious position, that users can set up three different levels (in-box notice, email notice, and text message notice) of security notifications for unusual account activity. But this information can be seen only after users login, and is not mentioned in either Baidu User Agreement or the Privacy Statement. Therefore the company does not meet disclosure requirements to receive credit on this indicator.",,,,,
"Sources (reference, specific page, section, etc.)","Source 23, 24","Source 23, 24","Source 23, 24",,,,,
,,,,,,,,
,,,,,,,,
Points for P17.1,100,100,100,,,,,
Points for P17.2,0,0,0,,,,,
Points for P17.3,0,0,0,,,,,
,,,,,,,,
Level score:,33.33,33.33,33.33,,,,,
,,,,,,,,
Indicator score:,33.33,,,,,,,
,,,,,,,,
P18,Baidu Search,Baidu Cloud,Baidu PostBar,,,,,
Consolidated answer for P18.1,partial,partial,partial,,,,,
Comments for P18.1 (explain score),"On the Baidu help page, a search on keywords such as ""security"" reveals a list of FAQ posts containing instructions to users about how to protect themselves from a range of risks relevant to Baidu services or products (source 28). But this information can only be found if one knows to search for certain key words; there is no link or notice in a prominent place that all users would be likely to see informing them of the existence of such information. Therefore the company receives only ""partial"" for this element.","On the Baidu help page, a search on keywords such as ""security"" reveals a list of FAQ posts containing instructions to users about how to protect themselves from a range of risks relevant to Baidu services or products (source 28). But this information can only be found if one knows to search for certain key words; there is no link or notice in a prominent place that all users would be likely to see informing them of the existence of such information. Therefore the company receives only ""partial"" for this element.","On the Baidu help page, a search on keywords such as ""security"" reveals a list of FAQ posts containing instructions to users about how to protect themselves from a range of risks relevant to Baidu services or products (source 28). But this information can only be found if one knows to search for certain key words; there is no link or notice in a prominent place that all users would be likely to see informing them of the existence of such information. Therefore the company receives only ""partial"" for this element.",,,,,
"Sources (reference, specific page, section, etc.)",Source 28,Source 28,Source 28,,,,,
,,,,,,,,
,,,,,,,,
Points for P18.1,50,50,50,,,,,
,,,,,,,,
Level score:,50.00,50.00,50.00,,,,,
,,,,,,,,
Indicator score:,50.00,,,,,,,