Source reference number,Document title,URL,Date of document (if applicable),Date accessed
1,Conditions générales d’abonnement au service téléphonique fixe (fixed telephony ToS),http://boutique.orange.fr/doc/contrat2436.pdf,7/12/2016,9/20/2016
2,Conditions générales d’abonnement au service téléphonique Orange Internet,http://boutique.orange.fr/doc/contrat3507.pdf,5/21/2015,9/20/2016
3,"The Net Neutrality debate: Orange
defends a sustainable and open public internet for all consumers ",http://www.orange.com/en/content/download/2360/89457/version/11/file/Net_Neutrality_Orange+position_july+2014.pdf,7/1/2014,9/21/2016
4,Conditions générales d’abonnement Découverte,http://boutique.orange.fr/doc/contrat1757.pdf,7/12/2016,9/20/2016
5,Conditions générales d’abonnement de l’offre sociale internet,http://boutique.orange.fr/doc/contrat3512.pdf,4/7/2016,9/20/2016
6,Conditions générales des offres Livebox,http://boutique.orange.fr/doc/contrat4783.pdf,8/18/2016,9/20/2016
7,"Conditions générales d’abonnement
de l’offre mobile Orange ",http://boutique.orange.fr/doc/contrat2006.pdf,7/12/2016,9/20/2016
8,"ORANGE TRANSPARENCY REPORT
ON FREEDOM OF EXPRESSION AND PRIVACY PROTECTION",http://www.orange.com/en/content/download/37558/1150696/version/2/file/Transparency+report+on+freedom+of+speach+and+privacy.pdf,2015,9/21/2016
9,Report on the implementation of Industry Dialogue principles,http://www.orange.com/en/Responsibility/Commitment/Human-rights/Industry-Dialogue,,9/29/2016
10,La Charte d’Orange relative à la protection des données personnelles et de la vie privée [eng: Orange charter for personal ata protection and privacy],http://c.orange.fr/Charte-Orange-relative-a-la-protection-des-donnees-personnelles-et-de-la-vie-privee.pdf; https://bienvivreledigital.orange.fr/mes-donnees-mon-identite/charte-protection-des-donnees-personnelles-et-de-la-vie-privee ,"January 2010, last updated in december 2014",9/22/2016
11,2015 CSR report,http://www.orange.com/fr/content/download/37532/1150176/version/2/file/Bilan+2015_VA-final.pdf,2015,9/28/2016
12,Bien vivire le digital,https://bienvivreledigital.orange.fr/mes-donnees-mon-identite,N/A,9/28/2016
13,"Human rights, mapping risk situations",http://www.orange.com/en/actus-courtes-tuiles/responsibility/actions/Engagements/Maplecroft-Impact-Study,4/9/2015,9/28/2016
14,Board comittees ,http://www.orange.com/en/About/Governance/Board-committees,3/5/2015,9/28/2016
15,Code of ethics,http://www.orange.com/en/content/download/4813/67906/version/12/file/CHARTE-DE-DEONTOLOGIE_03-10_VA.pdf,N/A,9/28/2016
16,About our initiative ,http://www.telecomindustrydialogue.org/about/,N/A,9/28/2016
17,2014 review,http://www.orange.com/en/Responsibility/reporting/2014/2014-review,6/5/2015,9/29/2016
18,Mouna Sepehri,http://www.orange.com/en/About/Governance/Board-of-Directors/biographies/Mouna-Sepehri,3/5/2015,9/29/2016
19,"The digital world, caring for human rights",http://www.orange.com/en/Responsibility/Commitment/Human-rights,5/31/2016,9/29/2016
20,Mobile Subscription conditions (outdated),http://mobile.orange.fr/images/ge/high/themege/pdf/conditions_abonnement.pdf,dated 2005 when checking the date on the PDF file,9/30/2016
21,Panier - Orange Holiday (page 1),http://boutique.orange.fr/mobiles/panier.aspx,,10/25/2016
22,Panier - Orange Holiday (page 2),https://boutique.orange.fr/commande-coordonnees,,10/25/2016
23,Panier - Mobicarte (page 1),http://boutique.orange.fr/mobiles/panier.aspx,,10/25/2016
24,Panier - Mobicarte (page 2),https://boutique.orange.fr/commande-coordonnees,,10/25/2016
25,Privacy Policy,http://www.orange.com/en/Footer/legal-matters/legal/privacy-policy,3/5/2015,10/25/2016
26,Politique relative au respect de la vie privee,http://www.orange.com/fr/Footer/Mentions-legales/legal/politique-relative-au-respect-de-la-vie-privee,3/5/2015,10/25/2016
27,GNI - Industry Dialogue observers announcement,https://www.globalnetworkinitiative.org/news/global-network-initiative-and-telecommunications-industry-dialogue-join-forces-advance-freedom,2/1/2016,11/14/2016
28,Données personnelles : exercer votre droit de rectification et d’opposition,https://assistance.orange.fr/assistance-commerciale/la-gestion-des-informations-personnelles/gerer-les-donnees-personnelles/donnees-personnelles-exercer-votre-droit-de-rectification-et-d-opposition_79793-80800#onglet2,,1/29/2016