,Result,Google (group),Google (group) - FoE (G-indicators),Google (group) - Privacy (G-indicators),Search,Search (service) - FoE (G-indicators),Search (service) - Privacy (G-indicators),Gmail,Gmail (service) - FoE (G-indicators),Gmail (service) - Privacy (G-indicators),YouTube,YouTube (service) - FoE (G-indicators),YouTube (service) - Privacy (G-indicators),Android mobile ecosystem,Android mobile ecosystem (service) - FoE (G-indicators),Android mobile ecosystem (service) - Privacy (G-indicators)
G1. Policy Commitment,100.00,100.00,100.00,100.00,100.00,,,100.00,,,100.00,,,100.00,,
G2. Governance and management oversight,33.33,33.33,33.33,33.33,33.33,33.33,33.33,33.33,33.33,33.33,33.33,33.33,33.33,33.33,33.33,33.33
G3. Internal implementation,100.00,100.00,100.00,100.00,100.00,100.00,100.00,100.00,100.00,100.00,100.00,100.00,100.00,100.00,100.00,100.00
G4. Impact assessment,66.67,66.67,61.11,72.22,66.67,61.11,72.22,66.67,61.11,72.22,66.67,61.11,72.22,66.67,61.11,72.22
G5. Stakeholder engagement,100.00,100.00,100.00,100.00,100.00,,,100.00,,,100.00,,,100.00,,
G6. Remedy,26.25,0.00,0.00,0.00,30.00,20.00,40.00,20.00,20.00,20.00,35.00,40.00,30.00,20.00,20.00,20.00
F1. Access to terms of service,87.50,,,,100.00,,,100.00,,,83.33,,,66.67,,
F2. Changes to terms of service,53.13,,,,75.00,,,75.00,,,12.50,,,50.00,,
F3. Process for terms of service enforcement,71.37,,,,58.33,,,70.00,,,85.71,,,71.43,,
F4. Data about terms of service enforcement,4.17,,,,0.00,,,0.00,,,16.67,,,0.00,,
F5. Process for responding to third-party requests for content or account restriction,95.83,,,,95.83,,,N/A,,,95.83,,,95.83,,
F6. Data about government requests for content or account restriction,82.96,,,,88.89,,,N/A,,,80.00,,,80.00,,
F7. Data about private requests for content or account restriction,25.00,,,,75.00,,,N/A,,,0.00,,,0.00,,
F8. User notification about content and account restriction,37.50,,,,50.00,,,0.00,,,75.00,,,25.00,,
F9. Network management (telecommunications companies),N/A,,,,N/A,,,N/A,,,N/A,,,N/A,,
F10. Network shutdown (telecommunications companies),N/A,,,,N/A,,,N/A,,,N/A,,,N/A,,
F11. Identity policy,83.33,,,,N/A,,,100.00,,,100.00,,,50.00,,
P1. Access to privacy policies,93.75,,,,100.00,,,100.00,,,100.00,,,75.00,,
P2. Changes to privacy policies,59.38,,,,62.50,,,62.50,,,62.50,,,50.00,,
P3. Collection of user information,60.00,,,,66.67,,,66.67,,,66.67,,,40.00,,
P4. Sharing of user information,45.83,,,,50.00,,,50.00,,,50.00,,,33.33,,
P5. Purpose for collecting and sharing user information,75.00,,,,75.00,,,75.00,,,75.00,,,75.00,,
P6. Retention of user information,26.07,,,,30.00,,,30.00,,,30.00,,,14.29,,
P7. Users’ control over their own user information,35.63,,,,37.50,,,37.50,,,37.50,,,30.00,,
P8. Users’ access to their own user information,63.75,,,,75.00,,,75.00,,,75.00,,,30.00,,
P9. Collection of user information from third parties (Internet companies),65.00,,,,80.00,,,80.00,,,80.00,,,20.00,,
P10. Process for responding to third-party requests for user information,66.67,,,,66.67,,,66.67,,,66.67,,,66.67,,
P11. Data about third-party requests for user information,72.73,,,,72.73,,,72.73,,,72.73,,,72.73,,
P12. User notification about third-party requests for user information,66.67,,,,66.67,,,66.67,,,66.67,,,66.67,,
P13. Security oversight,100.00,,,,100.00,,,100.00,,,100.00,,,100.00,,
P14. Addressing security vulnerabilities,62.50,,,,66.67,,,66.67,,,66.67,,,50.00,,
P15. Data breaches,0.00,,,,0.00,,,0.00,,,0.00,,,0.00,,
"P16. Encryption of user communication and private content (Internet, software, and device companies)",81.25,,,,100.00,,,50.00,,,100.00,,,75.00,,
"P17. Account Security (Internet, software, and device companies)",94.44,,,,N/A,,,100.00,,,100.00,,,83.33,,
P18. Inform and educate users about potential risks,100.00,,,,100.00,,,100.00,,,100.00,,,100.00,,
,,,,,,,,,,,,,,,,
average,64.72,66.67,65.74,67.59,68.47,,,65.48,,,67.68,,,55.79,,
G,71.04,,,,71.67,,,70.00,,,72.50,,,70.00,,
FoE,60.09,,,,67.88,,,57.50,,,61.01,,,48.77,,
P,64.93,,,,67.61,,,66.63,,,69.41,,,54.56,,