Ooredoo,Step 7,,,,,,,,,
G1,Group - Ooredoo - Freedom of Expression,Group - Ooredoo - Privacy,OperatingCo - Ooredoo Qatar - Freedom of Expression,OperatingCo - Ooredoo Qatar - Privacy,,,,,,
Consolidated answer for G1.1,no disclosure found,no disclosure found,no disclosure found,no disclosure found,,,,,,
Comments for G1.1 (explain score),no disclosure found,no disclosure found,no disclosure found,no disclosure found,,,,,,
"Sources (reference, specific page, section, etc.)",,,,,,,,,,
,,,,,,,,,,
Points for G1.1,0,0,0,0,,,,,,
,,,,,,,,,,
Level score:,0.00,0.00,0.00,0.00,,,,,,
,,,,,,,,,,
Averages:,0.00,,0.00,,,,,,,
,,,,,,,,,,
Indicator score:,0.00,,,,,,,,,
,,,,,,,,,,
G2,Group - Ooredoo - Freedom of Expression,Group - Ooredoo - Privacy,OperatingCo - Ooredoo Qatar - Freedom of Expression,OperatingCo - Ooredoo Qatar - Privacy,Prepaid Mobile - Freedom of Expression,Prepaid Mobile - Privacy,Postpaid Mobile - Freedom of Expression,Postpaid Mobile - Privacy,Fixed Line Broadband - Freedom of Expression,Fixed Line Broadband - Privacy
Consolidated answer for G2.1:,no disclosure found,no disclosure found,no disclosure found,no disclosure found,no disclosure found,no disclosure found,no disclosure found,no disclosure found,no disclosure found,no disclosure found
Consolidated answer for G2.2:,no disclosure found,no disclosure found,no disclosure found,no disclosure found,no disclosure found,no disclosure found,no disclosure found,no disclosure found,no disclosure found,no disclosure found
Consolidated answer for G2.3:,no disclosure found,no disclosure found,no disclosure found,no disclosure found,no disclosure found,no disclosure found,no disclosure found,no disclosure found,no disclosure found,no disclosure found
Comments for G2.1 (explain score),no disclosure found,no disclosure found,no disclosure found,no disclosure found,no disclosure found,no disclosure found,no disclosure found,no disclosure found,no disclosure found,no disclosure found
Comments for G2.2 (explain score),no disclosure found,no disclosure found,no disclosure found,no disclosure found,no disclosure found,no disclosure found,no disclosure found,no disclosure found,no disclosure found,no disclosure found
Comments for G2.3 (explain score),no disclosure found,no disclosure found,no disclosure found,no disclosure found,no disclosure found,no disclosure found,no disclosure found,no disclosure found,no disclosure found,no disclosure found
"Sources (reference, specific page, section, etc.)",,,,,,,,,,
,,,,,,,,,,
,,,,,,,,,,
Points for G2.1,0,0,0,0,0,0,0,0,0,0
Points for G2.2,0,0,0,0,0,0,0,0,0,0
Points for G2.3,0,0,0,0,0,0,0,0,0,0
,,,,,,,,,,
Level score:,0.00,0.00,0.00,0.00,0.00,0.00,0.00,0.00,0.00,0.00
,,,,,0.00,,0.00,,0.00,
Averages:,0.00,,0.00,,0.00,,,,,
,,,,,,,,,,
,,,,,,,,,,
Indicator score:,0.00,,,,,,,,,
,,,,,,,,,,
G3,Group - Ooredoo - Freedom of Expression,Group - Ooredoo - Privacy,OperatingCo - Ooredoo Qatar - Freedom of Expression,OperatingCo - Ooredoo Qatar - Privacy,Prepaid Mobile - Freedom of Expression,Prepaid Mobile - Privacy,Postpaid Mobile - Freedom of Expression,Postpaid Mobile - Privacy,Fixed Line Broadband - Freedom of Expression,Fixed Line Broadband - Privacy
Consolidated answer for G3.1:,no disclosure found,no disclosure found,no disclosure found,no disclosure found,no disclosure found,no disclosure found,no disclosure found,no disclosure found,no disclosure found,no disclosure found
Consolidated answer for G3.2:,no disclosure found,no disclosure found,no disclosure found,no disclosure found,no disclosure found,no disclosure found,no disclosure found,no disclosure found,no disclosure found,no disclosure found
Comments for G3.1 (explain score),no disclosure found,no disclosure found,no disclosure found,no disclosure found,no disclosure found,no disclosure found,no disclosure found,no disclosure found,no disclosure found,no disclosure found
Comments for G3.2 (explain score),no disclosure found,no disclosure found,"Although Ooredoo Qatar has a whistleblower policy outlined in its HR policy manual, this does not mention freedom of expression or privacy concerns, and Ooredoo has not made commitments elsewhere with regard to employees’ role in protecting freedom of expression or privacy.","Although Ooredoo Qatar has a whistleblower policy outlined in its HR policy manual, this does not mention freedom of expression or privacy concerns, and Ooredoo has not made commitments elsewhere with regard to employees’ role in protecting freedom of expression or privacy.","Although Ooredoo Qatar has a whistleblower policy outlined in its HR policy manual, this does not mention freedom of expression or privacy concerns, and Ooredoo has not made commitments elsewhere with regard to employees’ role in protecting freedom of expression or privacy.","Although Ooredoo Qatar has a whistleblower policy outlined in its HR policy manual, this does not mention freedom of expression or privacy concerns, and Ooredoo has not made commitments elsewhere with regard to employees’ role in protecting freedom of expression or privacy.","Although Ooredoo Qatar has a whistleblower policy outlined in its HR policy manual, this does not mention freedom of expression or privacy concerns, and Ooredoo has not made commitments elsewhere with regard to employees’ role in protecting freedom of expression or privacy.","Although Ooredoo Qatar has a whistleblower policy outlined in its HR policy manual, this does not mention freedom of expression or privacy concerns, and Ooredoo has not made commitments elsewhere with regard to employees’ role in protecting freedom of expression or privacy.","Although Ooredoo Qatar has a whistleblower policy outlined in its HR policy manual, this does not mention freedom of expression or privacy concerns, and Ooredoo has not made commitments elsewhere with regard to employees’ role in protecting freedom of expression or privacy.","Although Ooredoo Qatar has a whistleblower policy outlined in its HR policy manual, this does not mention freedom of expression or privacy concerns, and Ooredoo has not made commitments elsewhere with regard to employees’ role in protecting freedom of expression or privacy."
"Sources (reference, specific page, section, etc.)",,,"Sources 3 and 4, 10.6.5","Sources 3 and 4, 10.6.5","Sources 3 and 4, 10.6.5","Sources 3 and 4, 10.6.5","Sources 3 and 4, 10.6.5","Sources 3 and 4, 10.6.5","Sources 3 and 4, 10.6.5","Sources 3 and 4, 10.6.5"
,,,,,,,,,,
,,,,,,,,,,
Points for G3.1,0,0,0,0,0,0,0,0,0,0
Points for G3.2,0,0,0,0,0,0,0,0,0,0
,,,,,,,,,,
Level score:,0.00,0.00,0.00,0.00,0.00,0.00,0.00,0.00,0.00,0.00
,,,,,0.00,,0.00,,0.00,
Averages:,0.00,,0.00,,0.00,,,,,
,,,,,,,,,,
Indicator score:,0.00,,,,,,,,,
,,,,,,,,,,
G4,Group - Ooredoo - Freedom of Expression,Group - Ooredoo - Privacy,OperatingCo - Ooredoo Qatar - Freedom of Expression,OperatingCo - Ooredoo Qatar - Privacy,Prepaid Mobile - Freedom of Expression,Prepaid Mobile - Privacy,Postpaid Mobile - Freedom of Expression,Postpaid Mobile - Privacy,Fixed Line Broadband - Freedom of Expression,Fixed Line Broadband - Privacy
Consolidated answer for G4.1,no disclosure found,no disclosure found,no disclosure found,no disclosure found,no disclosure found,no disclosure found,no disclosure found,no disclosure found,no disclosure found,no disclosure found
Consolidated answer for G4.2,no disclosure found,no disclosure found,no disclosure found,no disclosure found,no disclosure found,no disclosure found,no disclosure found,no disclosure found,no disclosure found,no disclosure found
Consolidated answer for G4.3,no disclosure found,no disclosure found,no disclosure found,no disclosure found,no disclosure found,no disclosure found,no disclosure found,no disclosure found,no disclosure found,no disclosure found
Consolidated answer for G4.4,no disclosure found,no disclosure found,no disclosure found,no disclosure found,no disclosure found,no disclosure found,no disclosure found,no disclosure found,no disclosure found,no disclosure found
Consolidated answer for G4.5,no disclosure found,no disclosure found,no disclosure found,no disclosure found,no disclosure found,no disclosure found,no disclosure found,no disclosure found,no disclosure found,no disclosure found
Consolidated answer for G4.6,no disclosure found,no disclosure found,no disclosure found,no disclosure found,no disclosure found,no disclosure found,no disclosure found,no disclosure found,no disclosure found,no disclosure found
Consolidated answer for G4.7,no disclosure found,no disclosure found,no disclosure found,no disclosure found,no disclosure found,no disclosure found,no disclosure found,no disclosure found,no disclosure found,no disclosure found
Consolidated answer for G4.8,no disclosure found,no disclosure found,no disclosure found,no disclosure found,no disclosure found,no disclosure found,no disclosure found,no disclosure found,no disclosure found,no disclosure found
Consolidated answer for G4.9,no disclosure found,no disclosure found,no disclosure found,no disclosure found,no disclosure found,no disclosure found,no disclosure found,no disclosure found,no disclosure found,no disclosure found
Comments for G4.1 (explain score),no disclosure found,no disclosure found,no disclosure found,no disclosure found,no disclosure found,no disclosure found,no disclosure found,no disclosure found,no disclosure found,no disclosure found
Comments for G4.2 (explain score),no disclosure found,no disclosure found,no disclosure found,no disclosure found,no disclosure found,no disclosure found,no disclosure found,no disclosure found,no disclosure found,no disclosure found
Comments for G4.3 (explain score),no disclosure found,no disclosure found,no disclosure found,no disclosure found,no disclosure found,no disclosure found,no disclosure found,no disclosure found,no disclosure found,no disclosure found
Comments for G4.4 (explain score),no disclosure found,no disclosure found,no disclosure found,no disclosure found,no disclosure found,no disclosure found,no disclosure found,no disclosure found,no disclosure found,no disclosure found
Comments for G4.5 (explain score),no disclosure found,no disclosure found,no disclosure found,no disclosure found,no disclosure found,no disclosure found,no disclosure found,no disclosure found,no disclosure found,no disclosure found
Comments for G4.6 (explain score),no disclosure found,no disclosure found,no disclosure found,no disclosure found,no disclosure found,no disclosure found,no disclosure found,no disclosure found,no disclosure found,no disclosure found
Comments for G4.7 (explain score),no disclosure found,no disclosure found,no disclosure found,no disclosure found,no disclosure found,no disclosure found,no disclosure found,no disclosure found,no disclosure found,no disclosure found
Comments for G4.8 (explain score),no disclosure found,no disclosure found,no disclosure found,no disclosure found,no disclosure found,no disclosure found,no disclosure found,no disclosure found,no disclosure found,no disclosure found
Comments for G4.9 (explain score),no disclosure found,no disclosure found,no disclosure found,no disclosure found,no disclosure found,no disclosure found,no disclosure found,no disclosure found,no disclosure found,no disclosure found
"Sources (reference, specific page, section, etc.)",,,,,,,,,,
,,,,,,,,,,
,,,,,,,,,,
Points for G4.1,0,0,0,0,0,0,0,0,0,0
Points for G4.2,0,0,0,0,0,0,0,0,0,0
Points for G4.3,0,0,0,0,0,0,0,0,0,0
Points for G4.4,0,0,0,0,0,0,0,0,0,0
Points for G4.5,0,0,0,0,0,0,0,0,0,0
Points for G4.6,0,0,0,0,0,0,0,0,0,0
Points for G4.7,0,0,0,0,0,0,0,0,0,0
Points for G4.8,0,0,0,0,0,0,0,0,0,0
Points for G4.9,0,0,0,0,0,0,0,0,0,0
,,,,,,,,,,
Level score:,0.00,0.00,0.00,0.00,0.00,0.00,0.00,0.00,0.00,0.00
,,,,,0.00,,0.00,,0.00,
Averages:,0.00,,0.00,,0.00,,,,,
,,,,,,,,,,
Indicator score:,0.00,,,,,,,,,
,,,,,,,,,,
G5,Group - Ooredoo - Freedom of Expression,Group - Ooredoo - Privacy,OperatingCo - Ooredoo Qatar - Freedom of Expression,OperatingCo - Ooredoo Qatar - Privacy,,,,,,
Consolidated answer for G5.1,no disclosure found,no disclosure found,no disclosure found,no disclosure found,,,,,,
Consolidated answer for G5.2,no disclosure found,no disclosure found,no disclosure found,no disclosure found,,,,,,
Consolidated answer for G5.3,no disclosure found,no disclosure found,no disclosure found,no disclosure found,,,,,,
Comments for G5.1 (explain score),no disclosure found,no disclosure found,no disclosure found,no disclosure found,,,,,,
Comments for G5.2 (explain score),no disclosure found,no disclosure found,no disclosure found,no disclosure found,,,,,,
Comments for G5.3 (explain score),no disclosure found,no disclosure found,no disclosure found,no disclosure found,,,,,,
"Sources (reference, specific page, section, etc.)",,,,,,,,,,
,,,,,,,,,,
,,,,,,,,,,
Points for G5.1,0,0,0,0,,,,,,
Points for G5.2,0,0,0,0,,,,,,
Points for G5.3,0,0,0,0,,,,,,
,,,,,,,,,,
Level score:,0.00,0.00,0.00,0.00,,,,,,
,,,,,,,,,,
Averages:,0.00,,0.00,,,,,,,
,,,,,,,,,,
Indicator score:,0.00,,,,,,,,,
,,,,,,,,,,
G6,Group - Ooredoo - Freedom of Expression,Group - Ooredoo - Privacy,OperatingCo - Ooredoo Qatar - Freedom of Expression,OperatingCo - Ooredoo Qatar - Privacy,Prepaid Mobile - Freedom of Expression,Prepaid Mobile - Privacy,Postpaid Mobile - Freedom of Expression,Postpaid Mobile - Privacy,Fixed Line Broadband - Freedom of Expression,Fixed Line Broadband - Privacy
Consolidated answer for G6.1:,no disclosure found,no disclosure found,partial,partial,partial,partial,partial,partial,partial,partial
Consolidated answer for G6.2:,no disclosure found,no disclosure found,no disclosure found,no disclosure found,no disclosure found,no disclosure found,no disclosure found,no disclosure found,no disclosure found,no disclosure found
Consolidated answer for G6.3:,no disclosure found,no disclosure found,no disclosure found,no disclosure found,no disclosure found,no disclosure found,no disclosure found,no disclosure found,no disclosure found,no disclosure found
Consolidated answer for G6.4:,no disclosure found,no disclosure found,no disclosure found,no disclosure found,no disclosure found,no disclosure found,no disclosure found,no disclosure found,no disclosure found,no disclosure found
Consolidated answer for G6.5:,no disclosure found,no disclosure found,no disclosure found,no disclosure found,no disclosure found,no disclosure found,no disclosure found,no disclosure found,no disclosure found,no disclosure found
Comments for G6.1 (explain score),no disclosure found,no disclosure found,"In its General Terms & Conditions for Consumer Services (section 23), Ooredoo Qatar discloses that customers can file complaints by sending a written description of the complaint, or through any of Ooredoo’s Retail Outlets, Contact Centre or the Customer Care web page on the Ooredoo Website at ooredoo.qa. However, no other details are given about how to submit a complaint. Partial credit is given.","In its General Terms & Conditions for Consumer Services (section 23), Ooredoo Qatar discloses that customers can file complaints by sending a written description of the complaint, or through any of Ooredoo’s Retail Outlets, Contact Centre or the Customer Care web page on the Ooredoo Website at ooredoo.qa. However, no other details are given about how to submit a complaint. Partial credit is given.","In its General Terms & Conditions for Consumer Services (section 23), Ooredoo Qatar discloses that customers can file complaints by sending a written description of the complaint, or through any of Ooredoo’s Retail Outlets, Contact Centre or the Customer Care web page on the Ooredoo Website at ooredoo.qa. However, no other details are given about how to submit a complaint. Partial credit is given.","In its General Terms & Conditions for Consumer Services (section 23), Ooredoo Qatar discloses that customers can file complaints by sending a written description of the complaint, or through any of Ooredoo’s Retail Outlets, Contact Centre or the Customer Care web page on the Ooredoo Website at ooredoo.qa. However, no other details are given about how to submit a complaint. Partial credit is given.","In its General Terms & Conditions for Consumer Services (section 23), Ooredoo Qatar discloses that customers can file complaints by sending a written description of the complaint, or through any of Ooredoo’s Retail Outlets, Contact Centre or the Customer Care web page on the Ooredoo Website at ooredoo.qa. However, no other details are given about how to submit a complaint. Partial credit is given.","In its General Terms & Conditions for Consumer Services (section 23), Ooredoo Qatar discloses that customers can file complaints by sending a written description of the complaint, or through any of Ooredoo’s Retail Outlets, Contact Centre or the Customer Care web page on the Ooredoo Website at ooredoo.qa. However, no other details are given about how to submit a complaint. Partial credit is given.","In its General Terms & Conditions for Consumer Services (section 23), Ooredoo Qatar discloses that customers can file complaints by sending a written description of the complaint, or through any of Ooredoo’s Retail Outlets, Contact Centre or the Customer Care web page on the Ooredoo Website at ooredoo.qa. However, no other details are given about how to submit a complaint. Partial credit is given.","In its General Terms & Conditions for Consumer Services (section 23), Ooredoo Qatar discloses that customers can file complaints by sending a written description of the complaint, or through any of Ooredoo’s Retail Outlets, Contact Centre or the Customer Care web page on the Ooredoo Website at ooredoo.qa. However, no other details are given about how to submit a complaint. Partial credit is given."
Comments for G6.2 (explain score),no disclosure found,no disclosure found,The company does not clearly disclose that users can send complaints related to freedom of expression or privacy.,The company does not clearly disclose that users can send complaints related to freedom of expression or privacy.,The company does not clearly disclose that users can send complaints related to freedom of expression or privacy.,The company does not clearly disclose that users can send complaints related to freedom of expression or privacy.,The company does not clearly disclose that users can send complaints related to freedom of expression or privacy.,The company does not clearly disclose that users can send complaints related to freedom of expression or privacy.,The company does not clearly disclose that users can send complaints related to freedom of expression or privacy.,The company does not clearly disclose that users can send complaints related to freedom of expression or privacy.
Comments for G6.3 (explain score),no disclosure found,no disclosure found,"In the General Terms & Conditions, Ooredoo Qatar states that if users have a complaint ""about the Service, associated equipment or facilities, they agree to provide the company with an opportunity to resolve their claim"". The company, however, does not disclose its process for responding to complaints.","In the General Terms & Conditions, Ooredoo Qatar states that if users have a complaint ""about the Service, associated equipment or facilities, they agree to provide the company with an opportunity to resolve their claim"". The company, however, does not disclose its process for responding to complaints.","In the General Terms & Conditions, Ooredoo Qatar states that if users have a complaint ""about the Service, associated equipment or facilities, they agree to provide the company with an opportunity to resolve their claim"". The company, however, does not disclose its process for responding to complaints.","In the General Terms & Conditions, Ooredoo Qatar states that if users have a complaint ""about the Service, associated equipment or facilities, they agree to provide the company with an opportunity to resolve their claim"". The company, however, does not disclose its process for responding to complaints.","In the General Terms & Conditions, Ooredoo Qatar states that if users have a complaint ""about the Service, associated equipment or facilities, they agree to provide the company with an opportunity to resolve their claim"". The company, however, does not disclose its process for responding to complaints.","In the General Terms & Conditions, Ooredoo Qatar states that if users have a complaint ""about the Service, associated equipment or facilities, they agree to provide the company with an opportunity to resolve their claim"". The company, however, does not disclose its process for responding to complaints.","In the General Terms & Conditions, Ooredoo Qatar states that if users have a complaint ""about the Service, associated equipment or facilities, they agree to provide the company with an opportunity to resolve their claim"". The company, however, does not disclose its process for responding to complaints.","In the General Terms & Conditions, Ooredoo Qatar states that if users have a complaint ""about the Service, associated equipment or facilities, they agree to provide the company with an opportunity to resolve their claim"". The company, however, does not disclose its process for responding to complaints."
Comments for G6.4 (explain score),no disclosure found,no disclosure found,no disclosure found,no disclosure found,no disclosure found,no disclosure found,no disclosure found,no disclosure found,no disclosure found,no disclosure found
Comments for G6.5 (explain score),no disclosure found,no disclosure found,no disclosure found,no disclosure found,no disclosure found,no disclosure found,no disclosure found,no disclosure found,no disclosure found,no disclosure found
"Sources (reference, specific page, section, etc.)",,,Sources 1 and 2 (article 23),Sources 1 and 2 (article 23),Sources 1 and 2 (article 23),Sources 1 and 2 (article 23),Sources 1 and 2 (article 23),Sources 1 and 2 (article 23),Sources 1 and 2 (article 23),Sources 1 and 2 (article 23)
,,,,,,,,,,
,,,,,,,,,,
Points for G6.1,0,0,50,50,50,50,50,50,50,50
Points for G6.2,0,0,0,0,0,0,0,0,0,0
Points for G6.3,0,0,0,0,0,0,0,0,0,0
Points for G6.4,0,0,0,0,0,0,0,0,0,0
Points for G6.5,0,0,0,0,0,0,0,0,0,0
,,,,,,,,,,
Level score:,0.00,0.00,10.00,10.00,10.00,10.00,10.00,10.00,10.00,10.00
,,,,,10.00,,10.00,,10.00,
Averages:,,,,,10.00,,,,,
,,,,,,,,,,
Indicator score:,10.00,,,,,,,,,
,,,,,,,,,,
F1,Prepaid Mobile,Postpaid Mobile,Fixed Line Broadband,,,,,,,
Consolidated answer for F1.1:,yes,yes,yes,,,,,,,
Consolidated answer for F1.2:,yes,yes,yes,,,,,,,
Consolidated answer for F1.3:,yes,yes,yes,,,,,,,
Comments for F1.1 (explain score),"The Company's ToS are available by clicking on ""terms and conditions"" at the bottom of homepage. These terms apply to ""any telecommunications services.. (“Services”), as well as any related software, content, or equipment"", provided by Ooredoo Qatar to its customers. ","The Company's ToS are available by clicking on ""terms and conditions"" at the bottom of homepage. These terms apply to ""any telecommunications services.. (“Services”), as well as any related software, content, or equipment"", provided by Ooredoo Qatar to its customers. ","The Company's ToS are available by clicking on ""terms and conditions"" at the bottom of homepage. These terms apply to ""any telecommunications services.. (“Services”), as well as any related software, content, or equipment"", provided by Ooredoo Qatar to its customers. ",,,,,,,
Comments for F1.2 (explain score),The ToS are available in both Arabic and English,The ToS are available in both Arabic and English,The ToS are available in both Arabic and English,,,,,,,
Comments for F1.3 (explain score),"The ToS have header sections, a readable font size and are written in an easy to understand language.","The ToS have header sections, a readable font size and are written in an easy to understand language.","The ToS have header sections, a readable font size and are written in an easy to understand language.",,,,,,,
"Sources (reference, specific page, section, etc.)",Sources 1 and 2,Sources 1 and 2,Sources 1 and 2,,,,,,,
,,,,,,,,,,
,,,,,,,,,,
Points for F1.1,100,100,100,,,,,,,
Points for F1.2,100,100,100,,,,,,,
Points for F1.3,100,100,100,,,,,,,
,,,,,,,,,,
,,,,,,,,,,
Level score:,100.00,100.00,100.00,,,,,,,
,,,,,,,,,,
Averages:,100.00,,100.00,,,,,,,
,,,,,,,,,,
Indicator score:,100.00,,,,,,,,,
,,,,,,,,,,
F2,Prepaid Mobile,Postpaid Mobile,Fixed Line Broadband,,,,,,,
Consolidated answer for F2.1:,partial,partial,partial,,,,,,,
Consolidated answer for F2.2:,no disclosure found,no disclosure found,no disclosure found,,,,,,,
Consolidated answer for F2.3:,no disclosure found,no disclosure found,no disclosure found,,,,,,,
Consolidated answer for F2.4:,no disclosure found,no disclosure found,no disclosure found,,,,,,,
Comments for F2.1 (explain score),"Partial credit is given since the company says it *may* make changes to the Terms and Conditions policy and provide ""reasonable notice"" - this is not a clear commitment: ""Ooredoo may, from time to time and consistent with its obligations under the Applicable Regulatory Framework and the approval of ictQATAR, if required, (a) modify the fees and charges contained in the Service Tariff or (b) Make changes to these General Terms and Conditions with reasonable notice to you."", section 2 from the company's T&C states. ","Partial credit is given since the company says it *may* make changes to the Terms and Conditions policy and provide ""reasonable notice"" - this is not a clear commitment: ""Ooredoo may, from time to time and consistent with its obligations under the Applicable Regulatory Framework and the approval of ictQATAR, if required, (a) modify the fees and charges contained in the Service Tariff or (b) Make changes to these General Terms and Conditions with reasonable notice to you."", section 2 from the company's T&C states. ","Partial credit is given since the company says it *may* make changes to the Terms and Conditions policy and provide ""reasonable notice"" - this is not a clear commitment: ""Ooredoo may, from time to time and consistent with its obligations under the Applicable Regulatory Framework and the approval of ictQATAR, if required, (a) modify the fees and charges contained in the Service Tariff or (b) Make changes to these General Terms and Conditions with reasonable notice to you."", section 2 from the company's T&C states. ",,,,,,,
Comments for F2.2 (explain score),The company does not indicate if it directly notifies users.,The company does not indicate if it directly notifies users.,The company does not indicate if it directly notifies users.,,,,,,,
Comments for F2.3 (explain score),"Ooredoo Qatar vaguely refers to a ""reasonable notice"" in its general terms and conditions but does not explicitly specify the timeframe.","Ooredoo Qatar vaguely refers to a ""reasonable notice"" in its general terms and conditions but does not explicitly specify the timeframe.","Ooredoo Qatar vaguely refers to a ""reasonable notice"" in its general terms and conditions but does not explicitly specify the timeframe.",,,,,,,
Comments for F2.4 (explain score),no disclosure found,no disclosure found,no disclosure found,,,,,,,
"Sources (reference, specific page, section, etc.)",Sources 1 and 2 (article 2),Sources 1 and 2 (article 2),Sources 1 and 2 (article 2),,,,,,,
,,,,,,,,,,
,,,,,,,,,,
Points for F2.1,50,50,50,,,,,,,
Points for F2.2,0,0,0,,,,,,,
Points for F2.3,0,0,0,,,,,,,
Points for F2.4,0,0,0,,,,,,,
,,,,,,,,,,
Level score:,12.50,12.50,12.50,,,,,,,
,,,,,,,,,,
Averages:,12.50,,12.50,,,,,,,
,,,,,,,,,,
Indicator score:,12.50,,,,,,,,,
,,,,,,,,,,
F3,Prepaid Mobile,Postpaid Mobile,Fixed Line Broadband,,,,,,,
Consolidated answer for F3.1:,yes,yes,yes,,,,,,,
Consolidated answer for F3.2:,yes,yes,yes,,,,,,,
Consolidated answer for F3.3:,no disclosure found,no disclosure found,no disclosure found,,,,,,,
Consolidated answer for F3.4:,N/A,N/A,no disclosure found,,,,,,,
Consolidated answer for F3.5:,N/A,N/A,no disclosure found,,,,,,,
Consolidated answer for F3.6:,no disclosure found,no disclosure found,no disclosure found,,,,,,,
Consolidated answer for F3.7:,no disclosure found,no disclosure found,no disclosure found,,,,,,,
Comments for F3.1 (explain score),"In its general terms and conditions (section 12 on use of Ooredoo services and equipment), the company lists the types of activities and content it does not allow, such as offensive, abusive, defamatory obscene, menacing or illegal content (12.1.3), to obtain or use the password of any person without his consent (12.1.7) or to violate any copyright or other intellectual property rights of any person (12.1.5) ","In its general terms and conditions (section 12 on use of Ooredoo services and equipment), the company lists the types of activities and content it does not allow, such as offensive, abusive, defamatory obscene, menacing or illegal content (12.1.3), to obtain or use the password of any person without his consent (12.1.7) or to violate any copyright or other intellectual property rights of any person (12.1.5) ","In its general terms and conditions (section 12 on use of Ooredoo services and equipment), the company lists the types of activities and content it does not allow, such as offensive, abusive, defamatory obscene, menacing or illegal content (12.1.3), to obtain or use the password of any person without his consent (12.1.7) or to violate any copyright or other intellectual property rights of any person (12.1.5) ",,,,,,,
Comments for F3.2 (explain score),"In its general terms & conditions, Ooredoo Qatar discloses that it may  suspend, restrict or disconnect a customer's service in cases of non-payment within 30 days after the bill date (paragraph 5.3), ""if the Subscriber breaches any of the Service conditions, in particular, Article 12 (Use of Ooredoo Services and Equipment)"", in accordance with the ""Applicable Regulatory Framework, including pursuant to any valid orders of any court or other authority"" (paragraph 12.2), and excessive use (12.3)","In its general terms & conditions, Ooredoo Qatar discloses that it may  suspend, restrict or disconnect a customer's service in cases of non-payment within 30 days after the bill date (paragraph 5.3), ""if the Subscriber breaches any of the Service conditions, in particular, Article 12 (Use of Ooredoo Services and Equipment)"", in accordance with the ""Applicable Regulatory Framework, including pursuant to any valid orders of any court or other authority"" (paragraph 12.2), and excessive use (12.3)","In its general terms & conditions, Ooredoo Qatar discloses that it may  suspend, restrict or disconnect a customer's service in cases of non-payment within 30 days after the bill date (paragraph 5.3), ""if the Subscriber breaches any of the Service conditions, in particular, Article 12 (Use of Ooredoo Services and Equipment)"", in accordance with the ""Applicable Regulatory Framework, including pursuant to any valid orders of any court or other authority"" (paragraph 12.2), and excessive use (12.3)",,,,,,,
Comments for F3.3 (explain score),no disclosure found,no disclosure found,no disclosure found,,,,,,,
Comments for F3.4 (explain score),N/A,N/A,no disclosure found,,,,,,,
Comments for F3.5 (explain score),N/A,N/A,no disclosure found,,,,,,,
Comments for F3.6 (explain score),no disclosure found,no disclosure found,no disclosure found,,,,,,,
Comments for F3.7 (explain score),no disclosure found,no disclosure found,no disclosure found,,,,,,,
"Sources (reference, specific page, section, etc.)","Sources 2 and 3 (articles 12, 16, 5.3)","Sources 2 and 3 (articles 12, 16, 5.3)","Sources 2 and 3 (articles 12, 16, 5.3)",,,,,,,
,,,,,,,,,,
,,,,,,,,,,
Points for F3.1,100,100,100,,,,,,,
Points for F3.2,100,100,100,,,,,,,
Points for F3.3,0,0,0,,,,,,,
Points for F3.4,exclude,exclude,0,,,,,,,
Points for F3.5,exclude,exclude,0,,,,,,,
Points for F3.6,0,0,0,,,,,,,
Points for F3.7,0,0,0,,,,,,,
,,,,,,,,,,
Level score:,40.00,40.00,28.57,,,,,,,
,,,,,,,,,,
Averages:,40.00,,28.57,,,,,,,
,,,,,,,,,,
Indicator score:,34.29,,,,,,,,,
,,,,,,,,,,
F4,Prepaid Mobile,Postpaid Mobile,Fixed Line Broadband,,,,,,,
Consolidated answer for F4.1:,no disclosure found,no disclosure found,no disclosure found,,,,,,,
Consolidated answer for F4.2:,no disclosure found,no disclosure found,no disclosure found,,,,,,,
Consolidated answer for F4.3:,no disclosure found,no disclosure found,no disclosure found,,,,,,,
Comments fo F4.1 (explain score),no disclosure found,no disclosure found,no disclosure found,,,,,,,
Comments fo F4.2 (explain score),no disclosure found,no disclosure found,no disclosure found,,,,,,,
Comments fo F4.3 (explain score),no disclosure found,no disclosure found,no disclosure found,,,,,,,
"Sources (reference, specific page, section, etc.)",,,,,,,,,,
,,,,,,,,,,
,,,,,,,,,,
Points for F4.1,0,0,0,,,,,,,
Points for F4.2,0,0,0,,,,,,,
Points for F4.3,0,0,0,,,,,,,
,,,,,,,,,,
Level score:,0.00,0.00,0.00,,,,,,,
,,,,,,,,,,
Averages:,0.00,,0.00,,,,,,,
,,,,,,,,,,
Indicator score:,0.00,,,,,,,,,
,,,,,,,,,,
F5,Prepaid Mobile,Postpaid Mobile,Fixed Line Broadband,,,,,,,
Consolidated answer for F5.1,no disclosure found,no disclosure found,no disclosure found,,,,,,,
Consolidated answer for F5.2,no disclosure found,no disclosure found,no disclosure found,,,,,,,
Consolidated answer for F5.3,no disclosure found,no disclosure found,no disclosure found,,,,,,,
Consolidated answer for F5.4,no disclosure found,no disclosure found,no disclosure found,,,,,,,
Consolidated answer for F5.5,no disclosure found,no disclosure found,no disclosure found,,,,,,,
Consolidated answer for F5.6,no disclosure found,no disclosure found,no disclosure found,,,,,,,
Consolidated answer for F5.7,no disclosure found,no disclosure found,no disclosure found,,,,,,,
Consolidated answer for F5.8,no disclosure found,no disclosure found,no disclosure found,,,,,,,
Consolidated answer for F5.9,no disclosure found,no disclosure found,no disclosure found,,,,,,,
Consolidated answer for F5.10,no disclosure found,no disclosure found,no disclosure found,,,,,,,
Consolidated answer for F5.11,no disclosure found,no disclosure found,no disclosure found,,,,,,,
Consolidated answer for F5.12,no disclosure found,no disclosure found,no disclosure found,,,,,,,
Comments for F5.1 (explain score),no disclosure found,no disclosure found,no disclosure found,,,,,,,
Comments for F5.2 (explain score),no disclosure found,no disclosure found,no disclosure found,,,,,,,
Comments for F5.3 (explain score),no disclosure found,no disclosure found,no disclosure found,,,,,,,
Comments for F5.4 (explain score),no disclosure found,no disclosure found,no disclosure found,,,,,,,
Comments for F5.5 (explain score),no disclosure found,no disclosure found,no disclosure found,,,,,,,
Comments for F5.6 (explain score),no disclosure found,no disclosure found,no disclosure found,,,,,,,
Comments for F5.7 (explain score),no disclosure found,no disclosure found,no disclosure found,,,,,,,
Comments for F5.8 (explain score),no disclosure found,no disclosure found,no disclosure found,,,,,,,
Comments for F5.9 (explain score),no disclosure found,no disclosure found,no disclosure found,,,,,,,
Comments for F5.10 (explain score),no disclosure found,no disclosure found,no disclosure found,,,,,,,
Comments for F5.11 (explain score),no disclosure found,no disclosure found,no disclosure found,,,,,,,
Comments for F5.12 (explain score),no disclosure found,no disclosure found,no disclosure found,,,,,,,
"Sources (reference, specific page, section, etc.)",,,,,,,,,,
,,,,,,,,,,
,,,,,,,,,,
Points for F5.1,0,0,0,,,,,,,
Points for F5.2,0,0,0,,,,,,,
Points for F5.3,0,0,0,,,,,,,
Points for F5.4,0,0,0,,,,,,,
Points for F5.5,0,0,0,,,,,,,
Points for F5.6,0,0,0,,,,,,,
Points for F5.7,0,0,0,,,,,,,
Points for F5.8,0,0,0,,,,,,,
Points for F5.9,0,0,0,,,,,,,
Points for F5.10,0,0,0,,,,,,,
Points for F5.11,0,0,0,,,,,,,
Points for F5.12,0,0,0,,,,,,,
,,,,,,,,,,
Level score:,0.00,0.00,0.00,,,,,,,
,,,,,,,,,,
Averages:,0.00,,0.00,,,,,,,
,,,,,,,,,,
Indicator score:,0.00,,,,,,,,,
,,,,,,,,,,
F6,Prepaid Mobile,Postpaid Mobile,Fixed Line Broadband,,,,,,,
Consolidated answer for F6.1,no disclosure found,no disclosure found,no disclosure found,,,,,,,
Consolidated answer for F6.2,no disclosure found,no disclosure found,no disclosure found,,,,,,,
Consolidated answer for F6.3,no disclosure found,no disclosure found,no disclosure found,,,,,,,
Consolidated answer for F6.4,no disclosure found,no disclosure found,no disclosure found,,,,,,,
Consolidated answer for F6.5,no disclosure found,no disclosure found,no disclosure found,,,,,,,
Consolidated answer for F6.6,no disclosure found,no disclosure found,no disclosure found,,,,,,,
Consolidated answer for F6.7,no disclosure found,no disclosure found,no disclosure found,,,,,,,
Consolidated answer for F6.8,no disclosure found,no disclosure found,no disclosure found,,,,,,,
Consolidated answer for F6.9,no disclosure found,no disclosure found,no disclosure found,,,,,,,
Consolidated answer for F6.10,no disclosure found,no disclosure found,no disclosure found,,,,,,,
Comments for F6.1 (explain score),no disclosure found,no disclosure found,no disclosure found,,,,,,,
Comments for F6.2 (explain score),no disclosure found,no disclosure found,no disclosure found,,,,,,,
Comments for F6.3 (explain score),no disclosure found,no disclosure found,no disclosure found,,,,,,,
Comments for F6.4 (explain score),no disclosure found,no disclosure found,no disclosure found,,,,,,,
Comments for F6.5 (explain score),no disclosure found,no disclosure found,no disclosure found,,,,,,,
Comments for F6.6 (explain score),no disclosure found,no disclosure found,no disclosure found,,,,,,,
Comments for F6.7 (explain score),no disclosure found,no disclosure found,no disclosure found,,,,,,,
Comments for F6.8 (explain score),no disclosure found,no disclosure found,no disclosure found,,,,,,,
Comments for F6.9 (explain score),no disclosure found,no disclosure found,no disclosure found,,,,,,,
Comments for F6.10 (explain score),no disclosure found,no disclosure found,no disclosure found,,,,,,,
"Sources (reference, specific page, section, etc.)",,,,,,,,,,
,,,,,,,,,,
,,,,,,,,,,
Points for F6.1,0,0,0,,,,,,,
Points for F6.2,0,0,0,,,,,,,
Points for F6.3,0,0,0,,,,,,,
Points for F6.4,0,0,0,,,,,,,
Points for F6.5,0,0,0,,,,,,,
Points for F6.6,0,0,0,,,,,,,
Points for F6.7,0,0,0,,,,,,,
Points for F6.8,0,0,0,,,,,,,
Points for F6.9,0,0,0,,,,,,,
Points for F6.10,0,0,0,,,,,,,
,,,,,,,,,,
Level score:,0.00,0.00,0.00,,,,,,,
,,,,,,,,,,
Averages:,0.00,,0.00,,,,,,,
,,,,,,,,,,
Indicator score:,0.00,,,,,,,,,
,,,,,,,,,,
F7,Prepaid Mobile,Postpaid Mobile,Fixed Line Broadband,,,,,,,
Consolidated answer for F7.1,no disclosure found,no disclosure found,no disclosure found,,,,,,,
Consolidated answer for F7.2,no disclosure found,no disclosure found,no disclosure found,,,,,,,
Consolidated answer for F7.3,no disclosure found,no disclosure found,no disclosure found,,,,,,,
Consolidated answer for F7.4,no disclosure found,no disclosure found,no disclosure found,,,,,,,
Consolidated answer for F7.5,no disclosure found,no disclosure found,no disclosure found,,,,,,,
Consolidated answer for F7.6,no disclosure found,no disclosure found,no disclosure found,,,,,,,
Consolidated answer for F7.7,no disclosure found,no disclosure found,no disclosure found,,,,,,,
Consolidated answer for F7.8,no disclosure found,no disclosure found,no disclosure found,,,,,,,
Consolidated answer for F7.9,no disclosure found,no disclosure found,no disclosure found,,,,,,,
Consolidated answer for F7.10,no disclosure found,no disclosure found,no disclosure found,,,,,,,
Comments for F7.1 (explain score),no disclosure found,no disclosure found,no disclosure found,,,,,,,
Comments for F7.2 (explain score),no disclosure found,no disclosure found,no disclosure found,,,,,,,
Comments for F7.3 (explain score),no disclosure found,no disclosure found,no disclosure found,,,,,,,
Comments for F7.4 (explain score),no disclosure found,no disclosure found,no disclosure found,,,,,,,
Comments for F7.5 (explain score),no disclosure found,no disclosure found,no disclosure found,,,,,,,
Comments for F7.6 (explain score),no disclosure found,no disclosure found,no disclosure found,,,,,,,
Comments for F7.7 (explain score),no disclosure found,no disclosure found,no disclosure found,,,,,,,
Comments for F7.8 (explain score),no disclosure found,no disclosure found,no disclosure found,,,,,,,
Comments for F7.9 (explain score),no disclosure found,no disclosure found,no disclosure found,,,,,,,
Comments for F7.10 (explain score),no disclosure found,no disclosure found,no disclosure found,,,,,,,
"Sources (reference, specific page, section, etc.)",,,,,,,,,,
,,,,,,,,,,
,,,,,,,,,,
Points for F7.1,0,0,0,,,,,,,
Points for F7.2,0,0,0,,,,,,,
Points for F7.3,0,0,0,,,,,,,
Points for F7.4,0,0,0,,,,,,,
Points for F7.5,0,0,0,,,,,,,
Points for F7.6,0,0,0,,,,,,,
Points for F7.7,0,0,0,,,,,,,
Points for F7.8,0,0,0,,,,,,,
Points for F7.9,0,0,0,,,,,,,
Points for F7.10,0,0,0,,,,,,,
,,,,,,,,,,
Level score:,0.00,0.00,0.00,,,,,,,
,,,,,,,,,,
Averages:,0.00,,0.00,,,,,,,
,,,,,,,,,,
Indicator score:,0.00,,,,,,,,,
,,,,,,,,,,
F8,Prepaid Mobile,Postpaid Mobile,Fixed Line Broadband,,,,,,,
Consolidated answer for F8.1,N/A,N/A,N/A,,,,,,,
Consolidated answer for F8.2,no disclosure found,no disclosure found,no disclosure found,,,,,,,
Consolidated answer for F8.3,no disclosure found,no disclosure found,no disclosure found,,,,,,,
Consolidated answer for F8.4,no disclosure found,no disclosure found,no disclosure found,,,,,,,
Comments for F8.1 (explain score),Ooredoo does not host user-generated content.,Ooredoo does not host user-generated content.,Ooredoo does not host user-generated content.,,,,,,,
Comments for F8.2 (explain score),no disclosure found,no disclosure found,no disclosure found,,,,,,,
Comments for F8.3 (explain score),no disclosure found,no disclosure found,no disclosure found,,,,,,,
Comments for F8.4 (explain score),no disclosure found,no disclosure found,no disclosure found,,,,,,,
"Sources (reference, specific page, section, etc.)",,,,,,,,,,
,,,,,,,,,,
,,,,,,,,,,
Points for F8.1,exclude,exclude,exclude,,,,,,,
Points for F8.2,0,0,0,,,,,,,
Points for F8.3,0,0,0,,,,,,,
Points for F8.4,0,0,0,,,,,,,
,,,,,,,,,,
Level score:,0.00,0.00,0.00,,,,,,,
,,,,,,,,,,
Averages:,0.00,,0.00,,,,,,,
,,,,,,,,,,
Indicator score:,0.00,,,,,,,,,
,,,,,,,,,,
F9,Prepaid Mobile,Postpaid Mobile,Fixed Line Broadband,,,,,,,
Consolidated answer for F9.1,no disclosure found,no disclosure found,no disclosure found,,,,,,,
Consolidated answer for F9.2,no disclosure found,no disclosure found,no disclosure found,,,,,,,
Comments for F9.1 (explain score),no disclosure found,no disclosure found,no disclosure found,,,,,,,
Comments for F9.2 (explain score),no disclosure found,no disclosure found,no disclosure found,,,,,,,
"Sources (reference, specific page, section, etc.)",,,,,,,,,,
,,,,,,,,,,
,,,,,,,,,,
Points for F9.1,0,0,0,,,,,,,
Points for F9.2,0,0,0,,,,,,,
,,,,,,,,,,
Level score:,0.00,0.00,0.00,,,,,,,
,,,,,,,,,,
Averages:,0.00,,0.00,,,,,,,
,,,,,,,,,,
Indicator score:,0.00,,,,,,,,,
,,,,,,,,,,
F10,Prepaid Mobile,Postpaid Mobile,Fixed Line Broadband,,,,,,,
Consolidated answer for F10.1:,partial,partial,partial,,,,,,,
Consolidated answer for F10.2:,no disclosure found,no disclosure found,no disclosure found,,,,,,,
Consolidated answer for F10.2:,no disclosure found,no disclosure found,no disclosure found,,,,,,,
Consolidated answer for F10.2:,no disclosure found,no disclosure found,no disclosure found,,,,,,,
Consolidated answer for F10.2:,no disclosure found,no disclosure found,no disclosure found,,,,,,,
Consolidated answer for F10.2:,no disclosure found,no disclosure found,no disclosure found,,,,,,,
Consolidated answer for F10.2:,no disclosure found,no disclosure found,no disclosure found,,,,,,,
Consolidated answer for F10.2:,no disclosure found,no disclosure found,no disclosure found,,,,,,,
Comments for F10.1 (explain score),"In Article 15 of the general terms and conditions (DISRUPTION OF SERVICES AND TECHNICAL CHANGES), Ooredoo discloses that it ""may occasionally need to interrupt the Service for scheduled required maintenance, test procedures or other technical work, including network upgrades. Ooredoo will endeavour to notify you 24 hours in advance of such disruption where possible."" However, the company is a bit vague in its language. In articles 16.3 and 16.4 it states that it may ""cease to provide the Service to the public for any reason, taking into account its relevant obligations under the Applicable Regulatory Framework; or if any competent authority prohibits the provision of the Service in Qatar."" Hence the partial score.","In Article 15 of the general terms and conditions (DISRUPTION OF SERVICES AND TECHNICAL CHANGES), Ooredoo discloses that it ""may occasionally need to interrupt the Service for scheduled required maintenance, test procedures or other technical work, including network upgrades. Ooredoo will endeavour to notify you 24 hours in advance of such disruption where possible."" However, the company is a bit vague in its language. In articles 16.3 and 16.4 it states that it may ""cease to provide the Service to the public for any reason, taking into account its relevant obligations under the Applicable Regulatory Framework; or if any competent authority prohibits the provision of the Service in Qatar."" Hence the partial score.","In Article 15 of the general terms and conditions (DISRUPTION OF SERVICES AND TECHNICAL CHANGES), Ooredoo discloses that it ""may occasionally need to interrupt the Service for scheduled required maintenance, test procedures or other technical work, including network upgrades. Ooredoo will endeavour to notify you 24 hours in advance of such disruption where possible."" However, the company is a bit vague in its language. In articles 16.3 and 16.4 it states that it may ""cease to provide the Service to the public for any reason, taking into account its relevant obligations under the Applicable Regulatory Framework; or if any competent authority prohibits the provision of the Service in Qatar."" Hence the partial score.",,,,,,,
Comments for F10.2 (explain score),no disclosure found,no disclosure found,no disclosure found,,,,,,,
Comments for F10.3 (explain score),no disclosure found,no disclosure found,no disclosure found,,,,,,,
Comments for F10.4 (explain score),no disclosure found,no disclosure found,no disclosure found,,,,,,,
Comments for F10.5 (explain score),"Article 15 of the Terms and Conditions states, ""Ooredoo will endeavour to notify you 24 hours in advance of such disruption where possible."" This language is vague, as ""where possible"" implies that the company may not notify users in all cases. Additionally, the company does not specifically indicate that it will notify users directly. ","Article 15 of the Terms and Conditions states, ""Ooredoo will endeavour to notify you 24 hours in advance of such disruption where possible."" This language is vague, as ""where possible"" implies that the company may not notify users in all cases. Additionally, the company does not specifically indicate that it will notify users directly. ","Article 15 of the Terms and Conditions states, ""Ooredoo will endeavour to notify you 24 hours in advance of such disruption where possible."" This language is vague, as ""where possible"" implies that the company may not notify users in all cases. Additionally, the company does not specifically indicate that it will notify users directly. ",,,,,,,
Comments for F10.6 (explain score),no disclosure found,no disclosure found,no disclosure found,,,,,,,
Comments for F10.7 (explain score),no disclosure found,no disclosure found,no disclosure found,,,,,,,
Comments for F10.8 (explain score),no disclosure found,no disclosure found,no disclosure found,,,,,,,
"Sources (reference, specific page, section, etc.)","Sources 1 and 2 (articles 15, 16.3 and 16.4)","Sources 1 and 2 (articles 15, 16.3 and 16.4)","Sources 1 and 2 (articles 15, 16.3 and 16.4)",,,,,,,
,,,,,,,,,,
,,,,,,,,,,
Points for F10.1,50,50,50,,,,,,,
Points for F10.2,0,0,0,,,,,,,
Points for F10.3,0,0,0,,,,,,,
Points for F10.4,0,0,0,,,,,,,
Points for F10.5,0,0,0,,,,,,,
Points for F10.6,0,0,0,,,,,,,
Points for F10.7,0,0,0,,,,,,,
Points for F10.8,0,0,0,,,,,,,
,,,,,,,,,,
Level score:,6.25,6.25,6.25,,,,,,,
,,,,,,,,,,
Averages:,6.25,,6.25,,,,,,,
,,,,,,,,,,
Indicator score:,6.25,,,,,,,,,
,,,,,,,,,,
F11,Prepaid Mobile,Postpaid Mobile,Fixed Line Broadband,,,,,,,
Consolidated answer for F11.1,yes,N/A,N/A,,,,,,,
Comments for F11.1 (explain score),"The Hala prepaid service website states, ""Buy a Hala package from our eShop online, or pop in at any of our shops or authorised dealers and bring a copy of your national ID, passport or your residence permit."" The online registration process also requires users to submit a passport or national ID number to create a ""My Ooredoo"" account.",N/A,N/A,,,,,,,
"Sources (reference, specific page, section, etc.)","Sources 9, 10, 15, and 16",,,,,,,,,
,,,,,,,,,,
,,,,,,,,,,
Points for F11.1,0,exclude,exclude,,,,,,,
,,,,,,,,,,
Level score:,0.00,N/A,N/A,,,,,,,
,,,,,,,,,,
Averages:,0.00,,N/A,,,,,,,
,,,,,,,,,,
Indicator score:,0.00,,,,,,,,,
,,,,,,,,,,
P1,Prepaid Mobile,Postpaid Mobile,Fixed Line Broadband,,,,,,,
Consolidated answer for P1.1:,no disclosure found,no disclosure found,no disclosure found,,,,,,,
Consolidated answer for P1.2:,no disclosure found,no disclosure found,no disclosure found,,,,,,,
Consolidated answer for P1.3:,no disclosure found,no disclosure found,no disclosure found,,,,,,,
Consolidated answer for P1.4:,N/A,N/A,N/A,,,,,,,
Comments for P1.1 (explain score),The company's privacy policy is not available. There is only a short section on personal information and data in the company's general Terms and Conditions (Sources 1 and 2). The privacy policy available on the company's site (Sources 5 and 6) only covers the website ooredoo.qa. ,The company's privacy policy is not available. There is only a short section on personal information and data in the company's general Terms and Conditions (Sources 1 and 2). The privacy policy available on the company's site (Sources 5 and 6) only covers the website ooredoo.qa. ,The company's privacy policy is not available. There is only a short section on personal information and data in the company's general Terms and Conditions (Sources 1 and 2). The privacy policy available on the company's site (Sources 5 and 6) only covers the website ooredoo.qa. ,,,,,,,
Comments for P1.2 (explain score),no disclosure found,no disclosure found,no disclosure found,,,,,,,
Comments for P1.3 (explain score),no disclosure found,no disclosure found,no disclosure found,,,,,,,
Comments for P1.4 (explain score),N/A,N/A,N/A,,,,,,,
"Sources (reference, specific page, section, etc.)","1, 2, 5, 6","1, 2, 5, 6","1, 2, 5, 6",,,,,,,
,,,,,,,,,,
,,,,,,,,,,
Points for P1.1,0,0,0,,,,,,,
Points for P1.2,0,0,0,,,,,,,
Points for P1.3,0,0,0,,,,,,,
Points for P1.4,exclude,exclude,exclude,,,,,,,
,,,,,,,,,,
Level score:,0.00,0.00,0.00,,,,,,,
,,,,,,,,,,
Averages:,0.00,,0.00,,,,,,,
,,,,,,,,,,
Indicator score:,0.00,,,,,,,,,
,,,,,,,,,,
P2,Prepaid Mobile,Postpaid Mobile,Fixed Line Broadband,,,,,,,
Consolidated answer for P2.1:,no disclosure found,no disclosure found,no disclosure found,,,,,,,
Consolidated answer for P2.2:,no disclosure found,no disclosure found,no disclosure found,,,,,,,
Consolidated answer for P2.3:,no disclosure found,no disclosure found,no disclosure found,,,,,,,
Consolidated answer for P2.4:,no disclosure found,no disclosure found,no disclosure found,,,,,,,
Consolidated answer for P2.5:,N/A,N/A,N/A,,,,,,,
Comments for P2.1 (explain score),no disclosure found,no disclosure found,no disclosure found,,,,,,,
Comments for P2.2 (explain score),no disclosure found,no disclosure found,no disclosure found,,,,,,,
Comments for P2.3 (explain score),no disclosure found,no disclosure found,no disclosure found,,,,,,,
Comments for P2.4 (explain score),no disclosure found,no disclosure found,no disclosure found,,,,,,,
Comments for P2.5 (explain score),N/A,N/A,N/A,,,,,,,
"Sources (reference, specific page, section, etc.)",,,,,,,,,,
,,,,,,,,,,
,,,,,,,,,,
Points for P2.1,0,0,0,,,,,,,
Points for P2.2,0,0,0,,,,,,,
Points for P2.3,0,0,0,,,,,,,
Points for P2.4,0,0,0,,,,,,,
Points for P2.5,exclude,exclude,exclude,,,,,,,
,,,,,,,,,,
Level score:,0.00,0.00,0.00,,,,,,,
,,,,,,,,,,
Averages:,0.00,,0.00,,,,,,,
,,,,,,,,,,
Indicator score:,0.00,,,,,,,,,
,,,,,,,,,,
P3,Prepaid Mobile,Postpaid Mobile,Fixed Line Broadband,,,,,,,
Consolidated answer for P3.1,no disclosure found,no disclosure found,no disclosure found,,,,,,,
Consolidated answer for P3.2,no disclosure found,no disclosure found,no disclosure found,,,,,,,
Consolidated answer for P3.3,no disclosure found,no disclosure found,no disclosure found,,,,,,,
Consolidated answer for P3.4,N/A,N/A,N/A,,,,,,,
Consolidated answer for P3.5,N/A,N/A,N/A,,,,,,,
Comments for P3.1 (explain score),"In Article 18 of the general Terms & Conditions, the company refers to ""the personal information requested in the Application form [which] is needed to provide you with the Service(s)."" This refers only to the information a user provides when setting up an account. It does not specify the type of user information the company collects while providing the user with service.","In Article 18 of the general Terms & Conditions, the company refers to ""the personal information requested in the Application form [which] is needed to provide you with the Service(s)."" This refers only to the information a user provides when setting up an account. It does not specify the type of user information the company collects while providing the user with service.","In Article 18 of the general Terms & Conditions, the company refers to ""the personal information requested in the Application form [which] is needed to provide you with the Service(s)."" This refers only to the information a user provides when setting up an account. It does not specify the type of user information the company collects while providing the user with service.",,,,,,,
Comments for P3.2 (explain score),no disclosure found,no disclosure found,no disclosure found,,,,,,,
Comments for P3.3 (explain score),no disclosure found,no disclosure found,no disclosure found,,,,,,,
Comments for P3.4 (explain score),N/A,N/A,N/A,,,,,,,
Comments for P3.5 (explain score),N/A,N/A,N/A,,,,,,,
"Sources (reference, specific page, section, etc.)","Sources 1 and 2, Article 18","Sources 1 and 2, Article 18","Sources 1 and 2, Article 18",,,,,,,
,,,,,,,,,,
,,,,,,,,,,
Points for P3.1,0,0,0,,,,,,,
Points for P3.2,0,0,0,,,,,,,
Points for P3.3,0,0,0,,,,,,,
Points for P3.4,exclude,exclude,exclude,,,,,,,
Points for P3.5,exclude,exclude,exclude,,,,,,,
,,,,,,,,,,
Level score:,0.00,0.00,0.00,,,,,,,
,,,,,,,,,,
Averages:,0.00,,0.00,,,,,,,
,,,,,,,,,,
Indicator score:,0.00,,,,,,,,,
,,,,,,,,,,
P4,Prepaid Mobile,Postpaid Mobile,Fixed Line Broadband,,,,,,,
Consolidated answer for P4.1,no disclosure found,no disclosure found,no disclosure found,,,,,,,
Consolidated answer for P4.2,no disclosure found,no disclosure found,no disclosure found,,,,,,,
Consolidated answer for P4.3,no disclosure found,no disclosure found,no disclosure found,,,,,,,
Consolidated answer for P4.4,no disclosure found,no disclosure found,no disclosure found,,,,,,,
Consolidated answer for P4.5,N/A,N/A,N/A,,,,,,,
Consolidated answer for P4.6,N/A,N/A,N/A,,,,,,,
Comments for P4.1 (explain score),no disclosure found,no disclosure found,no disclosure found,,,,,,,
Comments for P4.2 (explain score),no disclosure found,no disclosure found,no disclosure found,,,,,,,
Comments for P4.3 (explain score),"In its Code of Business Conduct and Ethics (sources 3 and 4), Ooredoo Qatar states the following: ""All personnel shall maintain the confidentiality of information entrusted to them by the Company or its customers, except when disclosure is authorized or legally mandated"". This, however, does not constitute a clear disclosure from the company, as it fails to specify or give examples of government authorities with which it may share user information. ","In its Code of Business Conduct and Ethics (sources 3 and 4), Ooredoo Qatar states the following: ""All personnel shall maintain the confidentiality of information entrusted to them by the Company or its customers, except when disclosure is authorized or legally mandated"". This, however, does not constitute a clear disclosure from the company, as it fails to specify or give examples of government authorities with which it may share user information. ","In its Code of Business Conduct and Ethics (sources 3 and 4), Ooredoo Qatar states the following: ""All personnel shall maintain the confidentiality of information entrusted to them by the Company or its customers, except when disclosure is authorized or legally mandated"". This, however, does not constitute a clear disclosure from the company, as it fails to specify or give examples of government authorities with which it may share user information. ",,,,,,,
Comments for P4.4 (explain score),no disclosure found,no disclosure found,no disclosure found,,,,,,,
Comments for P4.5 (explain score),N/A,N/A,N/A,,,,,,,
Comments for P4.6 (explain score),N/A,N/A,N/A,,,,,,,
"Sources (reference, specific page, section, etc.)",Sources 3 and 4 (section 10.3.7.3 page 6),Sources 3 and 4 (section 10.3.7.3 page 6),Sources 3 and 4 (section 10.3.7.3 page 6),,,,,,,
,,,,,,,,,,
,,,,,,,,,,
Points for P4.1,0,0,0,,,,,,,
Points for P4.2,0,0,0,,,,,,,
Points for P4.3,0,0,0,,,,,,,
Points for P4.4,0,0,0,,,,,,,
Points for P4.5,exclude,exclude,exclude,,,,,,,
Points for P4.6,exclude,exclude,exclude,,,,,,,
,,,,,,,,,,
Level score:,0.00,0.00,0.00,,,,,,,
,,,,,,,,,,
Averages:,0.00,,0.00,,,,,,,
,,,,,,,,,,
Indicator score:,0.00,,,,,,,,,
,,,,,,,,,,
P5,Prepaid Mobile,Postpaid Mobile,Fixed Line Broadband,,,,,,,
Consolidated answer for P5.1:,no disclosure found,no disclosure found,no disclosure found,,,,,,,
Consolidated answer for P5.2:,no disclosure found,no disclosure found,no disclosure found,,,,,,,
Consolidated answer for P5.3:,no disclosure found,no disclosure found,no disclosure found,,,,,,,
Consolidated answer for P5.4:,no disclosure found,no disclosure found,no disclosure found,,,,,,,
Comments for P5.1 (explain score),"In Article 18 of the general Terms & Conditions, the company refers to ""the personal information requested in the Application form [which] is needed to provide you with the Service(s)."" This refers only to the information a user provides when setting up an account. It does not specify the type of user information the company collects while providing the user with service.","In Article 18 of the general Terms & Conditions, the company refers to ""the personal information requested in the Application form [which] is needed to provide you with the Service(s)."" This refers only to the information a user provides when setting up an account. It does not specify the type of user information the company collects while providing the user with service.","In Article 18 of the general Terms & Conditions, the company refers to ""the personal information requested in the Application form [which] is needed to provide you with the Service(s)."" This refers only to the information a user provides when setting up an account. It does not specify the type of user information the company collects while providing the user with service.",,,,,,,
Comments for P5.2 (explain score),no disclosure found,no disclosure found,no disclosure found,,,,,,,
Comments for P5.3 (explain score),no disclosure found,no disclosure found,no disclosure found,,,,,,,
Comments for P5.4 (explain score),no disclosure found,no disclosure found,no disclosure found,,,,,,,
"Sources (reference, specific page, section, etc.)",Sources 1 and 2 (article 18),Sources 1 and 2 (article 18),Sources 1 and 2 (article 18),,,,,,,
,,,,,,,,,,
,,,,,,,,,,
Points for P5.1,0,0,0,,,,,,,
Points for P5.2,0,0,0,,,,,,,
Points for P5.3,0,0,0,,,,,,,
Points for P5.4,0,0,0,,,,,,,
,,,,,,,,,,
Level score:,0.00,0.00,0.00,,,,,,,
,,,,,,,,,,
Averages:,0.00,,0.00,,,,,,,
,,,,,,,,,,
Indicator score:,0.00,,,,,,,,,
,,,,,,,,,,
P6,Prepaid Mobile,Postpaid Mobile,Fixed Line Broadband,,,,,,,
Consolidated answer for P6.1,no disclosure found,no disclosure found,no disclosure found,,,,,,,
Consolidated answer for P6.2,no disclosure found,no disclosure found,no disclosure found,,,,,,,
Consolidated answer for P6.3,no disclosure found,no disclosure found,no disclosure found,,,,,,,
Consolidated answer for P6.4,no disclosure found,no disclosure found,no disclosure found,,,,,,,
Consolidated answer for P6.5,no disclosure found,no disclosure found,no disclosure found,,,,,,,
Consolidated answer for P6.6,N/A,N/A,N/A,,,,,,,
Consolidated answer for P6.7,N/A,N/A,N/A,,,,,,,
Comments for P6.1 (explain score),no disclosure found,no disclosure found,no disclosure found,,,,,,,
Comments for P6.2 (explain score),no disclosure found,no disclosure found,no disclosure found,,,,,,,
Comments for P6.3 (explain score),no disclosure found,no disclosure found,no disclosure found,,,,,,,
Comments for P6.4 (explain score),no disclosure found,no disclosure found,no disclosure found,,,,,,,
Comments for P6.5 (explain score),no disclosure found,no disclosure found,no disclosure found,,,,,,,
Comments for P6.6 (explain score),N/A,N/A,N/A,,,,,,,
Comments for P6.7 (explain score),N/A,N/A,N/A,,,,,,,
"Sources (reference, specific page, section, etc.)",,,,,,,,,,
,,,,,,,,,,
,,,,,,,,,,
Points for P6.1,0,0,0,,,,,,,
Points for P6.2,0,0,0,,,,,,,
Points for P6.3,0,0,0,,,,,,,
Points for P6.4,0,0,0,,,,,,,
Points for P6.5,0,0,0,,,,,,,
Points for P6.6,exclude,exclude,exclude,,,,,,,
Points for P6.7,exclude,exclude,exclude,,,,,,,
,,,,,,,,,,
Level score:,0.00,0.00,0.00,,,,,,,
,,,,,,,,,,
Averages:,0.00,,0.00,,,,,,,
,,,,,,,,,,
Indicator score:,0.00,,,,,,,,,
,,,,,,,,,,
P7,Prepaid Mobile,Postpaid Mobile,Fixed Line Broadband,,,,,,,
Consolidated answer for P7.1,no disclosure found,no disclosure found,no disclosure found,,,,,,,
Consolidated answer for P7.2,no disclosure found,no disclosure found,no disclosure found,,,,,,,
Consolidated answer for P7.3,no disclosure found,no disclosure found,no disclosure found,,,,,,,
Consolidated answer for P7.4,no disclosure found,no disclosure found,no disclosure found,,,,,,,
Consolidated answer for P7.5,N/A,N/A,N/A,,,,,,,
Comments for P7.1 (explain score),"In article 18 of the general Terms & Conditions, Ooredoo Qatar states the following: ""We will protect and respect your personal information and we will not collect, use, retain, or advertise any such information without your prior written approval and subject to the relevant law and applicable regulation"". The company, however, does not specify each type of user information it collects and does not provide any detail on what options users have to control the collection each type of user information.","In article 18 of the general Terms & Conditions, Ooredoo Qatar states the following: ""We will protect and respect your personal information and we will not collect, use, retain, or advertise any such information without your prior written approval and subject to the relevant law and applicable regulation"". The company, however, does not specify each type of user information it collects and does not provide any detail on what options users have to control the collection each type of user information.","In article 18 of the general Terms & Conditions, Ooredoo Qatar states the following: ""We will protect and respect your personal information and we will not collect, use, retain, or advertise any such information without your prior written approval and subject to the relevant law and applicable regulation"". The company, however, does not specify each type of user information it collects and does not provide any detail on what options users have to control the collection each type of user information.",,,,,,,
Comments for P7.2 (explain score),no disclosure found,no disclosure found,no disclosure found,,,,,,,
Comments for P7.3 (explain score),no disclosure found,no disclosure found,no disclosure found,,,,,,,
Comments for P7.4 (explain score),no disclosure found,no disclosure found,no disclosure found,,,,,,,
Comments for P7.5 (explain score),N/A,N/A,N/A,,,,,,,
"Sources (reference, specific page, section, etc.)",Sources 1 and 2 (article 18),Sources 1 and 2 (article 18),Sources 1 and 2 (article 18),,,,,,,
,,,,,,,,,,
,,,,,,,,,,
Points for P7.1,0,0,0,,,,,,,
Points for P7.2,0,0,0,,,,,,,
Points for P7.3,0,0,0,,,,,,,
Points for P7.4,0,0,0,,,,,,,
Points for P7.5,exclude,exclude,exclude,,,,,,,
,,,,,,,,,,
Level score:,0.00,0.00,0.00,,,,,,,
,,,,,,,,,,
Averages:,0.00,,0.00,,,,,,,
,,,,,,,,,,
Indicator score:,0.00,,,,,,,,,
,,,,,,,,,,
P8,Prepaid Mobile,Postpaid Mobile,Fixed Line Broadband,,,,,,,
Consolidated answer for P8.1,no disclosure found,no disclosure found,no disclosure found,,,,,,,
Consolidated answer for P8.2,no disclosure found,no disclosure found,no disclosure found,,,,,,,
Consolidated answer for P8.3,no disclosure found,no disclosure found,no disclosure found,,,,,,,
Consolidated answer for P8.4,no disclosure found,no disclosure found,no disclosure found,,,,,,,
Consolidated answer for P8.5,N/A,N/A,N/A,,,,,,,
Comments for P8.1 (explain score),"Ooredoo Qatar discloses that its customers may request to correct or remove any of their personal information stored in the company's databases, but it does not disclose whether users can obtain a copy of their information.","Ooredoo Qatar discloses that its customers may request to correct or remove any of their personal information stored in the company's databases, but it does not disclose whether users can obtain a copy of their information.","Ooredoo Qatar discloses that its customers may request to correct or remove any of their personal information stored in the company's databases, but it does not disclose whether users can obtain a copy of their information.",,,,,,,
Comments for P8.2 (explain score),no disclosure found,no disclosure found,no disclosure found,,,,,,,
Comments for P8.3 (explain score),no disclosure found,no disclosure found,no disclosure found,,,,,,,
Comments for P8.4 (explain score),no disclosure found,no disclosure found,no disclosure found,,,,,,,
Comments for P8.5 (explain score),N/A,N/A,N/A,,,,,,,
"Sources (reference, specific page, section, etc.)",Sources 1 and 2 (article 18),Sources 1 and 2 (article 18),Sources 1 and 2 (article 18),,,,,,,
,,,,,,,,,,
,,,,,,,,,,
Points for P8.1,0,0,0,,,,,,,
Points for P8.2,0,0,0,,,,,,,
Points for P8.3,0,0,0,,,,,,,
Points for P8.4,0,0,0,,,,,,,
Points for P8.5,exclude,exclude,exclude,,,,,,,
,,,,,,,,,,
Level score:,0.00,0.00,0.00,,,,,,,
,,,,,,,,,,
Averages:,0.00,,0.00,,,,,,,
,,,,,,,,,,
Indicator score:,0.00,,,,,,,,,
,,,,,,,,,,
P9,Prepaid Mobile,Postpaid Mobile,Fixed Line Broadband,,,,,,,
Consolidated answer for P9.1,N/A,N/A,N/A,,,,,,,
Consolidated answer for P9.2,N/A,N/A,N/A,,,,,,,
Consolidated answer for P9.3,N/A,N/A,N/A,,,,,,,
Consolidated answer for P9.4,N/A,N/A,N/A,,,,,,,
Consolidated answer for P9.5,N/A,N/A,N/A,,,,,,,
Comments for P9.1 (explain score),N/A,N/A,N/A,,,,,,,
Comments for P9.2 (explain score),N/A,N/A,N/A,,,,,,,
Comments for P9.3 (explain score),N/A,N/A,N/A,,,,,,,
Comments for P9.4 (explain score),N/A,N/A,N/A,,,,,,,
Comments for P9.5 (explain score),N/A,N/A,N/A,,,,,,,
"Sources (reference, specific page, section, etc.)",,,,,,,,,,
,,,,,,,,,,
,,,,,,,,,,
Points for P9.1,exclude,exclude,exclude,,,,,,,
Points for P9.2,exclude,exclude,exclude,,,,,,,
Points for P9.3,exclude,exclude,exclude,,,,,,,
Points for P9.4,exclude,exclude,exclude,,,,,,,
Points for P9.5,exclude,exclude,exclude,,,,,,,
,,,,,,,,,,
Level score:,N/A,N/A,N/A,,,,,,,
,,,,,,,,,,
Averages:,N/A,,N/A,,,,,,,
,,,,,,,,,,
Indicator score:,N/A,,,,,,,,,
,,,,,,,,,,
P10,Prepaid Mobile,Postpaid Mobile,Fixed Line Broadband,,,,,,,
Consolidated answer for P10.1,no disclosure found,no disclosure found,no disclosure found,,,,,,,
Consolidated answer for P10.2,no disclosure found,no disclosure found,no disclosure found,,,,,,,
Consolidated answer for P10.3,no disclosure found,no disclosure found,no disclosure found,,,,,,,
Consolidated answer for P10.4,no disclosure found,no disclosure found,no disclosure found,,,,,,,
Consolidated answer for P10.5,no disclosure found,no disclosure found,no disclosure found,,,,,,,
Consolidated answer for P10.6,no disclosure found,no disclosure found,no disclosure found,,,,,,,
Consolidated answer for P10.7,no disclosure found,no disclosure found,no disclosure found,,,,,,,
Consolidated answer for P10.8,no disclosure found,no disclosure found,no disclosure found,,,,,,,
Consolidated answer for P10.9,no disclosure found,no disclosure found,no disclosure found,,,,,,,
Consolidated answer for P10.10,no disclosure found,no disclosure found,no disclosure found,,,,,,,
Consolidated answer for P10.11,no disclosure found,no disclosure found,no disclosure found,,,,,,,
Consolidated answer for P10.12,no disclosure found,no disclosure found,no disclosure found,,,,,,,
Comments for P10.1 (explain score),no disclosure found,no disclosure found,no disclosure found,,,,,,,
Comments for P10.2 (explain score),no disclosure found,no disclosure found,no disclosure found,,,,,,,
Comments for P10.3 (explain score),no disclosure found,no disclosure found,no disclosure found,,,,,,,
Comments for P10.4 (explain score),no disclosure found,no disclosure found,no disclosure found,,,,,,,
Comments for P10.5 (explain score),no disclosure found,no disclosure found,no disclosure found,,,,,,,
Comments for P10.6 (explain score),no disclosure found,no disclosure found,no disclosure found,,,,,,,
Comments for P10.7 (explain score),no disclosure found,no disclosure found,no disclosure found,,,,,,,
Comments for P10.8 (explain score),no disclosure found,no disclosure found,no disclosure found,,,,,,,
Comments for P10.9 (explain score),no disclosure found,no disclosure found,no disclosure found,,,,,,,
Comments for P10.10 (explain score),no disclosure found,no disclosure found,no disclosure found,,,,,,,
Comments for P10.11 (explain score),no disclosure found,no disclosure found,no disclosure found,,,,,,,
Comments for P10.12 (explain score),no disclosure found,no disclosure found,no disclosure found,,,,,,,
"Sources (reference, specific page, section, etc.)",,,,,,,,,,
,,,,,,,,,,
,,,,,,,,,,
Points for P10.1,0,0,0,,,,,,,
Points for P10.2,0,0,0,,,,,,,
Points for P10.3,0,0,0,,,,,,,
Points for P10.4,0,0,0,,,,,,,
Points for P10.5,0,0,0,,,,,,,
Points for P10.6,0,0,0,,,,,,,
Points for P10.7,0,0,0,,,,,,,
Points for P10.8,0,0,0,,,,,,,
Points for P10.9,0,0,0,,,,,,,
Points for P10.10,0,0,0,,,,,,,
Points for P10.11,0,0,0,,,,,,,
Points for P10.12,0,0,0,,,,,,,
,,,,,,,,,,
Level score:,0.00,0.00,0.00,,,,,,,
,,,,,,,,,,
Averages:,0.00,,0.00,,,,,,,
,,,,,,,,,,
Indicator score:,0.00,,,,,,,,,
,,,,,,,,,,
P11,Prepaid Mobile,Postpaid Mobile,Fixed Line Broadband,,,,,,,
Consolidated answer for P11.1,no disclosure found,no disclosure found,no disclosure found,,,,,,,
Consolidated answer for P11.2,no disclosure found,no disclosure found,no disclosure found,,,,,,,
Consolidated answer for P11.3,no disclosure found,no disclosure found,no disclosure found,,,,,,,
Consolidated answer for P11.4,no disclosure found,no disclosure found,no disclosure found,,,,,,,
Consolidated answer for P11.5,no disclosure found,no disclosure found,no disclosure found,,,,,,,
Consolidated answer for P11.6,no disclosure found,no disclosure found,no disclosure found,,,,,,,
Consolidated answer for P11.7,no disclosure found,no disclosure found,no disclosure found,,,,,,,
Consolidated answer for P11.8,no disclosure found,no disclosure found,no disclosure found,,,,,,,
Consolidated answer for P11.9,no disclosure found,no disclosure found,no disclosure found,,,,,,,
Consolidated answer for P11.10,no disclosure found,no disclosure found,no disclosure found,,,,,,,
Consolidated answer for P11.11,no disclosure found,no disclosure found,no disclosure found,,,,,,,
Comments for P11.1 (explain score),no disclosure found,no disclosure found,no disclosure found,,,,,,,
Comments for P11.2 (explain score),no disclosure found,no disclosure found,no disclosure found,,,,,,,
Comments for P11.3 (explain score),no disclosure found,no disclosure found,no disclosure found,,,,,,,
Comments for P11.4 (explain score),no disclosure found,no disclosure found,no disclosure found,,,,,,,
Comments for P11.5 (explain score),no disclosure found,no disclosure found,no disclosure found,,,,,,,
Comments for P11.6 (explain score),no disclosure found,no disclosure found,no disclosure found,,,,,,,
Comments for P11.7 (explain score),no disclosure found,no disclosure found,no disclosure found,,,,,,,
Comments for P11.8 (explain score),no disclosure found,no disclosure found,no disclosure found,,,,,,,
Comments for P11.9 (explain score),no disclosure found,no disclosure found,no disclosure found,,,,,,,
Comments for P11.10 (explain score),no disclosure found,no disclosure found,no disclosure found,,,,,,,
Comments for P11.11 (explain score),no disclosure found,no disclosure found,no disclosure found,,,,,,,
"Sources (reference, specific page, section, etc.)",,,,,,,,,,
,,,,,,,,,,
,,,,,,,,,,
Points for P11.1,0,0,0,,,,,,,
Points for P11.2,0,0,0,,,,,,,
Points for P11.3,0,0,0,,,,,,,
Points for P11.4,0,0,0,,,,,,,
Points for P11.5,0,0,0,,,,,,,
Points for P11.6,0,0,0,,,,,,,
Points for P11.7,0,0,0,,,,,,,
Points for P11.8,0,0,0,,,,,,,
Points for P11.9,0,0,0,,,,,,,
Points for P11.10,0,0,0,,,,,,,
Points for P11.11,0,0,0,,,,,,,
,,,,,,,,,,
Level score:,0.00,0.00,0.00,,,,,,,
,,,,,,,,,,
Averages:,0.00,,0.00,,,,,,,
,,,,,,,,,,
Indicator score:,0.00,,,,,,,,,
,,,,,,,,,,
P12,Prepaid Mobile,Postpaid Mobile,Fixed Line Broadband,,,,,,,
Consolidated answer for P12.1,no disclosure found,no disclosure found,no disclosure found,,,,,,,
Consolidated answer for P12.2,no disclosure found,no disclosure found,no disclosure found,,,,,,,
Consolidated answer for P12.3,no disclosure found,no disclosure found,no disclosure found,,,,,,,
Comments for P12.1 (explain score),no disclosure found,no disclosure found,no disclosure found,,,,,,,
Comments for P12.2 (explain score),no disclosure found,no disclosure found,no disclosure found,,,,,,,
Comments for P12.3 (explain score),no disclosure found,no disclosure found,no disclosure found,,,,,,,
"Sources (reference, specific page, section, etc.)",,,,,,,,,,
,,,,,,,,,,
,,,,,,,,,,
Points for P12.1,0,0,0,,,,,,,
Points for P12.2,0,0,0,,,,,,,
Points for P12.3,0,0,0,,,,,,,
,,,,,,,,,,
Level score:,0.00,0.00,0.00,,,,,,,
,,,,,,,,,,
Averages:,0.00,,0.00,,,,,,,
,,,,,,,,,,
Indicator score:,0.00,,,,,,,,,
,,,,,,,,,,
P13,Prepaid Mobile,Postpaid Mobile,Fixed Line Broadband,,,,,,,
Consolidated answer for P13.1,no disclosure found,no disclosure found,no disclosure found,,,,,,,
Consolidated answer for P13.2,no disclosure found,no disclosure found,no disclosure found,,,,,,,
Consolidated answer for P13.3,no disclosure found,no disclosure found,no disclosure found,,,,,,,
Comments for P13.1 (explain score),"Ooredoo Qatar's Code of Business Conduct and Ethics states that ""all personnel shall maintain the
confidentiality of information entrusted to them by the Company or its customers, except when disclosure is authorized or legally mandated,"" and bans employees from using ""their positions in the Company to make any unauthorized intrusion into the privacy of the communication of any personnel or customers."" The company, however, does not disclose if it has systems to limit and monitor employee access to user information.","Ooredoo Qatar's Code of Business Conduct and Ethics states that ""all personnel shall maintain the
confidentiality of information entrusted to them by the Company or its customers, except when disclosure is authorized or legally mandated,"" and bans employees from using ""their positions in the Company to make any unauthorized intrusion into the privacy of the communication of any personnel or customers."" The company, however, does not disclose if it has systems to limit and monitor employee access to user information.","Ooredoo Qatar's Code of Business Conduct and Ethics states that ""all personnel shall maintain the
confidentiality of information entrusted to them by the Company or its customers, except when disclosure is authorized or legally mandated,"" and bans employees from using ""their positions in the Company to make any unauthorized intrusion into the privacy of the communication of any personnel or customers."" The company, however, does not disclose if it has systems to limit and monitor employee access to user information.",,,,,,,
Comments for P13.2 (explain score),no disclosure found,no disclosure found,no disclosure found,,,,,,,
Comments for P13.3 (explain score),no disclosure found,no disclosure found,no disclosure found,,,,,,,
"Sources (reference, specific page, section, etc.)",Sources 3 and 4 (section 10.3.7.3 and 10.3.7.4),Sources 3 and 4 (section 10.3.7.3 and 10.3.7.4),Sources 3 and 4 (section 10.3.7.3 and 10.3.7.4),,,,,,,
,,,,,,,,,,
,,,,,,,,,,
Points for P13.1,0,0,0,,,,,,,
Points for P13.2,0,0,0,,,,,,,
Points for P13.3,0,0,0,,,,,,,
,,,,,,,,,,
Level score:,0.00,0.00,0.00,,,,,,,
,,,,,,,,,,
Averages:,0.00,,0.00,,,,,,,
,,,,,,,,,,
Indicator score:,0.00,,,,,,,,,
,,,,,,,,,,
P14,Prepaid Mobile,Postpaid Mobile,Fixed Line Broadband,,,,,,,
Consolidated answer for P14.1,no disclosure found,no disclosure found,no disclosure found,,,,,,,
Consolidated answer for P14.2,no disclosure found,no disclosure found,no disclosure found,,,,,,,
Consolidated answer for P14.3,no disclosure found,no disclosure found,no disclosure found,,,,,,,
Consolidated answer for P14.4,N/A,N/A,N/A,,,,,,,
Consolidated answer for P14.5,no disclosure found,no disclosure found,no disclosure found,,,,,,,
Consolidated answer for P14.6,no disclosure found,no disclosure found,no disclosure found,,,,,,,
Consolidated answer for P14.7,N/A,N/A,N/A,,,,,,,
Consolidated answer for P14.8,N/A,N/A,N/A,,,,,,,
Consolidated answer for P14.9,no disclosure found,no disclosure found,no disclosure found,,,,,,,
Comments for P14.1 (explain score),no disclosure found,no disclosure found,no disclosure found,,,,,,,
Comments for P14.2 (explain score),no disclosure found,no disclosure found,no disclosure found,,,,,,,
Comments for P14.3 (explain score),no disclosure found,no disclosure found,no disclosure found,,,,,,,
Comments for P14.4 (explain score),N/A,N/A,N/A,,,,,,,
Comments for P14.5 (explain score),no disclosure found,no disclosure found,no disclosure found,,,,,,,
Comments for P14.6 (explain score),no disclosure found,no disclosure found,no disclosure found,,,,,,,
Comments for P14.7 (explain score),N/A,N/A,N/A,,,,,,,
Comments for P14.8 (explain score),N/A,N/A,N/A,,,,,,,
Comments for P14.9 (explain score),no disclosure found,no disclosure found,no disclosure found,,,,,,,
"Sources (reference, specific page, section, etc.)",,,,,,,,,,
,,,,,,,,,,
,,,,,,,,,,
Points for P14.1,0,0,0,,,,,,,
Points for P14.2,0,0,0,,,,,,,
Points for P14.3,0,0,0,,,,,,,
Points for P14.4,exclude,exclude,exclude,,,,,,,
Points for P14.5,0,0,0,,,,,,,
Points for P14.6,0,0,0,,,,,,,
Points for P14.7,exclude,exclude,exclude,,,,,,,
Points for P14.8,exclude,exclude,exclude,,,,,,,
Points for P14.9,0,0,0,,,,,,,
,,,,,,,,,,
Level score:,0.00,0.00,0.00,,,,,,,
,,,,,,,,,,
Averages:,0.00,,0.00,,,,,,,
,,,,,,,,,,
Indicator score:,0.00,,,,,,,,,
,,,,,,,,,,
P15,Prepaid Mobile,Postpaid Mobile,Fixed Line Broadband,,,,,,,
Consolidated answer for P15.1,no disclosure found,no disclosure found,no disclosure found,,,,,,,
Consolidated answer for P15.2,no disclosure found,no disclosure found,no disclosure found,,,,,,,
Consolidated answer for P15.3,no disclosure found,no disclosure found,no disclosure found,,,,,,,
Comments for P15.1 (explain score),no disclosure found,no disclosure found,no disclosure found,,,,,,,
Comments for P15.2 (explain score),no disclosure found,no disclosure found,no disclosure found,,,,,,,
Comments for P15.3 (explain score),no disclosure found,no disclosure found,no disclosure found,,,,,,,
"Sources (reference, specific page, section, etc.)",,,,,,,,,,
,,,,,,,,,,
,,,,,,,,,,
Points for P15.1,0,0,0,,,,,,,
Points for P15.2,0,0,0,,,,,,,
Points for P15.3,0,0,0,,,,,,,
,,,,,,,,,,
Level score:,0.00,0.00,0.00,,,,,,,
,,,,,,,,,,
Averages:,0.00,,0.00,,,,,,,
,,,,,,,,,,
Indicator score:,0.00,,,,,,,,,
,,,,,,,,,,
P16,Prepaid Mobile,Postpaid Mobile,Fixed Line Broadband,,,,,,,
Consolidated answer for P16.1,N/A,N/A,N/A,,,,,,,
Consolidated answer for P16.2,N/A,N/A,N/A,,,,,,,
Consolidated answer for P16.3,N/A,N/A,N/A,,,,,,,
Consolidated answer for P16.4,N/A,N/A,N/A,,,,,,,
Comments for P16.1 (explain score),N/A,N/A,N/A,,,,,,,
Comments for P16.2 (explain score),N/A,N/A,N/A,,,,,,,
Comments for P16.3 (explain score),N/A,N/A,N/A,,,,,,,
Comments for P16.4 (explain score),N/A,N/A,N/A,,,,,,,
"Sources (reference, specific page, section, etc.)",,,,,,,,,,
,,,,,,,,,,
,,,,,,,,,,
Points for P16.1,exclude,exclude,exclude,,,,,,,
Points for P16.2,exclude,exclude,exclude,,,,,,,
Points for P16.3,exclude,exclude,exclude,,,,,,,
Points for P16.4,exclude,exclude,exclude,,,,,,,
,,,,,,,,,,
Level score:,N/A,N/A,N/A,,,,,,,
,,,,,,,,,,
Averages:,N/A,,N/A,,,,,,,
,,,,,,,,,,
Indicator score:,N/A,,,,,,,,,
,,,,,,,,,,
P17,Prepaid Mobile,Postpaid Mobile,Fixed Line Broadband,,,,,,,
Consolidated answer for P17.1,N/A,N/A,N/A,,,,,,,
Consolidated answer for P17.2,N/A,N/A,N/A,,,,,,,
Consolidated answer for P17.3,N/A,N/A,N/A,,,,,,,
Comments for P17.1 (explain score),N/A,N/A,N/A,,,,,,,
Comments for P17.2 (explain score),N/A,N/A,N/A,,,,,,,
Comments for P17.3 (explain score),N/A,N/A,N/A,,,,,,,
"Sources (reference, specific page, section, etc.)",,,,,,,,,,
,,,,,,,,,,
,,,,,,,,,,
Points for P17.1,exclude,exclude,exclude,,,,,,,
Points for P17.2,exclude,exclude,exclude,,,,,,,
Points for P17.3,exclude,exclude,exclude,,,,,,,
,,,,,,,,,,
Level score:,N/A,N/A,N/A,,,,,,,
,,,,,,,,,,
Averages:,N/A,,N/A,,,,,,,
,,,,,,,,,,
Indicator score:,N/A,,,,,,,,,
,,,,,,,,,,
P18,Prepaid Mobile,Postpaid Mobile,Fixed Line Broadband,,,,,,,
Consolidated answer for P18.1,no disclosure found,no disclosure found,no disclosure found,,,,,,,
Comments for P18.1 (explain score),no disclosure found,no disclosure found,no disclosure found,,,,,,,
"Sources (reference, specific page, section, etc.)",,,,,,,,,,
,,,,,,,,,,
,,,,,,,,,,
Points for P18.1,0,0,0,,,,,,,
,,,,,,,,,,
Level score:,0.00,0.00,0.00,,,,,,,
,,,,,,,,,,
Averages:,0.00,,0.00,,,,,,,
,,,,,,,,,,
Indicator score:,0.00,,,,,,,,,