Source reference number,Document title,URL,Date of document (if applicable),Date accessed
1,MTN Group Terms and Conditions,https://www.mtn.com/MTNGroup/pages/TermsConditions.aspx,,9/20/2016
2,MTN ZA Standard Subscriber Terms and condition,https://www.mtn.co.za/support/Documents/MTNSubscriberTermsplainlanguae%20_29%20012015_ExecutionVersion.pdf,2014,9/20/2016
3,MTN ZA PayAsYouGo Terms and conditions,https://www.mtn.co.za/Pages/Website_legal.aspx,,9/20/2016
4,MTN ZA Postpaid 1 Contract and TopUp Terms and conditions,https://www.mtn.co.za/Pages/Website_legal.aspx,,9/20/2016
5,MTN ZA Postpaid 2 Prestige Plus Terms and conditions,https://www.mtn.co.za/Pages/Website_legal.aspx,,9/20/2016
6,MTN ZA Short Subscriber Agreement,https://www.mtn.co.za/support/Documents/ShortSubscriberAgreement_04022015_ExecutionCopy.pdf,4 Fev 2015,9/27/2016
7,MTN ZA Content rules,https://www.mtn.co.za/pages/website_legal.aspx?termsID=26,,9/27/2016
8,MTN ZA Complaints Handling,https://www.mtn.co.za/pages/website_legal.aspx?termsID=26,,9/27/2016
9,MTN Group Sustainability Report 2015,https://www.mtn.com/MTN%20Service%20Detail%20Report%20archive/MTN_Group_Sustainabilty_Report_2015.pdf,12/31/2015,9/27/2016
10,MTN Group Position on HR and ICT,https://www.mtn.com/MTN%20Service%20detail%20Document%20library/2013_Digital_Human_Rights.pdf,2014,9/27/2016
11,MTN ZA No Data Facebook T&C,https://www.mtn.co.za/pages/website_legal.aspx?termsID=26,,9/27/2016
12,Quartz The hidden cost of free internet in South Africa,http://qz.com/502970/the-hidden-cost-of-free-internet-in-south-africa/,9/16/2015,9/27/2016
13,MTN Group Privacy Statement,https://www.mtn.com/MTNGroup/pages/privacy-statement.aspx,,9/27/2016
14,MTN ZA Privacy Policy,https://www.mtn.co.za/pages/website_legal.aspx?termsID=26,1/6/2014,9/27/2016
15,MTN Group Corporate Governance Report 2014,https://www.mtn.com/Investors/FinancialReporting/Documents/INTEGRATEDREPORTS/2014/MtnGroupCorporateGovernance2014.pdf,12/31/2014,9/27/2016
16,Definition of King III Principles,https://en.wikipedia.org/wiki/King_Report_on_Corporate_Governance,,9/27/2016
17,MTN e-billing portal suffers security breach,http://www.sabc.co.za/news/a/0918e10048784e0f998edf2edf086e8a/MTN-e-billing-portal-suffers-security-breach-20152205,5/22/2015,9/27/2016
18,MTN ZA Software Downloads ,https://www.mtninternet.co.za/HelpCentre/Pages/SoftwareDownloads.aspx,,9/27/2016
19,MTN ZA Software Downloads ,https://www.mtninternet.co.za/HelpCentre/Pages/SoftwareDownloads.aspx,,9/27/2016
20,MTN ZA Report Fraud Support questions,https://www.mtn.co.za/support/Support_questions_answered/Pages/Overview.aspx,,9/27/2016
21,MTN Business & Human Rights Resource Centre,https://business-humanrights.org/en/mtn-0,,9/27/2016
22,MTN Response to Access Now on RDR,https://business-humanrights.org/sites/default/files/documents/MTN-response-Access-Now-RDR-May-2016.pdf,5/9/2016,09/27/2016
23,Social and ethics report,http://www.mtn-investor.com/mtn_ar2012/gov-social.php,28/3/2013,10/13/2016
24,"
Governance and Management of Ethics Framework",https://www.mtn.com/MTNGROUP/About/Pages/GovernanceManagementofEthics.aspx,undated ,10/14/2016
25,Anti-coruption,https://www.mtn.com/sustainability/sustainablesociety/pages/anti_corruption.aspx,undated ,10/14/2016
26,2014 Sustainability Report,https://www.mtn.com/MTN%20Service%20Detail%20Report%20archive/MTN_Group_Sustainabilty_Report_2014.pdf,,1/29/2017
27,MTN Appendix A – Criteria to selected sustainability information (2015), https://www.mtn.com/MTN%20Service%20Detail%20Annual%20Reports/MtnGroupAppendixA2014.pdf,,2/6/2017