Source reference number,Document title,URL,Date of document (if applicable),Date accessed
1,Twitter_1_TermsOfService_10September2016,https://twitter.com/tos?lang=en,"January 27th, 2016","September 10th, 2016"
2,Twitter_2_OurServices&CorporateAffiliates_10September2016,https://support.twitter.com/articles/20172501,,"September 10th, 2016"
3,Twitter_3_PreviousTermsOfService_10September2016,https://twitter.com/tos/previous?lang=en,,"September 10th, 2016"
4,Twitter_4_TwitterRules_10September2016,https://support.twitter.com/articles/18311,,"September 11th, 2016"
5,Twitter_5_UseOfCookiesSimilarTechnologies_10September2016,https://support.twitter.com/articles/20170514,,"September 11th, 2016"
6,Twitter_6_ReportingImpersonationAccounts_10September2016,https://support.twitter.com/articles/20170142,,"September 11th, 2016"
7,Twitter_7_CountryWithheldContent_10September2016,https://support.twitter.com/articles/20169222,,"September 11th, 2016"
8,Twitter_8_HowToReportViolations_11September2016,https://support.twitter.com/articles/15789,,"September 11th, 2016"
9,Twitter_9_ReportingTweetFlaggingMessage_11September2016,https://support.twitter.com/articles/20170408,,"September 11th, 2016"
10,Twitter_10_CombatingViolentExtremism_11September2016,https://blog.twitter.com/2016/combating-violent-extremism,"February 5th, 2016","September 11th, 2016"
11,Twitter_11_UpdatedEffortsCombatViolentExtremism_11September2016,https://blog.twitter.com/2016/an-update-on-our-efforts-to-combat-violent-extremism,"August 18th, 2016","September 13th, 2016"
12,Twitter_12_TransparencyReportRemovalRequests_11September2016,https://transparency.twitter.com/removal-requests/2015/jul-dec,,"September 13th, 2016"
13,Twitter_13_GuidelinesForLawEnforcement_12September2016,https://support.twitter.com/articles/41949,,"September 13th, 2016"
14,Twitter_14_TransparencyReportCopyrightNotices_12September2016,https://transparency.twitter.com/copyright-notices/2015/jul-dec,,"September 13th, 2016"
15,Twitter_15_LawEnforcementRequest_13September2016,https://support.twitter.com/forms/lawenforcement,,"September 13th, 2016"
16,Twitter_16_TrademarkPolicy_13September2016,https://support.twitter.com/articles/18367,,"September 13th, 2016"
17,Twitter_17_CopyrightPolicy_13September2016,https://support.twitter.com/articles/15795#7,,"September 13th, 2016"
18,Twitter_18_ReportingAbusiveBehavior_13September2016,https://support.twitter.com/articles/20169998,,"September 13th, 2016"
19,Twitter_19_HowToReportPrivateInformation_13September2016,https://support.twitter.com/articles/20169993,,"September 13th, 2016"
20,Twitter_20_CopyrightNotices_14September2016,https://transparency.twitter.com/copyright-notices/2015/jul-dec,,"September 14th, 2016"
21,Twitter_21_TrademarkNotices_14September2016,https://transparency.twitter.com/trademark-notices/2015/jul-dec,,"September 14th, 2016"
22,Twitter_22_ParodyCommentaryFanAccountPolicy_14September2016,https://support.twitter.com/articles/106373,,"September 14th, 2016"
23,Twitter_23_PrivacyPolicy_14September2016,https://twitter.com/privacy?lang=en,,"September 14th, 2016"
24,Twitter_24_PreviousPrivacyPolicies_14September2016,https://twitter.com/privacy/previous?lang=en,,"September 14th, 2016"
25,Twitter_25_OurServicesCorporateAffiliates_15September2016,https://support.twitter.com/articles/20172501,,"September 15th, 2016"
26,Twitter_26_TwitterProfileInGoogleSearch_15September2016,https://support.twitter.com/articles/15349,,"September 15th, 2016"
27,Twitter_27_DeactivatingYourAccount_15September2016,https://support.twitter.com/articles/15358,,"September 15th, 2016"
28,Twitter_28_ReactivatingYourAccount_15September2016,https://support.twitter.com/articles/15359,,"September 15th, 2016"
29,Twitter_29_UseOfCookies_15September2016,https://support.twitter.com/articles/20170514,,"September 15th, 2016"
30,Twitter_30_LocationServicesMobileDevices_15September2016,https://support.twitter.com/articles/118492,,"September 15th, 2016"
31,Twitter_31_DoNotTrack_15September2016,https://support.twitter.com/articles/20169453#,,"September 15th, 2016"
32,Twitter_32_FindFriendsUploadingContacts_15September2016,https://support.twitter.com/articles/101002,,"September 15th, 2016"
33,Twitter_33_AboutTailoredSuggestions_15September2016,https://support.twitter.com/articles/20169421,,"September 15th, 2016"
34,Twitter_34_DownloadingYourTwitterArchive_15September2016,https://support.twitter.com/articles/20170160,,"September 15th, 2016"
35,Twitter_35_AccessingYourTwitterData_15September2016,https://support.twitter.com/articles/20172679,,"September 15th, 2016"
36,Twitter_36_WidgetPrivacy_15September2016,https://dev.twitter.com/web/overview/privacy,,"September 15th, 2016"
37,Twitter_37_TransparencyReportInformationRequests_15September2016,https://transparency.twitter.com/information-requests/2015/jul-dec,,"September 15th, 2016"
38,Twitter_38_USInformationRequests_15September2016,https://transparency.twitter.com/country/us,,"September 15th, 2016"
39,Twitter_39_SecurityBestPractices_16September2016,https://dev.twitter.com/overview/general/security-best-practices,,"September 16th, 2016"
40,Twitter_40_ReportingXSS-API-OtherSecurityVulnerabilities_16September2016,https://support.twitter.com/articles/477159,,"September 16th, 2016"
41,Twitter_41_BugBountyTwoYearsInPost_16September2016,https://blog.twitter.com/2016/bug-bounty-2-years-in,"May 27th, 2016","September 16th, 2016"
42,Twitter_42_Bug BountyProgramHackerOne_16September2016,https://hackerone.com/twitter,,"September 16th, 2016"
43,Twitter_43_KeepingYourAccountSafePost_16September2016,https://blog.twitter.com/2016/keeping-your-account-safe,"June 10th, 2016","September 16th, 2016"
44,Twitter_44_ForwardSecrecy_16September2016,https://blog.twitter.com/2013/forward-secrecy-at-twitter-0,"November 22nd, 2013","September 16th, 2016"
45,Twitter_45_UsingLoginVerification_16September2016,https://support.twitter.com/articles/20170388,,"September 16th, 2016"
46,Twitter_46_MessageThatAccountIsLocked_16September2016,https://support.twitter.com/articles/20171312,,"September 16th, 2016"
47,Twitter_47_AccountSecurityTips_16September2016,https://support.twitter.com/articles/76036,,"September 16th, 2016"
48,Twitter_48_FakeTwitterEmails_16September2016,https://support.twitter.com/articles/204820,,"September 16th, 2016"
49,Twitter_49_MyAccountHasBeenCompromised_16September2016,https://support.twitter.com/articles/31796,,"September 16th, 2016"
50,Twitter_50_UnsafeLinksOnTwitter_16September2016,https://support.twitter.com/articles/90491,,"September 16th, 2016"
51,Twitter_51_TwitterForGood_16September2016,https://about.twitter.com/company/twitter-for-good,,"September 16th, 2016"
52,Twitter_52_VineTermsOfService_10September2016,https://vine.co/terms,"September 5th, 2014","September 16th, 2016"
53,Twitter_53_VineRules_16September2016,https://vine.co/rules,,"September 16th, 2016"
54,Twitter_54_VineExplicitSexualPolicyFAQ_16September2016,help.vine.co/escfaq,,"September 16th, 2016"
55,Twitter_55_VineGraphicContentFAQ_16September2016,http://help.vine.co/graphiccontentfaq,,"September 16th, 2016"
56,Twitter_56_VinePrivacyPolicy_16September2016,https://vine.co/privacy,"January 27th, 2016","September 16th, 2016"
57,Twitter_57_TransparencyReportEmailPrivacy_16September2016,https://transparency.twitter.com/email-privacy,,"September 16th, 2016"
58,Twitter_58_CodeOfBusinessConductAndEthics_16September2016,http://files.shareholder.com/downloads/AMDA-2F526X/0x0x716670/8f74bbe5-fdc9-4233-8f25-0df30343455f/Twitter_Code_of_Business_Conduct_Ethics.pdf,"October 19, 2013","September 16th, 2016"
59,Twitter_59_FTCPrivacyImpactAssessment_16September2016,https://www.ftc.gov/system/files/attachments/privacy-impact-assessments/1604twitterpia.pdf,,"September 16th, 2016"
60,Twitter_60_SECForm10KFY2015_16September2016,https://www.sec.gov/Archives/edgar/data/1418091/000156459016013646/twtr-10k_20151231.htm,,"September 16th, 2016"
61,Twitter_61_VineHowTos_17September2016,http://help.vine.co/howto,,"September 17th, 2016"
62,Twitter_62_VineFAQ_17September2016,http://help.vine.co/CommonFAQs,,"September 17th, 2016"
63,Twitter_63_VineTrustedTesters_17September2016,http://help.vine.co/trustedtester,,"September 17th, 2016"
64,Twitter_64_AppealAccountSuspension_17September2016,https://support.twitter.com/forms/general?subtopic=suspended,,"September 17th, 2016"
65,Twitter_65_PeriscopeTermsOfService_17September2016,https://www.periscope.tv/tos,"May 18th, 2015","September 17th, 2016"
66,Twitter_66_PeriscopePrivacyStatement_17September2016,https://www.periscope.tv/privacy,"May 4th, 2015","September 17th, 2016"
67,Twitter_67_PeriscopeContentCommunityGuidelines_17September2016,https://www.periscope.tv/content,,"September 17th, 2016"
68,Twitter_68_PeriscopeAbusiveBehavior_17September2016,https://help.periscope.tv/customer/en/portal/articles/2313190-what-can-i-do-if-someone-is-engaging-in-harassing-or-abusive-behavior-,"July 7th, 2016","September 17th, 2016"
69,Twitter_69_PeriscopeReportSensitiveContent_17September2016,https://help.periscope.tv/customer/en/portal/articles/2064647-how-do-i-report-sensitive-content-,"September 15th, 2016","September 17th, 2016"
70,Twitter_70_WhyIsMyAccountDisabled_17September2016,https://help.periscope.tv/customer/en/portal/articles/2131727-why-is-my-account-disabled-,"July 7th, 2016","September 17th, 2016"
71,Twitter_71_PeriscopeDeactivateAccount_17September2016,https://help.periscope.tv/customer/en/portal/articles/2460220-how-do-i-deactivate-my-account-,"July 25th, 2016","September 17th, 2016"
72,Twitter_72_PeriscopeSharingLocation_17September2016,https://help.periscope.tv/customer/en/portal/articles/2017791-how-do-i-share-my-location-,"July 5th, 2016","September 17th, 2016"
73,Twitter_73_PeriscopeDeleteBroadcasts_17September2016,https://help.periscope.tv/customer/en/portal/articles/2017801-how-do-i-delete-my-replay-,"July 5th, 2016","September 17th, 2016"
74,Twitter_74_PeriscopeOptOutCommentModeration_17September2016,https://help.periscope.tv/customer/portal/articles/2442669-how-do-i-opt-out-of-comment-moderation-,"May 31st, 2016","September 17th, 2016"
75,Twitter_75_PeriscopeBetaProgram_17September2016,https://help.periscope.tv/customer/en/portal/articles/2186812-what-is-the-periscope-beta-program-,"July 5th, 2016","September 17th, 2016"
76,Twitter_76_PeriscopeLostPhone_17September2016,https://help.periscope.tv/customer/en/portal/articles/2395082-i-lost-my-phone-how-do-i-log-out-of-my-periscope-account-,"April 13th, 2016","September 17th, 2016"
77,Twitter_77_TermsOfServiceUpdate_3October2016,https://twitter.com/tos?lang=en#intlTerms,"September 30th, 2016","October 3rd, 2016"
78,Twitter_78_TransparencyUpdate_Removals_5October2016,https://transparency.twitter.com/en/removal-requests.html,,"October 5th, 2016"
79,Twitter_79_TransparencyUpdate_Copyright_5October2016,https://transparency.twitter.com/en/copyright-notices.html,,"October 5th, 2016"
80,Twitter_80_TransparencyUpdate_Trademark_5October2016,https://transparency.twitter.com/en/trademark-notices.html,,"October 5th, 2016"
81,Twitter_81_TransparencyUpdate_InfoRequests_5October2016,https://transparency.twitter.com/en/information-requests.html,,"October 5th, 2016"
82,Twitter_82_TransparencyUpdate_InfoRequestsUS_5October2016,https://transparency.twitter.com/en/countries/us.html,,"October 5th, 2016"
83,Twitter_83_PrivacyPolicyUpdate_7October2016,https://twitter.com/privacy?lang=en,"September 30th, 2016","October 7th, 2016"
84,Twitter_84_TweetsMustFlow_11October2016,https://blog.twitter.com/2011/the-tweets-must-flow,"January 28th, 2011","October 11th, 2016"
85,Twitter_85_Twitter 2016 Anuual Report_20Oct2016,http://files.shareholder.com/downloads/AMDA-2F526X/3062351778x0x886152/3FBBB0EC-FDF0-41D2-9C4E-A06AE8B1D1E5/2016_Twitter_Annual_Report.pdf,"For fiscal year ending Dec. 31, 2015",10/20/2016
86,Twitter_86_Leadership Team_3November2016,https://about.twitter.com/company/press/leadership#Vijaya_Gadde,,"November 3, 2016"
87,Twitter_87_DelHarveyTwitter_3November2016,https://twitter.com/delbius?lang=en,,"November 3, 2016"
88,Twitter_88_TIMEreport_citesDelHarvey_3November,http://time.com/4457110/internet-trolls/,"August 18, 2016",11/3/2016
89,Global political engagement and transparency,https://about.twitter.com/company/political-engagement,,11/14/2016
90,FAQs about adding location to your Tweets,https://support.twitter.com/articles/78525#,,
91,Twitter Public Policy,https://about.twitter.com/company/policy,,"November 22, 2016"
92,Twitter Hateful Conduct Policy,https://blog.twitter.com/2016/progress-on-addressing-online-abuse,"November 15, 2016",1/26/2017
93,Twitter Oslo Freedom Forum,https://blog.twitter.com/2016/participating-at-oslo-freedom-forum-davos-for-dissidents,5/31/2016,1/26/2017
94,Vine download option,https://medium.com/@vine/vine-update-59426a5adfab#.mkartgmm3,"December 16, 2016",1/27/2017