Source reference number,Document title,URL,Date of document (if applicable),Date accessed
1,User Agreement for Yandex Services,https://yandex.ru/legal/rules/?ncrnd=4793,11/25/2015,10/9/2016
2,Privacy Policy ,https://yandex.ru/legal/confidential/?ncrnd=8315,8/17/2016,10/9/2016
3,Yandex Legal Documents ,https://yandex.ru/legal/,,10/9/2016
4,Yandex.Mail registration ,https://passport.yandex.ru/registration/mail?from=mail&require_hint=1&origin=hostroot_ru_nol_mobile_left&retpath=https%3A%2F%2Fpassport.yandex.ru%2Fpassport%3Fmode%3Dsubscribe%26from%3Dmail%26retpath%3Dhttps%253A%252F%252Fmail.yandex.ru,,10/9/2016
5,License to use Yandex Search Engine,https://yandex.ru/legal/termsofuse/?ncrnd=690,1/20/2016,10/9/2016
6,Terms of Use of Yandex.Disk Service,https://yandex.ru/legal/disk_termsofuse/?ncrnd=5531,8/19/2016,10/9/2016
7,Restricting the rights of anonymous content,https://yandex.ru/company/rules/anonymous_content/,,10/9/2016
8,On application of the RTBF law ,https://yandex.ru/blog/company/o-primenenii-zakona-o-prave-na-zabvenie,3/25/2016,10/9/2016
9,Copyright Infringment Policy,https://yandex.ru/support/legal/copyright/,2/5/2014,10/9/2016
10,"""Right holders could not sue Yandex""",http://hitech.vesti.ru/news/view/id/10011,08/30/2016,10/9/2016
11,Yandex form for RTBF complaints ,https://yandex.ru/support/zout_abuse/troubleshooting/oblivion.xml,,10/9/2016
12,How to complain about search results ,https://yandex.ru/support/zout_abuse/troubleshooting/search/list.xml,,10/9/2016
13,On the responsibility of users and complaints about content ,https://yandex.ru/support/common/support/complaints-about.xml,,10/9/2016
14,Inform about violations on Yandex.Disk,https://yandex.ru/support/zout_abuse/troubleshooting/disk/list.xml,,10/9/2016
15,Postman declined to knock twice,http://kommersant.ru/doc/2946249,3/25/2016,10/9/2016
16,Contextual ads ,https://yandex.ru/support/mail/mailbox/context-ads.xml,,10/9/2016
17,Yandex restricts the display of information about Eduard Bagirov ,https://rublacklist.net/18852/,7/12/2016,10/9/2016
18,Yandex ads settings,https://yandex.ru/tune/adv,,10/9/2016
19,Cookie,https://yandex.com/support/common/browsers-settings/browsers-cookies.xml,,10/9/2016
20,Comparison_Privacy Policy_Yandex.com_v_Yandex.ru,http://www.mergely.com/HchJBszg/,,10/9/2016
21,Comparison_Disk_ToU_Yandex.com_v_Yandex.ru,http://www.mergely.com/Fwt9xGQ9/,,10/9/2016
22,Comparison_Disk_ToUweb_v_ToUmobile,http://www.mergely.com/EWF6uGTa/,,10/9/2016
23,Code of Business Ethics and Conduct,http://files.shareholder.com/downloads/YNDX/2978812109x0x555143/D62CE4DC-15B3-46B5-8083-CAF95620DE2F/Code_of_Business_Ethics_and_Conduct.pdf,,10/9/2016
24,Yandex Bug Bounty Program,https://yandex.ru/bugbounty/,,10/9/2016
25,Bug Bounty Program: FAQ,https://yandex.ru/bugbounty/faq/,,10/9/2016
26,"The data of donors of Navalny could get to ""Nashi""",http://www.vedomosti.ru/politics/articles/2011/05/02/dannye_zhertvovatelej_navalnogo_mogli_popast_k_nashim,5/2/2011,10/9/2016
27,What is HTTPS and how it protects you in the Internet,https://yandex.ru/blog/company/77455,3/12/2014,10/9/2016
28,Two-factor authentification ,https://yandex.ru/support/passport/authorization/twofa.xml,,10/9/2016
29,Protection of your account ,https://yandex.ru/support/passport/security.xml,,10/9/2016
30,Safety in Mail,https://yandex.ru/support/mail/security.xml,,10/9/2016
31,Messages from Yandex,https://yandex.ru/support/passport/messages.xml,,10/9/2016
32,Check at the entrance,https://yandex.ru/support/passport/security/login-challenge.xml,,10/9/2016
33,Disk:History,https://yandex.ru/support/disk/actions-files/spec-folders/history.html,,10/9/2016
34,Safety on the Internet,https://yandex.ru/support/common/security/web-security.xml,,10/9/2016
35,Yandex resources on informational security,https://yandex.ru/support/common/security/yandex-security-urls.xml,,10/9/2016
36,Rules of Corporate Ethics,https://yandex.ru/company/rules/code/,,10/9/2016
37,2015 Annual Report,http://cache-default06e.cdn.yandex.net/download.cdn.yandex.net/company/annual_2015.pdf,,10/9/2016
38,2014 Annual Report,http://cache-default05h.cdn.yandex.net/download.cdn.yandex.net/company/fin_2014.pdf,,10/9/2016
39,"Official position of Yandex and RAEC on ""Yarovaya laws"" ",https://www.searchengines.ru/ofitsialnaya-pozitsiya-yandeksa-i-raek.html,,10/9/2016
40,Restoring access through support service,https://yandex.ru/support/passport/support-restore.xml,,10/9/2016
41,Mail: resolving problems,https://yandex.ru/support/mail/troubleshooting.xml,,10/9/2016
42,Search: Suggestions and proposals,https://yandex.ru/support/search/troubleshooting/wish.xml,,10/9/2016
43,"Complain about site, found in search results ",https://yandex.ru/support/zout_abuse/troubleshooting/search/main.xml,,10/9/2016
44,My personal information or my picture posted on Yandex.Disk,https://yandex.ru/support/zout_abuse/troubleshooting/disk/personal.xml,,10/9/2016
45,Annual Report For Foreign Private Issuers,http://ir.yandex.com/secfiling.cfm?filingID=1047469-16-11404&CIK=1513845,3/22/2016,10/14/2016
46,Yandex General Terms of Service,https://yandex.com/legal/termsofservice/,2/5/2014,10/14/2016