Source reference number,Document title,URL,Date of document (if applicable),Date accessed
1,Facebook_1_Terms/StatementRights&Responsibilities_19September2016,https://www.facebook.com/legal/terms,"January 30th, 2015","September 19th, 2016"
2,Facebook_2_Privacy/DataPolicy_19September2016,https://www.facebook.com/about/privacy,"January 30th, 2015","September 19th, 2016"
3,Facebook_3_CommunityStandards_19September2016,https://www.facebook.com/communitystandards,N/A,"September 19th, 2016"
4,Facebook_4_AboutIntellectualProperty_19September2016,https://www.facebook.com/help/399224883474207,N/A,"September 19th, 2016"
5,Facebook_5_InformationLawEnforcement_19September2016,https://www.facebook.com/safety/groups/law/guidelines,N/A,"September 19th, 2016"
6,Facebook_6_LawEnforcement&ThirdPartyMatters_19September2016,https://www.facebook.com/help/473784375984502,N/A,"September 19th, 2016"
7,Facebook_7_GovernmentRequestsFAQ_19September2016,https://govtrequests.facebook.com/faq/,N/A,"September 19th, 2016"
8,Facebook_8_Copyright_19September2016,https://www.facebook.com/help/1020633957973118/?helpref=hc_fnav,N/A,"September 19th, 2016"
9,Facebook_9_Trademark_19September2016,https://www.facebook.com/help/507663689427413/?helpref=hc_fnav,N/A,"September 19th, 2016"
10,Facebook_10_WhatsAppTermsPrivacy_20September2016,https://www.whatsapp.com/legal/#key-updates,N/A,"September 20th, 2016"
11,Facebook_11_WhatsAppSecurityWhitepaper_20September2016,https://www.whatsapp.com/security/WhatsApp-Security-Whitepaper.pdf,"April 5, 2016","November 13th, 2016"
12,Facebook_12_WhatsAppSecurity_20September2016,https://www.whatsapp.com/security/ ,N/A,"September 20th, 2016"
13,Facebook_13_WhatsAppFAQGeneralTermsPrivacy_20September2016,https://www.whatsapp.com/faq/en/general/28030012,N/A,"September 20th, 2016"
14,Facebook_14_WhatsAppFAQEndToEndEncryption_20September2016,https://www.whatsapp.com/faq/en/general/28030015,N/A,"September 20th, 2016"
15,Facebook_15_WhatsAppFAQNotSharingAccountInfo_20September2016,https://www.whatsapp.com/faq/en/general/28030011,N/A,"September 20th, 2016"
16,Facebook_16_WhatsAppFAQNotShareAccountInfoMeans_20September2016,https://www.whatsapp.com/faq/en/general/26000016,N/A,"September 20th, 2016"
17,Facebook_17_WhatsAppFAQRestoreData_20September2016,https://www.whatsapp.com/faq/en/general/148692005347639,N/A,"September 20th, 2016"
18,Facebook_18_WhatsAppFAQUsePhoneNumberAddressBook_20September2016,https://www.whatsapp.com/faq/en/general/20971813,N/A,"September 20th, 2016"
19,Facebook_19_WhatsAppFAQVerifyNumber_20September2016,https://www.whatsapp.com/faq/en/iphone/20902747,N/A,"September 20th, 2016"
20,Facebook_20_WhatsAppFAQStayingSafe_20September2016,https://www.whatsapp.com/faq/en/general/21197244,N/A,"September 20th, 2016"
21,Facebook_21_WhatsAppFAQExportingMessages_20September2016,https://www.whatsapp.com/faq/en/general/23753886,N/A,"September 20th, 2016"
22,Facebook_22_WhatsAppFAQBannedPhoneNumber_20September2016,https://www.whatsapp.com/faq/en/general/23154266,N/A,"September 20th, 2016"
23,Facebook_23_WhatsAppPhoneLostStolen_20September2016,https://www.whatsapp.com/faq/en/general/24460358,N/A,"September 20th, 2016"
24,Facebook_24_WhatsAppTemporarilyBannedAccount_20September2016,https://www.whatsapp.com/faq/en/general/28030003,N/A,"September 20th, 2016"
25,Facebook_25_WhatsAppCaliforniaShineTheLightLaw_20September2016,https://www.whatsapp.com/faq/en/general/70000003,N/A,"September 20th, 2016"
26,Facebook_26_WhatsAppDeleteMessagesChats_20September2016,https://www.whatsapp.com/faq/en/iphone/21117292,N/A,"September 20th, 2016"
27,Facebook_27_WhatsAppDeleteAccount_20September2016,https://www.whatsapp.com/faq/en/iphone/21325453,N/A,"September 20th, 2016"
28,Facebook_28_WhatsAppAccessPhotos_20September2016,https://www.whatsapp.com/faq/en/iphone/22077198,N/A,"November 13th, 2016"
29,Facebook_29_WhatsAppConfigurePrivacySettings_20September2016,https://www.whatsapp.com/faq/en/iphone/28041111,N/A,"September 20th, 2016"
30,Facebook_30_WhatsAppBlogLookingAhead_20September2016,https://blog.whatsapp.com/10000627/Looking-ahead-for-WhatsApp,"August 25, 2016","September 20th, 2016"
31,Facebook_31_WhatsAppBlogEndToEndEncryption_20September2016,https://blog.whatsapp.com/10000618/end-to-end-encryption,"April 5, 2016","September 20th, 2016"
32,Facebook_32_WhatsAppBlogSettingTheRecordStraight_20September2016,https://blog.whatsapp.com/529/Setting-the-record-straight,"March 17, 2014","September 20th, 2016"
33,Facebook_33_WhatsAppBlogWhyWeDontSellAds_20September2016,https://blog.whatsapp.com/245/Why-we-dont-sell-ads,"June 18, 2012","September 20th, 2016"
34,Facebook_34_WhatsAppBlogSendingPlacesGroupIcons_20September2016,https://blog.whatsapp.com/215/Sending-Places-and-Group-Icons,"March 27, 2012","September 20th, 2016"
35,Facebook_35_InstagramTermsOfUse_20September2016,https://help.instagram.com/478745558852511,N/A,"September 20th, 2016"
36,Facebook_36_InstagramCommunityGuidelines_20September2016,https://help.instagram.com/477434105621119/?helpref=hc_fnav,N/A,"September 20th, 2016"
37,Facebook_37_InstagramAccountDisabled_20September2016,https://help.instagram.com/366993040048856,N/A,"September 20th, 2016"
38,Facebook_38_InstagramCopyright_20September2016,https://help.instagram.com/126382350847838,N/A,"September 20th, 2016"
39,Facebook_39_InstagramAfterSubmitCopyrightClaim_20September2016,https://help.instagram.com/746718085394495,N/A,"September 20th, 2016"
40,Facebook_40_InstagramCanIFileCounterNotice_20September2016,https://help.instagram.com/1445818549016877,N/A,"September 20th, 2016"
41,Facebook_41_HowInstagramProcessesDMCACounterNotifications_20September2016,https://help.instagram.com/697328657009330,N/A,"September 20th, 2016"
42,Facebook_42_InstagramDetailsSubmittingCopyrightReport_20September2016,https://help.instagram.com/454257084652404,N/A,"September 20th, 2016"
43,Facebook_43_InstagramInformationProvidedToUserWhoseContentRemoved_20September2016,https://help.instagram.com/585021874940806,N/A,"September 20th, 2016"
44,Facebook_44_InstagramTrademark_20September2016,https://help.instagram.com/222826637847963,N/A,"September 20th, 2016"
45,Facebook_45_InstagramAbuse&Spam_20September2016,https://help.instagram.com/165828726894770,N/A,"September 20th, 2016"
46,Facebook_46_InstagramImpersonationAccounts_20September2016,https://help.instagram.com/446663175382270/?helpref=hc_fnav,N/A,"September 20th, 2016"
47,Facebook_47_InstagramExposedPrivateInformation_20September2016,https://help.instagram.com/122717417885747/?helpref=hc_fnav,N/A,"September 20th, 2016"
48,Facebook_48_InstagramInformationForLawEnforcement_20September2016,https://help.instagram.com/494561080557017,N/A,"September 20th, 2016"
49,Facebook_49_InstagramPrivacyPolicy_20September2016,https://help.instagram.com/155833707900388,N/A,"September 20th, 2016"
50,Facebook_50_InstagramAboutCookies_20September2016,https://www.instagram.com/legal/cookies/,N/A,"September 20th, 2016"
51,Facebook_51_InstagramPlatformPolicy_20September2016,https://www.instagram.com/about/legal/terms/api/,N/A,"September 20th, 2016"
52,Facebook_52_InstagramFAQ_20September2016,https://www.instagram.com/about/faq/,N/A,"September 20th, 2016"
53,Facebook_53_InstagramPrivacySettings&Information_20September2016,https://help.instagram.com/196883487377501/?helpref=hc_fnav,N/A,"September 20th, 2016"
54,Facebook_54_InstagramDeleteYourAccount_20September2016,https://help.instagram.com/370452623149242/?helpref=hc_fnav,N/A,"September 20th, 2016"
55,Facebook_55_InstagramAccount&NotificationSettings_20September2016,https://help.instagram.com/105448789880240/?helpref=hc_fnav,N/A,"September 20th, 2016"
56,Facebook_56_InstagramControllingYourVisibility_20September2016,https://help.instagram.com/116024195217477/?helpref=hc_fnav,N/A,"September 20th, 2016"
57,Facebook_57_Facebook&InstagramAdPolicies_20September2016,https://www.facebook.com/policies/ads,N/A,"September 20th, 2016"
58,Facebook_58_BugBountyProgram_20September2016,https://www.facebook.com/whitehat,N/A,"September 20th, 2016"
59,Facebook_59_View&AdjustAdPreferences_20September2016,https://www.facebook.com/help/247395082112892?helpref=related&ref=related,N/A,"September 20th, 2016"
60,Facebook_60_FacebookGovernmentReport2015H2_20September2016,https://govtrequests.facebook.com/#,N/A,"November 13th, 2016"
61,Facebook_61_NoWarningAccountDisabled_20September2016,https://www.facebook.com/help/1735443093393986?helpref=hc_global_nav,N/A,"September 20th, 2016"
62,Facebook_62_NamePolicy_20September2016,https://www.facebook.com/help/112146705538576,N/A,"September 20th, 2016"
63,Facebook_63_AcceptableFormsID_20September2016,https://www.facebook.com/help/159096464162185?helpref=faq_content,N/A,"September 20th, 2016"
64,Facebook_64_Security Tips_21September2016,https://www.facebook.com/help/379220725465972/,N/A,"September 21st, 2016"
65,Facebook_65_LoginApprovals_21September2016,https://www.facebook.com/help/148233965247823,N/A,"September 21st, 2016"
66,Facebook_66_AccessingYourFacebookData_21September2016,https://www.facebook.com/help/405183566203254,N/A,"September 21st, 2016"
67,Facebook_67_LoginAlerts_21September2016,https://www.facebook.com/help/162968940433354?helpref=faq_content,N/A,"September 21st, 2016"
68,Facebook_68_SecureBrowsingByDefault_21September2016,https://www.facebook.com/notes/facebook-engineering/secure-browsing-by-default/10151590414803920,"July 13, 2013","September 21st, 2016"
69,Facebook_69_MakingConnectionsMoreSecure_21September2016,https://www.facebook.com/notes/protect-the-graph/making-connections-to-facebook-more-secure/1526085754298237/,"October 31, 2014","September 21st, 2016"
70,Facebook_70_ImportantMessageFromWhiteHatProgram_21September2016,https://www.facebook.com/notes/facebook-security/important-message-from-facebooks-white-hat-program/10151437074840766/,"June 21, 2013","September 21st, 2016"
71,Facebook_71_FacebookPrinciples_22September2016,https://www.facebook.com/principles.php,N/A,"September 22nd, 2016"
72,Facebook_72_GNI2014Annual Report_22September2016,https://globalnetworkinitiative.org/sites/default/files/2014%20Annual%20Report.pdf,"July 6, 1905","November 13th, 2016"
73,Facebook_73_FacebookFTCAgreement_22September2016,https://www.ftc.gov/sites/default/files/documents/cases/2011/11/111129facebookagree.pdf,"July 3, 1905","November 13th, 2016"
74,Facebook_74_CodeOfConduct_22September2016,https://s21.q4cdn.com/399680738/files/doc_downloads/governance_documents/code_conduct.pdf,"June 11, 2015","November 13th, 2016"
75,Facebook_75_GNIIndependentCompanyAssessments2016_22September2016,http://globalnetworkinitiative.org/sites/default/files/Public-Report-2015-16-Independent-Company-Assessments.pdf,"July 1, 2016","November 13th, 2016"
76,Facebook_76_WhatsAppToSChangeLog_23September2016,https://www.whatsapp.com/legal/?doc=terms-of-service&mode=revisions,N/A,"September 23rd, 2016"
77,Facebook_77_WhatsAppChangesToPrivacyPolicy_23September2016,https://www.whatsapp.com/legal/?doc=privacy-policy&mode=revisions,N/A,"September 23rd, 2016"
78,Facebook_78_InstagramPastPrivacyPolicy_23September2016,https://www.instagram.com/about/legal/privacy/before-january-19-2013/,"January 19, 2013","September 23rd, 2016"
79,Facebook_79_InstagramSecurityTips_23September2016,https://help.instagram.com/369001149843369,N/A,"September 23rd, 2016"
80,Facebook_80_CookiesPolicy_23September2016,https://www.facebook.com/policies/cookies/,"May 26, 2016","September 23rd, 2016"
81,Facebook_81_PrivacyApps&Websites_23September2016,https://www.facebook.com/help/403786193017893/,N/A,"September 23rd, 2016"
82,Facebook_82_AboutSocialPlugins_23September2016,https://www.facebook.com/help/443483272359009/,N/A,"September 23rd, 2016"
83,Facebook_83_DifferenceDeactivationDeletion_23September2016,https://www.facebook.com/help/125338004213029?helpref=related,N/A,"September 23rd, 2016"
84,Facebook_84_InstagramRemovedContentTrademark_23September2016,https://help.instagram.com/576171622509150?helpref=search&sr=1&query=content+removal,N/A,"September 23rd, 2016"
85,Facebook_85_InstagramRemovedContentCopyrightClaim_23September2016,https://help.instagram.com/585021874940806?helpref=search&sr=2&query=content+removal,N/A,"September 23rd, 2016"
86,Facebook_86_PermanentlyDeleteAccount_23September2016,https://www.facebook.com/help/224562897555674?helpref=search&sr=2&query=delete%20account,N/A,"September 23rd, 2016"
87,Facebook_87_InstagramAdPreferences_23September2016,https://help.instagram.com/615366948510230,N/A,"September 23rd, 2016"
88,Facebook_88_WhatsAppExportingMessages_23September2016,https://www.whatsapp.com/faq/en/general/23753886,N/A,"September 23rd, 2016"
89,Facebook_89_2015AnnualReport_23September2016,https://s21.q4cdn.com/399680738/files/doc_financials/annual_reports/2015-Annual-Report.pdf,"July 7, 1905","September 23rd, 2016"
90,Facebook_90_AboutTheReports_23September2016,https://govtrequests.facebook.com/about/,N/A,"September 23rd, 2016"
91,Facebook_91_Law Enforcement and Third Party Matters,https://www.facebook.com/help/473784375984502,N/A,10/7/2016
91,Facebook_91_Facebook_Platform_Policy_For_Developers,https://developers.facebook.com/policy/,N/A,10/7/2016
92,Facebook_92_How to Report Things_17Oct2016,https://www.facebook.com/help/www/181495968648557,N/A,10/17/2016
93,Facebook_93_How to Report a Secret Conversation_17Oct2016,https://www.facebook.com/help/messenger-app/iphone/498828660322839?rdrhc,N/A,10/17/2016
94,Facebook_94_How to Report Content on Instagram_17Oct2016,https://help.instagram.com/519598734752872,N/A,10/17/2016
95,Facebook_95_Secret Conversations_17Oct2016,https://www.facebook.com/help/messenger-app/1084673321594605/?helpref=hc_fnav,N/A,10/17/2016
96,Facebook_96_Secret Conversations Whitepaper_17Oct2016,https://fbnewsroomus.files.wordpress.com/2016/07/secret_conversations_whitepaper-1.pdf,"July 8, 2016",10/17/2016