,Result,Vodafone (group),Vodafone (group) - FoE (G-indicators),Vodafone (group) - Privacy (G-indicators),(operating company),Vodafone (operating co) - FoE (G-indicators),Vodafone (operating co) - Privacy (G-indicators),mobile (service),mobile (service) - prepaid,mobile (service) - postpaid,mobile (service) - FoE (G-indicators),mobile (service) - Privacy (G-indicators),fixed broadband,fixed broadband (service) - FoE (G-indicators),fixed broadband (service) - Privacy (G-indicators)
G1. Policy Commitment,100.00,100.00,100.00,100.00,100.00,100.00,100.00,100.00,100.00,100.00,,,100.00,,
G2. Governance and management oversight,100.00,100.00,100.00,100.00,100.00,100.00,100.00,100.00,100.00,100.00,100.00,100.00,100.00,100.00,100.00
G3. Internal implementation,100.00,100.00,100.00,100.00,100.00,100.00,100.00,100.00,100.00,100.00,100.00,100.00,100.00,100.00,100.00
G4. Impact assessment,44.44,44.44,33.33,55.56,44.44,33.33,55.56,44.44,44.44,44.44,33.33,55.56,44.44,33.33,55.56
G5. Stakeholder engagement,83.33,83.33,83.33,83.33,83.33,83.33,83.33,83.33,83.33,83.33,,,83.33,,
G6. Remedy,60.00,0.00,0.00,0.00,60.00,60.00,60.00,60.00,60.00,60.00,60.00,60.00,60.00,60.00,60.00
F1. Access to terms of service,83.33,,,,,,,83.33,83.33,83.33,,,83.33,,
F2. Changes to terms of service,34.38,,,,,,,31.25,25.00,37.50,,,37.50,,
F3. Process for terms of service enforcement,51.43,,,,,,,60.00,60.00,60.00,,,42.86,,
F4. Data about terms of service enforcement,0.00,,,,,,,0.00,0.00,0.00,,,0.00,,
F5. Process for responding to third-party requests for content or account restriction,70.83,,,,,,,70.83,70.83,70.83,,,70.83,,
F6. Data about government requests for content or account restriction,0.00,,,,,,,0.00,0.00,0.00,,,0.00,,
F7. Data about private requests for content or account restriction,0.00,,,,,,,0.00,0.00,0.00,,,0.00,,
F8. User notification about content and account restriction,12.50,,,,,,,16.67,16.67,16.67,,,33.33,,
F9. Network management (telecommunications companies),100.00,,,,,,,100.00,100.00,100.00,,,100.00,,
F10. Network shutdown (telecommunications companies),37.50,,,,,,,37.50,37.50,37.50,,,37.50,,
F11. Identity policy,100.00,,,,,,,100.00,100.00,N/A,,,N/A,,
P1. Access to privacy policies,100.00,,,,,,,100.00,100.00,100.00,,,100.00,,
P2. Changes to privacy policies,0.00,,,,,,,0.00,0.00,0.00,,,0.00,,
P3. Collection of user information,33.33,,,,,,,33.33,33.33,33.33,,,33.33,,
P4. Sharing of user information,50.00,,,,,,,50.00,50.00,50.00,,,50.00,,
P5. Purpose for collecting and sharing user information,25.00,,,,,,,25.00,25.00,25.00,,,25.00,,
P6. Retention of user information,0.00,,,,,,,0.00,0.00,0.00,,,0.00,,
P7. Users’ control over their own user information,25.00,,,,,,,25.00,25.00,25.00,,,25.00,,
P8. Users’ access to their own user information,50.00,,,,,,,50.00,50.00,50.00,,,50.00,,
P9. Collection of user information from third parties (Internet companies),N/A,,,,,,,N/A,N/A,N/A,,,N/A,,
P10. Process for responding to third-party requests for user information,54.17,,,,,,,54.17,54.17,54.17,,,54.17,,
P11. Data about third-party requests for user information,40.91,,,,,,,40.91,40.91,40.91,,,40.91,,
P12. User notification about third-party requests for user information,0.00,,,,,,,0.00,0.00,0.00,,,0.00,,
P13. Security oversight,66.67,,,,,,,66.67,66.67,66.67,,,66.67,,
P14. Addressing security vulnerabilities,0.00,,,,,,,0.00,0.00,0.00,,,0.00,,
P15. Data breaches,16.67,,,,,,,16.67,16.67,16.67,,,16.67,,
"P16. Encryption of user communication and private content (Internet, software, and device companies)",N/A,,,,,,,N/A,N/A,N/A,,,N/A,,
"P17. Account Security (Internet, software, and device companies)",N/A,,,,,,,N/A,N/A,N/A,,,N/A,,
P18. Inform and educate users about potential risks,100.00,,,,,,,100.00,100.00,100.00,,,100.00,,
,,,,,,,,,,,,,,,
average,48.11,71.30,69.44,73.15,81.30,79.44,83.15,48.41,48.21,46.95,,,46.93,,
G,81.30,,,,,,,81.30,,,,,81.30,,
FoE,44.54,,,,,,,45.42,,,,,40.54,,
P,37.45,,,,,,,37.45,,,,,37.45,,