Source reference number,Document title,URL,Date of document (if applicable),Date accessed
1,Welcome to the Google Privacy Policy,https://www.google.com/intl/en/policies/privacy/?fg=1,8/29/2016,9/21/2016
2,Google + User Content and Conduct Policy,https://www.google.com/intl/en-US/+/policy/content.html,,9/21/2016
3,Google Code of Conduct,https://abc.xyz/investor/other/google-code-of-conduct.html,4/11/2012,9/21/2016
4,Google Board,https://abc.xyz/investor/other/board.html,10/2/2015,9/21/2016
5,Bylaws,https://abc.xyz/investor/other/bylaws.html,10/2/2015,9/21/2016
6,Privacy Policy Archive,https://www.google.com/intl/en/policies/privacy/archive/,,9/21/2016
7,Corporate Governance Guidelines,https://abc.xyz/investor/other/corporate-governance-guidelines.html,4/20/2016,9/21/2016
8,Google for Work Security and Compliance Whitepaper,https://static.googleusercontent.com/media/apps.google.fr/fr/FR/files/google-apps-security-and-compliance-whitepaper.pdf,2016:07:13 16:13:35-07:00 (from exif creation date),9/21/2016
9,Google’s Approach to IT Security,https://static.googleusercontent.com/media/1.9.22.221/en//enterprise/pdf/whygoogle/google-common-security-whitepaper.pdf,,9/21/2016
10,Independent Assessors report on Google's Privacy Program,https://www.ftc.gov/system/files/attachments/frequently-requested-records/150403googleprivassess_1.pdf,6/23/2014,9/21/2016
11,GNI Public Report on the 2015/2016 Independent Company Assessments,http://globalnetworkinitiative.org/sites/default/files/Public-Report-2015-16-Independent-Company-Assessments.pdf,7/1/2016,9/21/2016
12,Terms of Service,https://www.google.com/intl/en/policies/terms/,4/14/2014,9/21/2016
13,Legal Removal Requests,https://support.google.com/legal/answer/3110420?visit_id=1-636099807279170094-1010837504&hl=en&rd=2,,9/21/2016
14,Removing Content From Google,https://support.google.com/legal/troubleshooter/1114905?rd=2#ts=1349036%2C2945209%2C3033959%2C1115791,,9/21/2016
15,Digital Millennium Copyright Act,https://support.google.com/legal/answer/1120734#counter,,9/21/2016
16,Google Transparency Report - Government requests to remove content,https://www.google.com/transparencyreport/removals/government/,,12/1/2016
17,Google Transparency Report - Requests to remove content due to copyright,https://www.google.com/transparencyreport/removals/copyright/?hl=en#glance,,11/16/2016
18,Google Tranparency Report - Requests for User Information,https://www.google.com/transparencyreport/userdatarequests/countries/?t=table,,9/21/2016
19,Google Transparency Report - Legal Process,https://www.google.com/transparencyreport/userdatarequests/legalprocess/,,9/21/2016
20,Terms of Service - Spanish,https://www.google.com/intl/es/policies/terms/?fg=1,4/14/2014,9/21/2016
21,Terms of Service Updates,https://www.google.com/policies/terms/archive/,,9/21/2016
22,Remove Content From Google - Drive Selected,https://support.google.com/legal/troubleshooter/1114905?rd=1#ts=1115681,,9/21/2016
23,Remove Content From Google - Blogger Selected,https://support.google.com/legal/troubleshooter/1114905?rd=1#ts=1115645,,9/21/2016
24,Explore Requests,https://www.google.com/transparencyreport/removals/government/notes/?hl=en,,9/21/2016
25,Download the data,https://www.google.com/transparencyreport/removals/government/data/?hl=en,,9/22/2016
27,"""Download the Data"" (Removal Request Data)",https://www.google.com/transparencyreport/removals/government/data/?hl=en,,9/22/2016
28,Explore the Data - Reporting Orgs,https://www.google.com/transparencyreport/removals/copyright/explore/?,,9/22/2016
29,Explore the Data - Domains,https://www.google.com/transparencyreport/removals/copyright/explore/?,,9/22/2016
30,Removal Request Items Total,https://www.google.com/transparencyreport/removals/government/,,9/22/2016
31,Removal Request Items Branch,https://www.google.com/transparencyreport/removals/government/,,9/22/2016
32,Removal Request Requests Topic,https://www.google.com/transparencyreport/removals/government/,,9/22/2016
33,Removal Request Requests Reasons,https://www.google.com/transparencyreport/removals/government/,,9/22/2016
34,Removal Request Items Products,https://www.google.com/transparencyreport/removals/government/,,9/22/2016
35,Removal Request Items Reasons,https://www.google.com/transparencyreport/removals/government/,,9/22/2016
36,Explore the Data - Data Owners,https://www.google.com/transparencyreport/removals/copyright/explore/?,,9/22/2016
37,Google Home page,google.com,,9/22/2016
38,Privacy Policy - Spanish - Te damos la bienvenida a la Política de privacidad de Google,https://www.google.com/intl/es/policies/privacy/?fg=1,,9/22/2016
39,Collect Information,https://www.google.com/intl/en/policies/privacy/example/collect-information.html,,9/22/2016
40,Key Terms,https://www.google.com/intl/en/policies/privacy/key-terms/,,9/22/2016
41,We want you to understand what data we collect and use.,https://privacy.google.com/your-data.html,,9/22/2016
42,"Google: ""Combine personal information from one service with information, including personal information, from other Google services""",https://www.google.com/intl/en/policies/privacy/example/combine-personal-information.html,,9/22/2016
43,Advertising,https://www.google.com/policies/technologies/ads/,,9/22/2016
44,Delete your Google Account,https://support.google.com/accounts/answer/32046,,9/22/2016
45,Delete searches & other activity from your account,https://support.google.com/accounts/answer/465?co=GENIE.Platform%3DDesktop&hl=en,,9/22/2016
46,Recover a recently deleted Google Account,https://support.google.com/accounts/answer/6236295,,9/22/2016
47,Restore a recently deleted user,https://support.google.com/a/answer/1397578?hl=en,,9/22/2016
48,Activity Controls,https://myaccount.google.com/activitycontrols,,9/22/2016
49,Control your Google ads,https://www.google.com/settings/u/0/ads/authenticated?hl=en,,9/22/2016
50,Download Your Data,https://support.google.com/accounts/answer/3024190?hl=en,,9/22/2016
51,Download Your Data - What information,https://takeout.google.com/settings/takeout,,9/22/2016
52,Migrate data away from Google Apps,https://support.google.com/a/answer/100458,,9/22/2016
53,Types of cookies used by Google,https://www.google.com/intl/en/policies/technologies/types/,,9/22/2016
54,IP Anonymization in Analytics,https://support.google.com/analytics/answer/2763052,,9/22/2016
55,IP masking,https://support.google.com/analytics/answer/2905384?hl=en,,9/22/2016
56,Safeguarding your data,https://support.google.com/analytics/answer/6004245,,9/22/2016
57,"""Legal process or enforceable governmental request""",https://www.google.com/intl/en/policies/privacy/example/legal-process.html,,9/22/2016
58,United States  - Data Requests,https://www.google.com/transparencyreport/userdatarequests/US/,,9/22/2016
59,Requests by Reporting Period,https://www.google.com/transparencyreport/userdatarequests/,,9/22/2016
60,Users/Accounts by Reporting Period,https://www.google.com/transparencyreport/userdatarequests/?metric=users_accounts,,9/22/2016
61,FAQ - Transparency Report,https://www.google.com/transparencyreport/userdatarequests/faq/,,9/22/2016
62,Download Data - Transparency Report,https://www.google.com/transparencyreport/userdatarequests/data/,,9/22/2016
63,Report a Security Vulnerability,https://www.google.com/appserve/security-bugs/m2/new?rl=&key=,,9/22/2016
64,Google Vulnerability Reward Program (VRP) Rules,https://www.google.com/about/appsecurity/reward-program/index.html,,9/22/2016
65,Disclosure timeline for vulnerabilities under active attack,https://security.googleblog.com/2013/05/disclosure-timeline-for-vulnerabilities.html,,9/22/2016
66,Android Security Rewards Program Rules,https://www.google.com/about/appsecurity/android-rewards/,,9/22/2016
67,We help make the Internet safer for everyone.,https://privacy.google.com/safer-internet.html,,9/22/2016
68,Say Allo.,https://allo.google.com/,,9/22/2016
69,Chat in private with Incognito mode,https://support.google.com/allo/answer/6383724?ref_topic=6376094&hl=,,9/22/2016
70,How Google keeps your data safe,https://privacy.google.com/your-security.html?modal_active=your-security-action-overlay&article_id=c3-a-security-checkup-1,,9/22/2016
71,Keep your stuff secure and private,https://www.google.com/intl/en/safetycenter/everyone/start/,,9/22/2016
72,Youtube - Additional resources,https://support.google.com/youtube/answer/2802848?hl=en&ref_topic=2803240,,9/22/2016
73,Gmail security tips,https://support.google.com/mail/answer/7036019?hl=en&ref_topic=3394218,,9/22/2016
74,Safety Center - YouTube,https://www.youtube.com/yt/policyandsafety/safety.html,,9/23/2016
75,Terms of Service - Youtube,https://www.youtube.com/static?template=terms,6/9/2010,9/23/2016
76,Additional policies - YouTube,https://support.google.com/youtube/answer/2801981?hl=en&ref_topic=2803176,,9/23/2016
77,Community Guidelines strike basics - Youtube,https://support.google.com/youtube/answer/2802032?hl=en&ref_topic=2803138,,9/23/2016
78,Troubleshoot video takedowns - YouTube,https://support.google.com/youtube/answer/6395024?hl=en&ref_topic=2803176,,9/23/2016
79,Other reporting options - YouTube,https://support.google.com/youtube/answer/2802057?hl=en&ref_topic=2803138,,9/23/2016
80,Copyright strike basics -YouTube,https://support.google.com/youtube/answer/2814000?hl=en&ref_topic=2778545,,9/23/2016
81,Frequently asked copyright questions - YouTube,https://support.google.com/youtube/answer/2797449?hl=en&ref_topic=2778546,,9/23/2016
82,What is Copyright? - YouTube,https://support.google.com/youtube/answer/2797466?hl=en&ref_topic=2778546,,9/23/2016
83,Legal policies,https://support.google.com/youtube/answer/2801979,,9/23/2016
84,Community Guidelines - YouTube,https://www.youtube.com/yt/policyandsafety/communityguidelines.html,,9/23/2016
85,Gmail Program Policies,https://www.google.com/gmail/about/policy/,,9/23/2016
86,What is a Content ID claim?,https://support.google.com/youtube/answer/6013276?hl=en&ref_topic=2778545,,9/23/2016
87,How Content ID works,https://support.google.com/youtube/answer/2797370,,9/23/2016
88,Violent or graphic content,https://support.google.com/youtube/answer/2802008,,9/23/2016
89,Terms of Service - Youtube - Spanish,https://www.youtube.com/t/terms,,9/23/2016
90,Gmail - About,https://www.google.com/gmail/about/,,9/23/2016
91,Políticas del Programa de Gmail - Gmail - Program Policies (Spanish) ,https://www.google.com/intl/es/mail/help/program_policies.html,,9/23/2016
92,Appeal Community Guidelines strikes - Youtube,https://support.google.com/youtube/answer/185111?hl=en&ref_topic=2803138,,9/23/2016
93,Counter Notification Basics,https://support.google.com/youtube/answer/2807684?hl=en&ref_topic=2778545,,9/23/2016
94,Dispute a Content ID claim - Youtube,https://support.google.com/youtube/answer/2797454?hl=en&ref_topic=2778545,,9/23/2016
95,Privacy Complaint Process - YouTube,https://support.google.com/youtube/answer/142443,,9/23/2016
96,YouTube Privacy Guidelines,https://www.youtube.com/t/privacy_guidelines,,9/23/2016
97,"Google ""credit card""",https://www.google.com/intl/en/policies/privacy/example/credit-card.html,,9/23/2016
98,"Instrucciones sobre reclamaciones de privacidad de YouTube
 - YouTube Privacy Guidelines - Spanish",https://www.youtube.com/t/privacy_guidelines,,9/23/2016
99,AppStore - Privacy Policies for Android Apps Developed by Third Parties,https://support.google.com/googleplay/answer/2666094?hl=en&ref_topic=2450225,,9/23/2016
100,AppStore - Privacy and Security,https://play.google.com/about/privacy-security/additional-requirements/,,9/23/2016
101,Developer Policy Center - Google Play,https://play.google.com/about/developer-content-policy-print/,,9/23/2016
102,Developer Dist Agreement Summary of Changes,https://play.google.com/intl/ALL_us/about/developer-distribution-agreement/summary.html,,9/23/2016
103,Developer Distribution Agreement - Archive Version,https://play.google.com/intl/ALL_us/about/developer-distribution-agreement/archive.html,,9/23/2016
104,Google Play Developer Distribution Agreement,https://play.google.com/intl/ALL_us/about/developer-distribution-agreement.html,,9/23/2016
105,FAQs for Google Play apps policies,https://support.google.com/googleplay/android-developer/answer/4454563?hl=en&ref_topic=2364761,,9/23/2016
106,Control your app permissions on Android 6.0 and up,https://support.google.com/googleplay/answer/6270602?hl=en&ref_topic=6046245,,9/23/2016
107,Review app permissions thru Android 5.9,https://support.google.com/googleplay/answer/6014972?hl=en&ref_topic=6046245,,9/23/2016
108,Embed videos & playlists,https://support.google.com/youtube/answer/171780?hl=en,,9/23/2016
109,Android Security,https://www.android.com/security/overview/,,9/23/2016
110,Tips for keeping your Android device safe,https://support.google.com/android/answer/6215472?hl=en,,9/23/2016
111,Last account activity,https://support.google.com/mail/answer/45938,,9/23/2016
112,Encrypt your data,https://support.google.com/android-one/answer/2844831?hl=en&ref_topic=6085839,,9/23/2016
113,Android Security 2015 Year In Review,https://static.googleusercontent.com/media/source.android.com/en//security/reports/Google_Android_Security_2015_Report_Final.pdf,,9/23/2016
114,Creating Better User Experiences on Google Play,http://android-developers.blogspot.com/2015/03/creating-better-user-experiences-on.html,,9/23/2016
115,Check and update your Android version,https://support.google.com/nexus/answer/4457705?hl=en,,9/23/2016
116,Requirements for distributing apps in Korea,https://support.google.com/googleplay/android-developer/answer/6223646?hl=en&ref_topic=2364761,,9/24/2016
117,Fair warnings,https://support.google.com/googleplay/android-developer/answer/2985876?hl=en&ref_topic=3453554,,9/24/2016
118,FAQs for Google Play apps policies,https://support.google.com/googleplay/android-developer/answer/4454563?hl=en&ref_topic=2364761,,9/24/2016
119,Contact Google Play about an account termination or app removal,https://support.google.com/googleplay/android-developer/troubleshooter/2993242?hl=en&ref_topic=3453554#ts=2993244,,9/24/2016
120,Understanding Google Play developer account terminations,https://support.google.com/googleplay/android-developer/answer/2491922?hl=en&ref_topic=3453554,,9/24/2016
121,My app has been removed from Google Play,https://support.google.com/googleplay/android-developer/answer/2477981,,9/24/2016
122,Google Play Terms of Service,https://play.google.com/intl/ALL_us/about/play-terms.html,"July 27, 2016",9/24/2016
123,Condiciones del Servicio de Google Play- Google Play Terms of Service - Spanish,https://play.google.com/intl/es_us/about/play-terms.html,,9/24/2016
124,Acuerdo de Distribución para Desarrolladores de Google Play - Google play developer agreement,https://play.google.com/intl/us_es/about/developer-distribution-agreement.html,"July, 2 2016",9/24/2016
125,Acuerdo de distribución para desarrolladores - GPlay Developer Agreement Archive Spanish,https://play.google.com/intl/ALL_es/about/developer-distribution-agreement/archive.html,,9/24/2016
126,Resumen de cambios - Google Play Dev Agreeement Archive Comparison,https://play.google.com/intl/ALL_es/about/developer-distribution-agreement/summary.html,"Sept, 25, 2014",9/24/2016
127,Appeal an app removal from Google Play,https://support.google.com/googleplay/android-developer/contact/appappeals,,9/24/2016
128,Removal Policies,https://support.google.com/websearch/answer/2744324?hl=en,,9/24/2016
129,Policies - Google Search,https://www.google.com/insidesearch/howsearchworks/policies.html,,9/24/2016
130,Lineamientos de la comunidad,https://www.youtube.com/yt/policyandsafety/es-419/communityguidelines.html,,10/3/2016
131,Google Play Books Privacy Policy,https://play.google.com/books/intl/en/privacy.html,"December 16, 2015",10/5/2016
132,Google Security blog - Protecting data for the long term with forward secrecy,https://security.googleblog.com/2011/11/protecting-data-for-long-term-with.html,"Nov. 22, 2011",10/25/2016
133,Set Screen Lock Android ,https://support.google.com/nexus/answer/2819522,,11/11/2016
134,2011 FTC order mandating privacy assessments,https://www.ftc.gov/sites/default/files/documents/cases/2011/10/111024googlebuzzdo.pdf,"October 13, 2011",11/12/2016
135,European privacy requests for search removals,https://www.google.com/transparencyreport/removals/europeprivacy/?hl=en,,11/21/2016
136,European privacy in search - Frequently Asked Questions,https://www.google.com/transparencyreport/removals/europeprivacy/faq/,,12/1/2016
137,"What is ""Copyright""?",https://support.google.com/legal/answer/3463239?hl=en,,12/1/2016
138,Transparency Report -- Removal requests by country,https://www.google.com/transparencyreport/removals/government/countries/?hl=en,,12/1/2016
139,Account Disabled FAQ,https://support.google.com/accounts/answer/40695?hl=en,,12/2/2016
140,Account Disabled Form,https://support.google.com/accounts/contact/disabled2,,12/2/2016
141,Blog Post - Why Flagging Matters,https://youtube.googleblog.com/2016/09/why-flagging-matters.html,"Sept. 15, 2016",1/16/2017
142,View or delete search history,https://support.google.com/accounts/answer/57711?hl=en&ref_topic=7188674,,1/16/2017
143,Project Shield,https://projectshield.withgoogle.com/public/,,1/16/2017
144,Growing our Trusted Flagger program into YouTube Heroes,https://youtube.googleblog.com/2016/09/growing-our-trusted-flagger-program.html,"Sept. 22, 2016",1/16/2017
145,Opt out of seeing personalized ads,https://support.google.com/ads/answer/2662922?hl=en,,1/16/2017
146,Google Play Business and Program Policies,https://play.google.com/about/android-developer-policies.html,,1/29/2017
147,Google Support Page - Google Dashboard,https://support.google.com/accounts/answer/162744?hl=en,,1/29/2017
148,Google Play Developer Policy Center ,https://play.google.com/about/developer-content-policy/,,1/29/2017