Source reference number,Document title,URL,Date of document (if applicable),Date accessed
1,Microsoft Services Agreement,https://www.microsoft.com/en-us/servicesagreement/,"Effective September 15, 2016",9/15/2016
2,Content Removal Requests Report,https://www.microsoft.com/about/csr/transparencyhub/crrr/,"Published March 25, 2016, covers July-December 2015.",8/24/2016
3,How Bing Delivers Search Results,https://help.bing.microsoft.com/#apex/18/en-us/10016/0,None listed.,8/24/2016
4,Law Enforcement Requests Report Webpage,https://www.microsoft.com/about/csr/transparencyhub/lerr/,None listed (updated on an ongoing basis),8/25/2016
5,"Principles, Policies and Practices FAQ",https://www.microsoft.com/about/csr/transparencyhub/pppfaq/,None listed.,8/25/2016
6,Law Enforcement Requests Report 2015 H2,PDF (available here: https://www.microsoft.com/about/csr/transparencyhub/lerr/),"Published March 25, 2016, covers up to July-December 2015.",8/25/2016
7,U.S. National Security Orders Report,PDF available here: https://www.microsoft.com/about/csr/transparencyhub/fisa/,July 2011-December 2015,8/25/2016
8,Excel_Law Enforcement Requests Report 2015 H2,Downloadable here: https://www.microsoft.com/about/csr/transparencyhub/crrr/,July 2015-Dec 2015,8/25/2016
9,Summary of Changes to Microsoft Services Agreement,https://www.microsoft.com/en-us/servicesagreement/Updates.aspx,"Does not specify, but changes went into effect September 15, 2016",9/15/2016
10,Submitting privacy-related requests to block search results in the EU,http://help.bingads.microsoft.com/apex/index/18/en-US/10013,None listed.,9/20/2016
11,Request to block Bing Search Results in Europe,https://www.bing.com/webmaster/tools/eu-privacy-request,None listed.,9/20/2016
12,Excel Content Removal Requests Report,Downloadable here: https://www.microsoft.com/about/csr/transparencyhub/crrr/,None listed (covers July-December 2015),9/23/2016
13,Microsoft Privacy Statement (expanded),https://privacy.microsoft.com/en-us/privacystatement,Updated August 2016,9/25/2016
14,Microsoft Privacy Statement (Spanish),https://privacy.microsoft.com/es-es/privacystatement/,Updated August 2016,9/26/2016
15,Change History for Microsoft Privacy Statement,https://privacy.microsoft.com/en-us/Updates,Updated August 2016,9/26/2016
16,Corporate Social Responsibility - Human Rights,https://www.microsoft.com/about/csr/human-rights/,none listed,9/27/2016
17,Global Human Rights Statement,PDF available here: http://www.microsoft.com/about/csr/human-rights/,September 2013,9/28/2016
18,Regulatory and Public Policy Committee Charter,https://view.officeapps.live.com/op/view.aspx?src=https://c.s-microsoft.com/en-us/CMSFiles/Regulatory%20and%20Public%20Policy%20Committee%20Charter.docx?version=a2057064-ea20-b92a-d197-79c84cd4f111,"Revised July 1, 2015",9/28/2016
19,GNI Report 2015-2016,http://globalnetworkinitiative.org/sites/default/files/Public-Report-2015-16-Independent-Company-Assessments.pdf,Published July 2016,9/28/2016
20,Steve Crown LinkedIn Profile,https://www.linkedin.com/in/steve-crown-38584b23,n/a,9/28/2016
21,Microsoft Profile Business and Human Rights Resource Center,https://business-humanrights.org/en/microsoft-0,None listed,9/28/2016
22,Microsoft 2015 Citizenship Report,https://www.microsoft.com/about/csr/transparencyhub/citizenship-reporting/,2015,9/28/2016
23,"Public Report on the Independent Assessment Process for Google, Microsoft, and Yahoo",https://globalnetworkinitiative.org/sites/default/files/GNI%20Assessments%20Public%20Report.pdf,Published January 2014,9/28/2016
24,GNI Independent Assessments,https://globalnetworkinitiative.org/content/independent-assessments,None listed,9/28/2016
25,GNI Board of Directors,https://globalnetworkinitiative.org/board/index.php,None listed,9/28/2016
26,Microsoft Bug Bounty Program,https://technet.microsoft.com/en-us/library/dn425036.aspx,"None listed, but updated with ongoing bug bounty programs",9/28/2016
27,Microsoft Bug Bounty Program FAQ,https://technet.microsoft.com/en-us/library/dn425055.aspx,None listed,9/28/2016
28,"Microsoft blog post ""Advancing our encryption and transparency efforts""",http://blogs.microsoft.com/on-the-issues/2014/07/01/advancing-our-encryption-and-transparency-efforts/#sm.0001lfyyffs41fehz6o24i5ck4jg3,"Posted July 1, 2014",9/28/2016
29,Skype support page,https://support.skype.com/en/faq/FA31/Does-Skype-use-encryption?,None listed,9/28/2016
30,Bing Moving to Encrypt Search Traffic by Default,http://blogs.bing.com/webmaster/2015/06/15/bing-moving-to-encrypt-search-traffic-by-default,"Posted June 15, 2015",9/28/2016
31,YouthSpark - Online Safety,https://www.microsoft.com/about/philanthropies/youthspark/youthsparkhub/programs/onlinesafety/,None listed,9/28/2016
32,Microsoft Safety and Security Center,https://www.microsoft.com/en-us/safety,None listed,9/28/2016
33,"Skype - Protecting your online safety, security and privacy",https://support.skype.com/en/faq/FA34649/protecting-your-online-safety-security-and-privacy,None listed,9/28/2016
34,Microsoft Trust Center - Security,https://www.microsoft.com/en-us/trustcenter/Security/default.aspx,None listed,9/28/2016
35,Microsoft Trust Center - Security - Identity,https://www.microsoft.com/en-us/trustcenter/Security/Identity,None listed,9/28/2016
36,Microsoft Account Security Recent Activity Page,https://www.microsoft.com/en-us/account/security/recentactivity.aspx,None listed,9/28/2016
37,Blog post - On Microsoft account notifications and the activity history page,https://blogs.msdn.microsoft.com/lcris/2015/01/05/on-microsoft-account-notifications-and-the-activity-history-page/,"Posted January 5, 2015",9/28/2016
38,Skype conversation history support page,https://support.skype.com/en/faq/FA392/how-do-i-manage-my-conversation-history-in-skype-for-windows-desktop?q=view+information,None listed,9/29/2016
39,How to close your Microsoft account,https://support.microsoft.com/en-us/help/12412/microsoft-account-how-to-close-account,None listed,9/29/2016
40,Export Your Contacts from Outlook,https://support.office.com/en-us/article/Export-contacts-from-Outlook-10f09abd-643c-4495-bb80-543714eca73f?ui=en-US&rs=en-001&ad=US,None listed,9/29/2016
41,Bing Help Page,http://onlinehelp.microsoft.com/en-us/bing/ff808447.aspx,2016,11/29/2016
42,Microsoft Privacy Principles,https://privacy.microsoft.com/en-US/,,1/18/2017
43,Microsoft Salient Human Rights Issues Report,PDF link available at: https://www.microsoft.com/en-us/about/corporate-responsibility/human-rights ,,1/23/2017
44,"Blog post - ""Revenge Porn"": Putting Victims back in Control",http://blogs.microsoft.com/on-the-issues/2015/07/22/revenge-porn-putting-victims-back-in-control/,7/22/2015,1/23/2017
45,Skype help page - account restricted,https://support.skype.com/en/faq/FA10946/my-skype-account-has-been-restricted-blocked-or-hacked,,1/23/2017
46,Microsoft Privacy Dashboard,https://account.microsoft.com/privacy/about,Released Jan 2017,1/23/2017
47,Microsoft Privacy Standards - 10 Privacy Principles,Word doc linked to here: https://www.microsoft.com/en-us/twc/privacy/practices.aspx,,1/23/2017
48,Microsoft Trustworthy Computing Practices,https://www.microsoft.com/en-us/twc/privacy/practices.aspx,,1/23/2017
49,Security Development Lifecylce,https://www.microsoft.com/en-us/sdl/default.aspx,,1/24/2017
50,Request to reinstate disabled content,https://support.microsoft.com/en-us/getsupport?oaspworkflow=start_1.0.0.0&wf=0&wfName=capsub&productkey=ReinstateContent&locale=en-us&ccsid=636196000071872138,,1/25/2017