,,,
,,,
,,,
,,,
,,,
,,,
"The Ranking Digital Rights 2017 Corporate Accountability Index evaluates 22 of the world’s most powerful Internet, mobile and telecommunications companies on their commitments, policies, and practices that affect users’ freedom of expression and privacy.",,,
,,,
Website:,,,rankingdigitalrights.org
Corporate Accountability Index 2017:,,,rankingdigitalrights.org/index2017
Methodology:,,,rankingdigitalrights.org/index2017/methodology
,,,
This dataset includes the evaluation and scoring for each indicator and element for the 22 companies ranked in the 2017 Ranking Digital Rights Corporate Accountability Index.,,,
Descriptions for the tabs in this spreadsheet are as follows:,,,
,,,
,,,
"1. Quick Overview: Shows the scores for each company. These include the Total score as well as scores for the Governance, Freedom of Expression, and Privacy categories.",,,
,,,
"2. Scores Overview: Shows indicator-level scores for each company, for each of the services evaluated..",,,
,,,
"3. Scores Overview Pre-and Post-paid: Same as ""scores overview"" data, with the addition of telecommunications company scores broken out by pre- and post-paid mobile, where applicable.",,,
,,,
"Each company has an Outcome sheet, a Results sheet, and a Sources sheet.",,,
,,,
"4. Outcome sheet: Shows the evaluation for each company, along with the associated comments; or rationale for the evaluation, and applicable sources. The evaluation includes an assessment of disclosure for every element of each indicator, based on one of the following possible answers:",,,
,,,
"""Yes"" - Company disclosure meets the element requirement.",,,
"""Partial"" - Company disclosure has met some but not all aspects of the element, or the disclosure is not comprehensive enough to satisfy the full scope of what the element is asking for.",,,
"""No disclosure found"" - Researchers were not able to find information provided by the company on their website that answers the element question.",,,
"""No"" - Company disclosure exists, but it specifically does not disclose to users what the element is asking. This is distinct from the option of ""no disclosure found""; although both result in no credit.",,,
"""N/A"" - Not applicable. This element does not apply to the company or service. Elements marked as N/A will not be counted for or against a company in the scoring process.",,,
,,,
Points,,,
Yes = 100,,,
Partial = 50,,,
No = 0,,,
No disclosure found = 0,,,
N/A excluded from the score and averages,,,
"Companies receive a cumulative score of their performance across all Index categories, and results show how companies performed by each category and indicator. Scores for the Freedom of Expression and Privacy categories are calculated by averaging scores for each individual service. Scores for the Governance category indicators include group-, operating- and service(s)-level performance (depending on indicator and company type, see below).",,,
,,,
Governance category scoring,,,
G1 and G5:,,,
"Internet and mobile ecosystem companies: scores were based on the ""group"" level scores;",,,
"Telecommunications companies: scores based on average ""group"" and operating company scores.",,,
"G2, G3, G4:",,,
"Internet and mobile ecosystem companies: scores based on average of ""group""-level and services scores;",,,
"Telecommunications companies: Average of group, operating, and services scores",,,
G6:,,,
Internet and mobile ecosystem companies: Average of service-level scores.,,,
Telecommunications companies: Average of service-level scores.,,,
,,,
"5. Results Sheet: The results sheet is directly linked to the outcome sheet to show the cumulative results per indicator, per category, and in total, for each service and as a whole.",,,
,,,
6. Sources Sheet: Lists the sources which are associated with the Outcome sheets. Each Indicator on the Outcome sheet lists the numbers of the sources which were used in the evaluation of that particular indicator on the line labelled accordingly.,,,