Source reference number,Document title,URL,Date of document (if applicable),Date accessed
1,Human Rights in Communication Policy ,http://about.att.com/content/dam/csr/FAQpdfs/Human_Rights_Communications_Policy.pdf,2010,9/16/2016
2,Protecting Freedom of Expression,http://about.att.com/content/csr/home/issue-brief-builder/people/protecting-freedom-of-expression.html,8/18/2016,9/16/2016
3,Public Policy and Corporate Reputation Committee of the Board of Directors of AT&T Inc.,https://www.att.com/gen/investor-relations?pid=5613,4/27/2012,9/16/2016
4,Protecting Privacy,http://about.att.com/content/csr/home/issue-brief-builder/people/protecting-privacy.html,8/18/2016,9/16/2016
5,AT&T Executives,https://www.att.com/gen/investor-relations?pid=7811,none,9/16/2016
6,"Executive Bios: David S. Huntley, Chief Compliance Officer, AT&T Inc.",https://www.att.com/gen/investor-relations?pid=27780,none,9/16/2016
7,AT&T Telecomms Industry Dialogue Report (2014),https://about.att.com/content/dam/csr/PDFs/ATT_Industry_Dialogue_Reporting_Matrix.pdf,7/6/1905,9/16/2016
8,AT&T Code of Business Conduct,http://www.att.com/Common/about_us/downloads/att_code_of_business_conduct.pdf,7/7/1905,9/16/2016
9,Prepaid (GoPhone) Terms of Service,https://www.att.com/legal/terms.prepaidServiceAgreement.html,None,9/16/2016
10,Prepaid (GoPhone) Terms of Service - Spanish,https://www.att.com/es-us/legal/terms.prepaidServiceAgreement.html,None,9/16/2016
11,Acceptable Use Policy,https://www.att.com/legal/terms.aup.html,7/6/1905,9/16/2016
12,Acceptable Use Policy - Spanish,https://www.att.com/es-us/legal/terms.aup.html,None,9/16/2016
13,AT&T High Speed Internet Terms of Service,https://www.att.com/legal/terms.internetAttTermsOfService.html,7/1/2016,9/16/2016
15,AT&T High Speed Internet Terms of Service - Spanish,https://www.att.com/es-us/legal/terms.internetAttTermsOfService.html,7/1/2016,8/23/2016
16,AT&T July 2016 Transparency Report,http://about.att.com/content/dam/csr/Transparency%20Reports/ATT_TransparencyReport_July2016.pdf,7/1/2016,10/7/2016
17,Postpaid Mobile Terms of Service,https://www.att.com/legal/terms.wirelessCustomerAgreement.html,none,10/8/2016
18,AT&T Copyright/Trademark Policy,https://www.att.com/legal/terms.copyright.html,none,10/8/2016
19,AT&T Copyright Infringement & Digital Millennium Copyright Act,https://www.att.com/legal/terms.dmca.html,none,10/8/2016
20,AT&T Privacy Policy,http://about.att.com/sites/privacy_policy/full_privacy_policy,7/24/2015,10/8/2016
21,AT&T Privacy Policy - Spanish version,http://espanol.att.com/privacy_policy/index.html,7/24/2015,10/8/2016
22,View past wireless usage,https://www.att.com/esupport/article.html#!/wireless/KM1048294,none,10/9/2016
23,View past GoPhone usage,https://www.att.com/esupport/article.html#!/wireless/KM1048301,none,10/9/2016
24,Manage your home Internet data usage,https://www.att.com/esupport/article.html#!/u-verse-high-speed-internet/KM1116099,none,10/9/2016
25,Broadband Information,http://www.att.com/gen/public-affairs?pid=20879,"last updated Sept 9, 2016",10/12/2016
26,ATT Community Forum ,https://forums.att.com/,,10/12/2016
27,Filing a Complaint ,https://www.att.com/esupport/article.html#!/wireless/KM1041856,,10/13/2016
28,ATT Comments to FCC Regarding Service Disruptions,https://ecfsapi.fcc.gov/file/7021920921.pdf,5/30/2012,10/12/2016
29,Postpaid Mobile Terms of Service - Spanish),https://www.att.com/es-us/legal/terms.wirelessCustomerAgreement.html#whatIsTheTermOfMyService,,10/12/2016
30,AT&T Network Security Policy ,http://about.att.com/content/csr/home/issue-brief-builder/people/network-security.html,2016,10/13/2016
31,ATT FEC lawsuit,https://apps.fcc.gov/edocs_public/attachmatch/DA-15-399A1.pdf,,10/13/2016
33,AT&T Security ,https://www.att.com/support/security.html,,10/13/2016
34,AT&T Business Cybersecurity,https://www.business.att.com/enterprise/Portfolio/cybersecurity/,,10/13/2016
35,AT&T GoPhone Plan Terms,http://www.att.com/legal/terms.prepaidPlanTerms.html,updated September 2016,10/16/2016
36,AT&T Privacy Policy in French,http://about.att.com/sites/privacy_policy#french,,10/16/2016
37,Executive Bio: David S. Huntley,http://www.att.com/gen/investor-relations?pid=27780,,10/20/2016
38,AT&T Bug Bounty Program!,https://bugbounty.att.com/,,10/23/2016
39,AT&T Bug Bounty Reporting Process,https://bugbounty.att.com/rewards.php,,10/23/2016