 ,Document title,URL,Date of document (if applicable),Date accessed
1,General Terms and Conditions for Consumer Services (english),https://www.ooredoo.qa/portal/OoredooQatar/general-terms-and-conditions,N/A,9/13/2016
2,General Terms and Conditions for Consumer Services (arabic),https://www.ooredoo.qa/portal/OoredooQatar/general-terms-and-conditions?packedargs=form-to-process=LocaleForm&preferred_locale=1374098763479&p=1444833130199,N/A,9/13/2016
3,Code of Business Conduct and Ethics (arabic),https://www.ooredoo.qa/portal/Satellite?blobcol=urldata&blobheader=application%2Fpdf&blobheadername1=Content-Disposition&blobheadername2=MDT-Type&blobheadervalue1=inline%3B+filename%3Dooredoo_code_of_ethics_ar.pdf&blobheadervalue2=abinary%3B+charset%3DUTF-8&blobkey=id&blobtable=MungoBlobs&blobwhere=1451205638916&ssbinary=true,N/A,9/13/2016
4,Code of Business Conduct and Ethics (english),https://www.ooredoo.qa/portal/OoredooQatar/ar/code-of-business-ethics-and-conduct,N/A,9/13/2016
5,ooredoo.qa website privacy policy (english),https://www.ooredoo.qa/portal/OoredooQatar/privacy-policy,N/A,9/14/2016
6,ooredoo.qa website privacy policy (arabic),https://www.ooredoo.qa/portal/OoredooQatar/privacy-policy,N/A,9/14/2016
7,ooredoo.com terms and condistions (english),http://ooredoo.com/en/terms_conditions/,N/A,9/20/2016
8,ooredoo.com terms and conditions (arabic),http://ooredoo.com/ar/terms_conditions/,N/A,9/20/2016
9,Ooredoo Qatar Pre-Paid Plan (Hala) (English),https://www.ooredoo.qa/portal/OoredooQatar/hala,N/A,10/12/2016
10,Ooredoo Qatar Pre-Paid Plan (Hala) (Arabic),https://www.ooredoo.qa/portal/OoredooQatar/hala,N/A,10/12/2016
11,Ooredoo Qatar Post-Paid Plan (Shahry) (English),https://www.ooredoo.qa/portal/OoredooQatar/shahry,N/A,10/12/2016
12,Ooredoo Qatar Post-Paid Plan (Shahry) (Arabic),https://www.ooredoo.qa/portal/OoredooQatar/shahry,N/A,10/12/2016
13,Ooredoo Qatar Fibre (English) ,https://www.ooredoo.qa/portal/OoredooQatar/get-connected-fibre,N/A,10/12/2016
14,Ooredoo Qatar Fibre (Arabic),https://www.ooredoo.qa/portal/OoredooQatar/get-connected-fibre,N/A,10/12/2016
15,My Ooredoo - Register (English),https://www.ooredoo.qa/selfcare/#/register/en,N/A,10/12/2016
16,My Ooredoo - Register (Arabic),https://www.ooredoo.qa/selfcare/#/register/ar,N/A,10/12/2016