,Result,Axiata (group),Axiata (group) - FoE (G-indicators),Axiata (group) - Privacy (G-indicators),Celcom (operating company),Celcom (operating company) - FoE (G-indicators),Celcom (operating company) - Privacy (G-indicators),mobile (service),mobile (service) - prepaid,mobile (service) - postpaid,mobile (service) - FoE (G-indicators),mobile (service) - Privacy (G-indicators)
G1. Policy Commitment,0.00,0.00,0.00,0.00,0.00,0.00,0.00,0.00,0.00,0.00,,
G2. Governance and management oversight,16.67,16.67,0.00,33.33,16.67,0.00,33.33,16.67,16.67,16.67,0.00,33.33
G3. Internal implementation,0.00,0.00,0.00,0.00,0.00,0.00,0.00,0.00,0.00,0.00,0.00,0.00
G4. Impact assessment,0.00,0.00,0.00,0.00,0.00,0.00,0.00,0.00,0.00,0.00,0.00,0.00
G5. Stakeholder engagement,0.00,0.00,0.00,0.00,0.00,0.00,0.00,0.00,0.00,0.00,,
G6. Remedy,0.00,0.00,0.00,0.00,0.00,0.00,0.00,0.00,0.00,0.00,0.00,0.00
F1. Access to terms of service,58.33,,,,,,,58.33,66.67,50.00,,
F2. Changes to terms of service,0.00,,,,,,,0.00,0.00,0.00,,
F3. Process for terms of service enforcement,20.00,,,,,,,20.00,20.00,20.00,,
F4. Data about terms of service enforcement,0.00,,,,,,,0.00,0.00,0.00,,
F5. Process for responding to third-party requests for content or account restriction,0.00,,,,,,,0.00,0.00,0.00,,
F6. Data about government requests for content or account restriction,0.00,,,,,,,0.00,0.00,0.00,,
F7. Data about private requests for content or account restriction,0.00,,,,,,,0.00,0.00,0.00,,
F8. User notification about content and account restriction,8.33,,,,,,,8.33,16.67,0.00,,
F9. Network management (telecommunications companies),50.00,,,,,,,50.00,50.00,50.00,,
F10. Network shutdown (telecommunications companies),6.25,,,,,,,6.25,6.25,6.25,,
F11. Identity policy,0.00,,,,,,,0.00,0.00,N/A,,
P1. Access to privacy policies,83.33,,,,,,,83.33,83.33,83.33,,
P2. Changes to privacy policies,0.00,,,,,,,0.00,0.00,0.00,,
P3. Collection of user information,33.33,,,,,,,33.33,33.33,33.33,,
P4. Sharing of user information,25.00,,,,,,,25.00,25.00,25.00,,
P5. Purpose for collecting and sharing user information,25.00,,,,,,,25.00,25.00,25.00,,
P6. Retention of user information,0.00,,,,,,,0.00,0.00,0.00,,
P7. Users’ control over their own user information,0.00,,,,,,,0.00,0.00,0.00,,
P8. Users’ access to their own user information,0.00,,,,,,,0.00,0.00,0.00,,
P9. Collection of user information from third parties (Internet companies),N/A,,,,,,,N/A,N/A,N/A,,
P10. Process for responding to third-party requests for user information,0.00,,,,,,,0.00,0.00,0.00,,
P11. Data about third-party requests for user information,0.00,,,,,,,0.00,0.00,0.00,,
P12. User notification about third-party requests for user information,0.00,,,,,,,0.00,0.00,0.00,,
P13. Security oversight,50.00,,,,,,,50.00,50.00,50.00,,
P14. Addressing security vulnerabilities,0.00,,,,,,,0.00,0.00,0.00,,
P15. Data breaches,0.00,,,,,,,0.00,0.00,0.00,,
"P16. Encryption of user communication and private content (Internet, software, and device companies)",N/A,,,,,,,N/A,N/A,N/A,,
"P17. Account Security (Internet, software, and device companies)",N/A,,,,,,,N/A,N/A,N/A,,
P18. Inform and educate users about potential risks,50.00,,,,,,,50.00,50.00,50.00,,
,,,,,,,,,,,,
average,13.32,2.78,0.00,5.56,2.78,0.00,5.56,13.32,13.84,13.21,,
G,2.78,,,,,,,2.78,,,,
FoE,12.99,,,,,,,12.99,,,,
P,17.78,,,,,,,17.78,,,,