,Result,Facebook (group),Facebook (group) - FoE (G-indicators),Facebook (group) - Privacy (G-indicators),Facebook (service),Facebook (service) - FoE (G-indicators),Facebook (service) - Privacy (G-indicators),Instagram (service),Instagram (service) - FoE (G-indicators),Instagram (service) - Privacy (G-indicators),WhatsApp (service),WhatsApp (service) - FoE (G-indicators),WhatsApp (service) - Privacy (G-indicators),Messenger (service),Messenger (service) - FoE (G-indicators),Messenger (service) - Privacy (G-indicators)
G1. Policy Commitment,100.00,100.00,100.00,100.00,100.00,,,100.00,,,100.00,,,100.00,,
G2. Governance and management oversight,100.00,100.00,100.00,100.00,100.00,100.00,100.00,100.00,100.00,100.00,100.00,100.00,100.00,100.00,100.00,100.00
G3. Internal implementation,100.00,100.00,100.00,100.00,100.00,100.00,100.00,100.00,100.00,100.00,100.00,100.00,100.00,100.00,100.00,100.00
G4. Impact assessment,77.78,77.78,77.78,77.78,77.78,77.78,77.78,77.78,77.78,77.78,77.78,77.78,77.78,77.78,77.78,77.78
G5. Stakeholder engagement,100.00,100.00,100.00,100.00,100.00,,,100.00,,,100.00,,,100.00,,
G6. Remedy,10.00,0.00,0.00,0.00,10.00,10.00,10.00,20.00,20.00,20.00,0.00,0.00,0.00,10.00,10.00,10.00
F1. Access to terms of service,91.67,,,,100.00,,,66.67,,,100.00,,,100.00,,
F2. Changes to terms of service,34.38,,,,25.00,,,50.00,,,37.50,,,25.00,,
F3. Process for terms of service enforcement,69.64,,,,64.29,,,64.29,,,60.00,,,90.00,,
F4. Data about terms of service enforcement,0.00,,,,0.00,,,0.00,,,0.00,,,0.00,,
F5. Process for responding to third-party requests for content or account restriction,70.83,,,,70.83,,,70.83,,,70.83,,,70.83,,
F6. Data about government requests for content or account restriction,31.67,,,,30.00,,,30.00,,,33.33,,,33.33,,
F7. Data about private requests for content or account restriction,5.90,,,,5.56,,,5.56,,,6.25,,,6.25,,
F8. User notification about content and account restriction,18.75,,,,25.00,,,25.00,,,0.00,,,25.00,,
F9. Network management (telecommunications companies),N/A,,,,N/A,,,N/A,,,N/A,,,N/A,,
F10. Network shutdown (telecommunications companies),N/A,,,,N/A,,,N/A,,,N/A,,,N/A,,
F11. Identity policy,50.00,,,,0.00,,,100.00,,,100.00,,,0.00,,
P1. Access to privacy policies,91.67,,,,100.00,,,66.67,,,100.00,,,100.00,,
P2. Changes to privacy policies,34.38,,,,25.00,,,37.50,,,50.00,,,25.00,,
P3. Collection of user information,66.67,,,,50.00,,,66.67,,,100.00,,,50.00,,
P4. Sharing of user information,53.13,,,,50.00,,,50.00,,,62.50,,,50.00,,
P5. Purpose for collecting and sharing user information,43.75,,,,37.50,,,50.00,,,50.00,,,37.50,,
P6. Retention of user information,25.00,,,,40.00,,,0.00,,,20.00,,,40.00,,
P7. Users’ control over their own user information,6.25,,,,0.00,,,12.50,,,12.50,,,0.00,,
P8. Users’ access to their own user information,56.25,,,,75.00,,,0.00,,,75.00,,,75.00,,
P9. Collection of user information from third parties (Internet companies),20.00,,,,40.00,,,0.00,,,0.00,,,40.00,,
P10. Process for responding to third-party requests for user information,59.38,,,,75.00,,,58.33,,,29.17,,,75.00,,
P11. Data about third-party requests for user information,77.27,,,,77.27,,,77.27,,,77.27,,,77.27,,
P12. User notification about third-party requests for user information,50.00,,,,66.67,,,66.67,,,0.00,,,66.67,,
P13. Security oversight,16.67,,,,33.33,,,0.00,,,0.00,,,33.33,,
P14. Addressing security vulnerabilities,66.67,,,,66.67,,,66.67,,,66.67,,,66.67,,
P15. Data breaches,0.00,,,,0.00,,,0.00,,,0.00,,,0.00,,
"P16. Encryption of user communication and private content (Internet, software, and device companies)",56.25,,,,50.00,,,0.00,,,100.00,,,75.00,,
"P17. Account Security (Internet, software, and device companies)",54.17,,,,83.33,,,0.00,,,50.00,,,83.33,,
P18. Inform and educate users about potential risks,100.00,,,,100.00,,,100.00,,,100.00,,,100.00,,
,,,,,,,,,,,,,,,,
average,52.67,79.63,79.63,79.63,53.89,,,47.35,,,53.90,,,55.54,,
G,81.30,,,,81.30,,,82.96,,,79.63,,,81.30,,
FoE,41.43,,,,35.63,,,45.82,,,45.32,,,38.94,,
P,48.75,,,,53.88,,,36.24,,,49.62,,,55.27,,