Source reference number,Document title,URL,Date of document (if applicable),Date accessed
1,América Móvil Sustainability webpage,http://www.americamovil.com/about-us/sustainability,,28/09/2016
2,América Móvil Corporate Governance Policies and Code of Ethics,http://www.americamovil.com/sites/default/files/2016-08/Politicas_de_Gobierno_Corporativo_Es.pdf,,28/09/2016
3,América Móvil Sustainability Report 2015,http://www.americamovil.com/sites/default/files/2016-09/AMX-IS-2015-ingles.pdf,2016,28/09/2016
4,América Móvil Letter of Commitment to Global Compact,https://www.unglobalcompact.org/system/commitment_letters/78761/original/AMX.pdf?1456776342,16/02/2016,28/09/2016
5,América Móvil Board of Directors,http://www.americamovil.com/investor-relations/leadership/board-of-directors,,28/09/2016
6,América Móvil Management Team,http://www.americamovil.com/investor-relations/leadership/management-team,,28/09/2016
7,América Móvil Website Privacy Policy,http://www.americamovil.com/privacy,30/07/2015,28/09/2016
8,América Móvil Group Website,http://www.americamovil.com/,,28/09/2016
9,Federal Law on Telecommunications and Broadcasting,http://www.diputados.gob.mx/LeyesBiblio/pdf/LFTR_090616.pdf,,28/09/2016
10,Federal Law on Data Protection Possessed by Private Persons,http://www.diputados.gob.mx/LeyesBiblio/pdf/LFPDPPP.pdf,,30/09/2016
11,Telcel Homepage,http://www.telcel.com/,,30/09/2016
12,Telcel Privacy Policy,http://www.telcel.com/aviso-de-privacidad,30/07/2015,30/09/2016
13,Telcel Board of Directors,http://www.telcel.com/mundo_telcel/quienes-somos/corporativo/directivos,,30/09/2016
14,Telcel Code of Business Practices,http://www.telcel.com/content/dam/telcelcom/mundo-telcel/quienes-somos/corporativo/codigo-practicas/archivos/practicas-comerciales-telcel.pdf,12/2/2013,30/09/2016
15,Telcel Security Notices,http://www.telcel.com/mundo_telcel/quienes-somos/corporativo/avisos-de-seguridad,,30/09/2016
16,Telcel Security Tips,http://www.telcel.com/content/dam/telcelcom/mundo-telcel/quienes-somos/corporativo/avisos-de-seguridad/archivos/diptico-tips-Telcel.pdf,,30/09/2016
17,Telecommunications User Rights Charter,http://www.telcel.com/content/dam/telcelcom/mundo-telcel/quienes-somos/corporativo/carta-derechos-usuarios/archivos/Carta-de-derechos-de-los-usuarios.pdf,6/6/2015,30/09/2016
18,Telcel Contract,http://www.telcel.com/mundo_telcel/quienes-somos/corporativo/contrato-prestacion-servicios,11/2/2015,30/09/2016
19,Anatel Mobile Privacy Webpage,http://www.anatel.org.mx/privacidad.php,,30/09/2016
20,Telcel Net Neutrality Policy,http://www.telcel.com/mundo_telcel/quienes-somos/corporativo/neutralidad-de-red,,30/09/2016
21,Telcel Terms and Conditions (Websites),http://www.telcel.com/terminos-y-condiciones,,30/09/2016
22,Telcel Fair Use Policy,http://www.telcel.com/mundo_telcel/quienes-somos/corporativo/uso-justo,,03/10/2016
23,Telcel Included Social Networks and Instant Messages Usage Policy,http://www.telcel.com/mundo_telcel/quienes-somos/corporativo/redes-sociales,,03/10/2016
24,Telecommunications Federal Institute Guidelines for the Collaboration on Security and Justice,http://dof.gob.mx/nota_detalle.php?codigo=5418339&fecha=02/12/2015,2/12/2014,03/10/2016
25,Telcel Data Protection Form,http://www.telcel.com/content/dam/telcelcom/aviso-de-privacidad/documentos/formulario-datos-personales-telcel.pdf,,03/10/2016