Source reference number,Document title,URL,Date of document (if applicable),Date accessed
1,"Etisalat – General Terms & Conditions
(Consumer)",http://www.etisalat.ae/en/system/docs/personal/misc/General-Terms-and-Conditions-Consumer.pdf,5/24/2015,9/9/2016
2,Code of Practice regarding cutomer affairs,http://support.etisalat.ae/en/system/docs/personal/misc/Code%20of%20Practice%20for%20Customer%20Affairs.pdf,,9/9/2016
3,Terms and Conditions Postpaid,http://www.etisalat.ae/en/system/docs/personal/forms/the_new_postpaid_application_form_en.pdf,N/A,9/9/2016
4,Etisalat VIP Plan-Terms and Conditions,http://www.etisalat.ae/en/system/docs/personal/forms/Application-Form-Etisalat-VIP-Plan.pdf,N/A,9/9/2016
5,Terms and Conditions Prepaid,http://support.etisalat.ae/en/system/docs/personal/forms/ApplicationForm-Wasel-Prepaid_en.pdf,2015 July,9/9/2016
6,"Terms and Conditions
Al Shamil, landline, eLife and Etisalat select services (english)",http://support.etisalat.ae/en/system/docs/personal/forms/eLife_new_application.pdf,October_2015,9/9/2016
7,"Terms and Conditions
Al Shamil, landline, eLife and Etisalat select services (arabic)",http://support.etisalat.ae/ar/system/docs/personal/forms/eLife_new_application.pdf,October_2015,9/9/2016
8,Etisalat CSR & Sustainability Report,http://www.etisalat.com/en/system/docs/reports/Etisalat-CSR-Sustainability-Report-2012_lowres.pdf,2012,9/9/2016
9,Blocking and Unblocking Internet Content,http://www.etisalat.ae/en/aboutus/corporate/blocking-unblocking.jsp,undated,9/11/2016
10,Prohibited content cetegories,http://www.etisalat.ae/en/system/docs/personal/misc/blockcontent.pdf,,9/12/2016
11,General terms of use for the website and Etisalat's online services.,http://www.etisalat.ae/en/generic/privacy-policy.jsp,,9/11/2016
12,General terms of use for the website and Etisalat's online services (arabic).,http://www.etisalat.ae/ar/generic/privacy-policy.jsp,,9/11/2016
13,"A letter addressed from Ahmad Julfar, CEO of Etisalat to Secretary General on UN global compact",https://www.unglobalcompact.org/system/attachments/cop_2016/227461/original/UN_Global_Compact_COP_2015_Jan_2016.pdf?1452678656,2016,9/19/2016
14,"My number, my ID",http://www.etisalat.ae/nrd/en/generic/mobile_customer_registration.jsp,,10/13/2016