Samsung,Step 7,,,
G1,Group - Samsung - Freedom of Expression ,Group - Samsung - Privacy,,
Consolidated answer for G1.1,yes,yes,,
Comments for G1.1 (explain score),"In its Business Conduct Guideline 2016 (Source 26), Samsung states it ""respects and protects the fundamental human rights taking into account international human rights principles and standards set forth in the Universal Declaration of Human Rights, the UN Guiding Principles on Business and Human Rights, the Organization for Economic Co-operation and Development’s guidelines for multinational enterprises, the UN Convention on the Rights of the Child, the ILO Declaration on Fundamental Principles and Rights at Work, and the laws of the countries in which we operate.""","In its Business Conduct Guideline 2016 (Source 26), Samsung states it ""respects and protects the fundamental human rights taking into account international human rights principles and standards set forth in the Universal Declaration of Human Rights, the UN Guiding Principles on Business and Human Rights, the Organization for Economic Co-operation and Development’s guidelines for multinational enterprises, the UN Convention on the Rights of the Child, the ILO Declaration on Fundamental Principles and Rights at Work, and the laws of the countries in which we operate.""",,
"Sources (reference, specific page, section, etc.)",26,26,,
,,,,
Points for G1.1,100,100,,
,,,,
Level score:,100.00,100.00,,
,,,,
Averages:,100.00,,,
,,,,
Indicator score:,100.00,,,
,,,,
G2,Group - Samsung - Freedom of Expression ,Group - Samsung - Privacy,Samsung implementation of Android - Freedom of Expression,Samsung implementation of Android - Privacy
Consolidated answer for G2.1:,no disclosure found,no disclosure found,no disclosure found,no disclosure found
Consolidated answer for G2.2:,no disclosure found,no disclosure found,no disclosure found,no disclosure found
Consolidated answer for G2.3:,no disclosure found,no disclosure found,no disclosure found,no disclosure found
Comments for G2.1 (explain score),"Samsung board of directors seldom speaks, and in one of the rare cases - home page - it says nothing about FoE and Privacy; it just focuses on transparency and responsible management. (Source 30 p. 1) Also Samsung (Electronics) Governance says nothing about the role of board of directors to exercise oversight over FoE and privacy. (Source 32 p. 3)",no disclosure found,No documents from Samsung Galaxy Services or related business which deal with this issue were found.,No documents from Samsung Galaxy Services or related business which deal with this issue were found.
Comments for G2.2 (explain score),"Current Samsung CEO talks about general direction of the company in Sustainability Report (Source 25 p. 5) and web page (Source 31), but no mention about issues on FoE or privacy. The Governance documents does not have statements about CEO, committees, and teams and their role on these issues either. (Source 32 p. 2)",no disclosure found,No documents from Samsung Galaxy Services or related business which deal with this issue were found.,No documents from Samsung Galaxy Services or related business which deal with this issue were found.
Comments for G2.3 (explain score),no disclosure found,no disclosure found,No documents from Samsung Galaxy Services or related business which deal with this issue were found.,No documents from Samsung Galaxy Services or related business which deal with this issue were found.
"Sources (reference, specific page, section, etc.)","Source 25 (p. 5), Source 30 (p. 1), Source 31, Source 32 (pp. 2-3)",,,
,,,,
,,,,
Points for G2.1,0,0,0,0
Points for G2.2,0,0,0,0
Points for G2.3,0,0,0,0
,,,,
Level score:,0.00,0.00,0.00,0.00
,,,0.00,
Averages:,0.00,,0.00,
,,,,
,,,,
Indicator score:,0.00,,,
,,,,
G3,Group - Samsung - Freedom of Expression ,Group - Samsung - Privacy,Samsung implementation of Android - Freedom of Expression,Samsung implementation of Android - Privacy
Consolidated answer for G3.1:,no disclosure found,yes,no disclosure found,yes
Consolidated answer for G3.2:,no disclosure found,no disclosure found,no disclosure found,no disclosure found
Comments for G3.1 (explain score),no disclosure found,"Samsung Business Conduct Guidelines 2016 describes that ""Data Protection and Privacy"" is one of the agenda (Source 26), and Sustainability Report 2016 says, ""We also provide guides such as Privacy Guidelines and the Data Protection Handbook Employees’ Guidelines on Personal Information to support all employees in thoroughly managing personal information they may get while working. For this, we organized a unit exclusively in charge of this issue, and conduct training on personal information protection for all employees."" (Source 25 p. 59)",no disclosure found,"Samsung Business Conduct Guidelines 2016 describes that ""Data Protection and Privacy"" is one of the agenda (Source 26), and Sustainability Report 2016 says, ""We also provide guides such as Privacy Guidelines and the Data Protection Handbook Employees’ Guidelines on Personal Information to support all employees in thoroughly managing personal information they may get while working. For this, we organized a unit exclusively in charge of this issue, and conduct training on personal information protection for all employees."" (Source 25 p. 59)"
Comments for G3.2 (explain score),no disclosure found,"Samsung Sustainability Report 2016 is describing several whistleblower protecting efforts and programs but these are focusing on decreasing suppliers' risk, not on FoE or Privacy. (Source 25 p. 98)",no disclosure found,"Samsung Sustainability Report 2016 is describing several whistleblower protecting efforts and programs but these are focusing on decreasing suppliers' risk, not on FoE or Privacy. (Source 25 p. 98)"
"Sources (reference, specific page, section, etc.)",,"Source 25 (p. 59, p. 98), Source 26",,"Source 25 (p. 59, p. 98), Source 26"
,,,,
,,,,
Points for G3.1,0,100,0,100
Points for G3.2,0,0,0,0
,,,,
Level score:,0.00,50.00,0.00,50.00
,,,25.00,
Averages:,25.00,,25.00,
,,,,
Indicator score:,25.00,,,
,,,,
G4,Group - Samsung - Freedom of Expression ,Group - Samsung - Privacy,Samsung implementation of Android - Freedom of Expression,Samsung implementation of Android - Privacy
Consolidated answer for G4.1,no disclosure found,no disclosure found,no disclosure found,no disclosure found
Consolidated answer for G4.2,no disclosure found,yes,no disclosure found,yes
Consolidated answer for G4.3,no disclosure found,no disclosure found,no disclosure found,no disclosure found
Consolidated answer for G4.4,no disclosure found,no disclosure found,no disclosure found,no disclosure found
Consolidated answer for G4.5,no disclosure found,no disclosure found,no disclosure found,no disclosure found
Consolidated answer for G4.6,no disclosure found,no disclosure found,no disclosure found,no disclosure found
Consolidated answer for G4.7,no disclosure found,no disclosure found,no disclosure found,no disclosure found
Consolidated answer for G4.8,no disclosure found,no disclosure found,no disclosure found,no disclosure found
Consolidated answer for G4.9,no disclosure found,no disclosure found,no disclosure found,no disclosure found
Comments for G4.1 (explain score),no disclosure found,"Samsung Sustainability Report 2016 says, ""To implement compliance management, Samsung operates the Compliance Team and the Global Privacy Office, both of which are centered around the Compliance Committee, a top decision-making body on this matter, as well as the Privacy Steering Committee . Also, we operate individual compliance organizations for each business division and overseas regional offices. The compliance organizations for regional offices are responsible for monitoring the compliance management of subsidiaries or branches within their regions and operating localized compliance programs."" (Source 25 p. 55) While this indicates that Samsung examines local laws from a compliance standpoint it does not indicate whether the company examines local laws as part of a privacy risk assessment. Therefore no credit can be awarded on this element.",no disclosure found,"Samsung Sustainability Report 2016 says, ""To implement compliance management, Samsung operates the Compliance Team and the Global Privacy Office, both of which are centered around the Compliance Committee, a top decision-making body on this matter, as well as the Privacy Steering Committee . Also, we operate individual compliance organizations for each business division and overseas regional offices. The compliance organizations for regional offices are responsible for monitoring the compliance management of subsidiaries or branches within their regions and operating localized compliance programs."" (Source 25 p. 55) While this indicates that Samsung examines local laws from a compliance standpoint it does not indicate whether the company examines local laws as part of a privacy risk assessment. Therefore no credit can be awarded on this element."
Comments for G4.2 (explain score),no disclosure found,"Samsung Sustainability Report 2016 says, ""We made a checklist to examine personal information risks at each stage of planning, development, operation, and disposal of products and services and then made preventive measures mandatory. (Source 25 p. 59)",no disclosure found,"Samsung Sustainability Report 2016 says, ""We made a checklist to examine personal information risks at each stage of planning, development, operation, and disposal of products and services and then made preventive measures mandatory. (Source 25 p. 59)"
Comments for G4.3 (explain score),no disclosure found,no disclosure found,no disclosure found,no disclosure found
Comments for G4.4 (explain score),no disclosure found,no disclosure found,no disclosure found,no disclosure found
Comments for G4.5 (explain score),no disclosure found,no disclosure found,no disclosure found,no disclosure found
Comments for G4.6 (explain score),no disclosure found,no disclosure found,no disclosure found,no disclosure found
Comments for G4.7 (explain score),no disclosure found,no disclosure found,no disclosure found,no disclosure found
Comments for G4.8 (explain score),no disclosure found,no disclosure found,no disclosure found,no disclosure found
Comments for G4.9 (explain score),no disclosure found,no disclosure found,no disclosure found,no disclosure found
"Sources (reference, specific page, section, etc.)",,Source 25 (p. 59),,Source 25 (p. 59)
,,,,
,,,,
Points for G4.1,0,0,0,0
Points for G4.2,0,100,0,100
Points for G4.3,0,0,0,0
Points for G4.4,0,0,0,0
Points for G4.5,0,0,0,0
Points for G4.6,0,0,0,0
Points for G4.7,0,0,0,0
Points for G4.8,0,0,0,0
Points for G4.9,0,0,0,0
,,,,
Level score:,0.00,11.11,0.00,11.11
,,,5.56,
Averages:,5.56,,5.56,
,,,,
Indicator score:,5.56,,,
,,,,
G5,Group - Samsung - Freedom of Expression ,Group - Samsung - Privacy,,
Consolidated answer for G5.1,no disclosure found,no disclosure found,,
Consolidated answer for G5.2,no disclosure found,no disclosure found,,
Consolidated answer for G5.3,no disclosure found,no disclosure found,,
Comments for G5.1 (explain score),no disclosure found,no disclosure found,,
Comments for G5.2 (explain score),no disclosure found,no disclosure found,,
Comments for G5.3 (explain score),no disclosure found,no disclosure found,,
"Sources (reference, specific page, section, etc.)",,,,
,,,,
,,,,
Points for G5.1,0,0,,
Points for G5.2,0,0,,
Points for G5.3,0,0,,
,,,,
Level score:,0.00,0.00,,
,,,,
Averages:,0.00,,,
,,,,
Indicator score:,0.00,,,
,,,,
G6,Group - Samsung - Freedom of Expression ,Group - Samsung - Privacy,Samsung implementation of Android - Freedom of Expression,Samsung implementation of Android - Privacy
Consolidated answer for G6.1:,no disclosure found,no disclosure found,no disclosure found,no disclosure found
Consolidated answer for G6.2:,no disclosure found,no disclosure found,no disclosure found,no disclosure found
Consolidated answer for G6.3:,no disclosure found,no disclosure found,no disclosure found,no disclosure found
Consolidated answer for G6.4:,no disclosure found,no disclosure found,no disclosure found,no disclosure found
Consolidated answer for G6.5:,no disclosure found,no disclosure found,no disclosure found,no disclosure found
Comments for G6.1 (explain score),no disclosure found,no disclosure found,no disclosure found,no disclosure found
Comments for G6.2 (explain score),no disclosure found,no disclosure found,no disclosure found,no disclosure found
Comments for G6.3 (explain score),no disclosure found,no disclosure found,no disclosure found,no disclosure found
Comments for G6.4 (explain score),no disclosure found,no disclosure found,no disclosure found,no disclosure found
Comments for G6.5 (explain score),no disclosure found,no disclosure found,no disclosure found,no disclosure found
"Sources (reference, specific page, section, etc.)",,,,
,,,,
,,,,
Points for G6.1,0,0,0,0
Points for G6.2,0,0,0,0
Points for G6.3,0,0,0,0
Points for G6.4,0,0,0,0
Points for G6.5,0,0,0,0
,,,,
Level score:,0.00,0.00,0.00,0.00
,,,0.00,
Averages:,,,0.00,
,,,,
Indicator score:,0.00,,,
,,,,
F1,Samsung implementation of Android,,,
Consolidated answer for F1.1:,no,,,
Consolidated answer for F1.2:,yes,,,
Consolidated answer for F1.3:,no,,,
Comments for F1.1 (explain score),"NOTE: For this indicator, the Index evaluates both user- and developer-facing terms of service agreements pertaining to Samsung's implementation of Android. These are: the ToS for Samsung GALAXY Apps (Source 3) (for users) and the Samsung Galaxy app store terms and conditions for developers (Source 33).  

Neither of these policies are easy to find. There is no immediate link to these documents from the Samsung homepage.",,,
Comments for F1.2 (explain score),The GALAXY Apps ToS is provided in Korean which is most commonly spoken by Samsung's users. Also visitors can see English (Source 4) or other language editions easily by using the language selection button.  The developer terms of service is also available  in Korean and English (source 33).,,,
Comments for F1.3 (explain score),"Both the user-facing and developer-facing terms (Source 3, 4, 33) are extremely long, and presented with small font, making these  terms difficult to read and understand.",,,
"Sources (reference, specific page, section, etc.)","Source 3, 4, 33",,,
,,,,
,,,,
Points for F1.1,0,,,
Points for F1.2,100,,,
Points for F1.3,0,,,
,,,,
Level score:,33.33,,,
,,,,
Indicator score:,33.33,,,
,,,,
F2,Samsung implementation of Android,,,
Consolidated answer for F2.1:,yes,,,
Consolidated answer for F2.2:,yes,,,
Consolidated answer for F2.3:,yes,,,
Consolidated answer for F2.4:,partial,,,
Comments for F2.1 (explain score),"NOTE: For this indicator, the Index evaluates both user- and developer-facing terms of service agreements pertaining to Samsung's implementation of Android. These are: the ToS for Samsung GALAXY Apps (Source 3) (for users( and the Samsung Galaxy app store terms and conditions for developers (Source 33). 

Samsung Galaxy ToS (Korean edition) clearly describes that it will notify any changes of ToS to its users (Source 3). The English edition of the ToS says more vaguely, “You agree that Samsung may provide you with notices, including changes to these Terms” (Source 4). This evaluation defers to the Korean version.  Additionally, Samsung's developer ToS (source 33) clearly states: ""Samsung may make changes to the Terms from time to time. When these changes are made, Samsung will provide you at least 7 days’ prior notice(in case of material change, 30 days’ prior notice) and make a new copy of the Terms available at ""Seller Office"" and any new additional terms will be made available to you from within, or through, the affected Services.""",,,
Comments for F2.2 (explain score),"Samsung Galaxy ToS (Korean) says, “When ‘The Company’ changes these Terms it will … and notify the change to each member individually via email or registered phone number.” (Source 3) English edition describes, ““You agree that Samsung may provide you with notices, including changes to these Terms, by email, regular mail, or postings on the Services” (Source 4). This evaluation is based on Korean edition. Additionally, Samsung's developer ToS states, ""You agree that Samsung may provide you with notices, including those regarding changes to the Terms, by email, regular mail, or postings on the Services.""(source 33)",,,
Comments for F2.3 (explain score),"As the Group level ToS does, Samsung Galaxy ToS (Korean) has a time frame of notifying its users 10 days prior to the actual application (30 days if the change is serious or can be disadvantageous to users (Source 3). Additionally, Samsung's developer ToS states that ""Samsung will provide you at least 7 days’ prior notice(in case of material change, 30 days’ prior notice)"" (Source 33).",,,
Comments for F2.4 (explain score),"Partial: Samsung Service archive page mentioned in Group level F2.4 comment also includes all ToS changes across Samsung’s various services. Changes to the Galaxy ToS is one of them, so users can find major changes in Galaxy ToS in the archive page. However, no similar archive or change log could be found for the developer ToS documents. Therefore, partial credit is given.",,,
"Sources (reference, specific page, section, etc.)","Source 3 (p. 1), Source 4 (p. 4), Source 7; Source 33",,,
,,,,
,,,,
Points for F2.1,100,,,
Points for F2.2,100,,,
Points for F2.3,100,,,
Points for F2.4,50,,,
,,,,
Level score:,87.50,,,
,,,,
Indicator score:,87.50,,,
,,,,
F3,Samsung implementation of Android,,,
Consolidated answer for F3.1:,yes,,,
Consolidated answer for F3.2:,partial,,,
Consolidated answer for F3.3:,no disclosure found,,,
Consolidated answer for F3.4:,no disclosure found,,,
Consolidated answer for F3.5:,no disclosure found,,,
Consolidated answer for F3.6:,yes,,,
Consolidated answer for F3.7:,no disclosure found,,,
Comments for F3.1 (explain score),"NOTE: For this indicator, the Index evaluates both user- and developer-facing terms of service agreements pertaining to Samsung's implementation of Android. These are: the ToS for Samsung GALAXY Apps (Source 3) (for users( and the Samsung Galaxy app store terms and conditions for developers (Source 33). 

Galaxy ToS (Korean) lists the user's activities which can result account termination (Source 3 p. 2). The English edition describes this in more vague terms. This evaluation defers to the Korean version. Samsung's ToS for app store developers (Source 33) prohits apps that ""(i) depict explicit sexual activity; (ii) depict or endorse acts that cause or are intended to cause excessive pain or suffering; (iii) promote or endorse the misuse of alcohol, tobacco, illegal drugs or other addictive substances; (iv) promote intolerance or discrimination based on racial, political, ethnic, religious, gender or sexuality; (v) promote invasion of rights or privacy; (vi) promote gambling or (vii) promote illegal activity.""",,,
Comments for F3.2 (explain score),"Samsung Galaxy ToS (Korean) describes the reason the company limits user account (Source 3 p. 2). Samsung's ToS for app store developers states that the company may terminate a developer's account if ""(i) your breach of these Terms or the Documentation; (ii) your express termination of this Agreement or of the license grants associated with an Application; (iii) an assertion or claim that your Application infringes the intellectual property rights of a third party or otherwise contains illegal content; (iv) an assertion by a mobile network operator that your Application causes harm to the operator's network; (v) your Application is already distributed under an agreement between you and a mobile operator or (vi) customer complaint(s) about the content or quality of your Application."" However, Samsung's developer ToS also reserves the right to terminate a developer's account for any reason at any time; hence only partial credit is given.",,,
Comments for F3.3 (explain score),no disclosure found,,,
Comments for F3.4 (explain score),no disclosure found,,,
Comments for F3.5 (explain score),no disclosure found,,,
Comments for F3.6 (explain score),"In Section 10.③and ④ the Galaxy ToS specifies the procedure of enforcing its terms and user's appealing process as well. (Source 3 p. 3). In the developer ToS (Source 33), the company clearly states its process for terminating a developer's account: ""Samsung may at any time, terminate the Agreement with you by giving written notice of termination to the email address held in our records for you. Following delivery of this email notice, your account will be closed. You will be required to settle (or we will settle) any outstanding sum by the next immediate payment/settlement date following the date of closure of your account. Termination of your relationship with Samsung as seller will not affect your use of our Services as buyer. In the event Samsung terminates the Agreement according to 13.4, you may make an objection within 30 days of it being delivered to you, and Samsung will immediately restart the Services if Samsung determines your objection to be a legitimate claim."" With regard to its process for removing content, Samsung states, ""Unless your Application is removed for breach of this Agreement or in response to an infringement or illegality allegation, Samsung will pay to you the amounts owed, if any, in connection with the distribution of your Application before removal."" (Source 33)",,,
Comments for F3.7 (explain score),No clear and concrete examples provided.,,,
"Sources (reference, specific page, section, etc.)","Source 3 (p. 2, p. 3); 33",,,
,,,,
,,,,
Points for F3.1,100,,,
Points for F3.2,50,,,
Points for F3.3,0,,,
Points for F3.4,0,,,
Points for F3.5,0,,,
Points for F3.6,100,,,
Points for F3.7,0,,,
,,,,
Level score:,35.71,,,
,,,,
Indicator score:,35.71,,,
,,,,
F4,Samsung implementation of Android,,,
Consolidated answer for F4.1:,no disclosure found,,,
Consolidated answer for F4.2:,no disclosure found,,,
Consolidated answer for F4.3:,no disclosure found,,,
Comments fo F4.1 (explain score),no disclosure found,,,
Comments fo F4.2 (explain score),no disclosure found,,,
Comments fo F4.3 (explain score),no disclosure found,,,
"Sources (reference, specific page, section, etc.)",,,,
,,,,
,,,,
Points for F4.1,0,,,
Points for F4.2,0,,,
Points for F4.3,0,,,
,,,,
Level score:,0.00,,,
,,,,
Indicator score:,0.00,,,
,,,,
F5,Samsung implementation of Android,,,
Consolidated answer for F5.1,no disclosure found,,,
Consolidated answer for F5.2,no disclosure found,,,
Consolidated answer for F5.3,no disclosure found,,,
Consolidated answer for F5.4,no disclosure found,,,
Consolidated answer for F5.5,no disclosure found,,,
Consolidated answer for F5.6,no disclosure found,,,
Consolidated answer for F5.7,no disclosure found,,,
Consolidated answer for F5.8,no disclosure found,,,
Consolidated answer for F5.9,no disclosure found,,,
Consolidated answer for F5.10,no disclosure found,,,
Consolidated answer for F5.11,no disclosure found,,,
Consolidated answer for F5.12,no disclosure found,,,
Comments for F5.1 (explain score),no disclosure found,,,
Comments for F5.2 (explain score),no disclosure found,,,
Comments for F5.3 (explain score),no disclosure found,,,
Comments for F5.4 (explain score),no disclosure found,,,
Comments for F5.5 (explain score),no disclosure found,,,
Comments for F5.6 (explain score),no disclosure found,,,
Comments for F5.7 (explain score),no disclosure found,,,
Comments for F5.8 (explain score),no disclosure found,,,
Comments for F5.9 (explain score),no disclosure found,,,
Comments for F5.10 (explain score),no disclosure found,,,
Comments for F5.11 (explain score),no disclosure found,,,
Comments for F5.12 (explain score),no disclosure found,,,
"Sources (reference, specific page, section, etc.)",,,,
,,,,
,,,,
Points for F5.1,0,,,
Points for F5.2,0,,,
Points for F5.3,0,,,
Points for F5.4,0,,,
Points for F5.5,0,,,
Points for F5.6,0,,,
Points for F5.7,0,,,
Points for F5.8,0,,,
Points for F5.9,0,,,
Points for F5.10,0,,,
Points for F5.11,0,,,
Points for F5.12,0,,,
,,,,
Level score:,0.00,,,
,,,,
Indicator score:,0.00,,,
,,,,
F6,Samsung implementation of Android,,,
Consolidated answer for F6.1,no disclosure found,,,
Consolidated answer for F6.2,no disclosure found,,,
Consolidated answer for F6.3,no disclosure found,,,
Consolidated answer for F6.4,no disclosure found,,,
Consolidated answer for F6.5,no disclosure found,,,
Consolidated answer for F6.6,no disclosure found,,,
Consolidated answer for F6.7,no disclosure found,,,
Consolidated answer for F6.8,no disclosure found,,,
Consolidated answer for F6.9,no disclosure found,,,
Consolidated answer for F6.10,no disclosure found,,,
Comments for F6.1 (explain score),no disclosure found,,,
Comments for F6.2 (explain score),no disclosure found,,,
Comments for F6.3 (explain score),no disclosure found,,,
Comments for F6.4 (explain score),no disclosure found,,,
Comments for F6.5 (explain score),no disclosure found,,,
Comments for F6.6 (explain score),no disclosure found,,,
Comments for F6.7 (explain score),no disclosure found,,,
Comments for F6.8 (explain score),no disclosure found,,,
Comments for F6.9 (explain score),no disclosure found,,,
Comments for F6.10 (explain score),no disclosure found,,,
"Sources (reference, specific page, section, etc.)",,,,
,,,,
,,,,
Points for F6.1,0,,,
Points for F6.2,0,,,
Points for F6.3,0,,,
Points for F6.4,0,,,
Points for F6.5,0,,,
Points for F6.6,0,,,
Points for F6.7,0,,,
Points for F6.8,0,,,
Points for F6.9,0,,,
Points for F6.10,0,,,
,,,,
Level score:,0.00,,,
,,,,
Indicator score:,0.00,,,
,,,,
F7,Samsung implementation of Android,,,
Consolidated answer for F7.1,no disclosure found,,,
Consolidated answer for F7.2,no disclosure found,,,
Consolidated answer for F7.3,no disclosure found,,,
Consolidated answer for F7.4,no disclosure found,,,
Consolidated answer for F7.5,no disclosure found,,,
Consolidated answer for F7.6,no disclosure found,,,
Consolidated answer for F7.7,no disclosure found,,,
Consolidated answer for F7.8,no disclosure found,,,
Consolidated answer for F7.9,no disclosure found,,,
Consolidated answer for F7.10,no disclosure found,,,
Comments for F7.1 (explain score),no disclosure found,,,
Comments for F7.2 (explain score),no disclosure found,,,
Comments for F7.3 (explain score),no disclosure found,,,
Comments for F7.4 (explain score),no disclosure found,,,
Comments for F7.5 (explain score),no disclosure found,,,
Comments for F7.6 (explain score),no disclosure found,,,
Comments for F7.7 (explain score),no disclosure found,,,
Comments for F7.8 (explain score),no disclosure found,,,
Comments for F7.9 (explain score),no disclosure found,,,
Comments for F7.10 (explain score),no disclosure found,,,
"Sources (reference, specific page, section, etc.)",,,,
,,,,
,,,,
Points for F7.1,0,,,
Points for F7.2,0,,,
Points for F7.3,0,,,
Points for F7.4,0,,,
Points for F7.5,0,,,
Points for F7.6,0,,,
Points for F7.7,0,,,
Points for F7.8,0,,,
Points for F7.9,0,,,
Points for F7.10,0,,,
,,,,
Level score:,0.00,,,
,,,,
Indicator score:,0.00,,,
,,,,
F8,Samsung implementation of Android,,,
Consolidated answer for F8.1,no disclosure found,,,
Consolidated answer for F8.2,no disclosure found,,,
Consolidated answer for F8.3,no disclosure found,,,
Consolidated answer for F8.4,yes,,,
Comments for F8.1 (explain score),no disclosure found,,,
Comments for F8.2 (explain score),no disclosure found,,,
Comments for F8.3 (explain score),no disclosure found,,,
Comments for F8.4 (explain score),"According to Section 5.2. of Galaxy Apps ToS (source 3), the company states that ""when user violates this ToS or relevant law, we can terminate use contract after giving termination notice to user before 30 days"", and in section 10.3. ""when there is the suspension, change, and termination of Service, we give notice to users.""",,,
"Sources (reference, specific page, section, etc.)",Source 3,,,
,,,,
,,,,
Points for F8.1,0,,,
Points for F8.2,0,,,
Points for F8.3,0,,,
Points for F8.4,100,,,
,,,,
Level score:,25.00,,,
,,,,
Indicator score:,25.00,,,
,,,,
F9,Samsung implementation of Android,,,
Consolidated answer for F9.1,N/A,,,
Consolidated answer for F9.2,N/A,,,
Comments for F9.1 (explain score),N/A,,,
Comments for F9.2 (explain score),N/A,,,
"Sources (reference, specific page, section, etc.)",,,,
,,,,
,,,,
Points for F9.1,exclude,,,
Points for F9.2,exclude,,,
,,,,
Level score:,N/A,,,
,,,,
Indicator score:,N/A,,,
,,,,
F10,Samsung implementation of Android,,,
Consolidated answer for F10.1:,N/A,,,
Consolidated answer for F10.2:,N/A,,,
Consolidated answer for F10.2:,N/A,,,
Consolidated answer for F10.2:,N/A,,,
Consolidated answer for F10.2:,N/A,,,
Consolidated answer for F10.2:,N/A,,,
Consolidated answer for F10.2:,N/A,,,
Consolidated answer for F10.2:,N/A,,,
Comments for F10.1 (explain score),N/A,,,
Comments for F10.2 (explain score),N/A,,,
Comments for F10.3 (explain score),N/A,,,
Comments for F10.4 (explain score),N/A,,,
Comments for F10.5 (explain score),N/A,,,
Comments for F10.6 (explain score),N/A,,,
Comments for F10.7 (explain score),N/A,,,
Comments for F10.8 (explain score),N/A,,,
"Sources (reference, specific page, section, etc.)",,,,
,,,,
,,,,
Points for F10.1,exclude,,,
Points for F10.2,exclude,,,
Points for F10.3,exclude,,,
Points for F10.4,exclude,,,
Points for F10.5,exclude,,,
Points for F10.6,exclude,,,
Points for F10.7,exclude,,,
Points for F10.8,exclude,,,
,,,,
Level score:,N/A,,,
,,,,
Indicator score:,N/A,,,
,,,,
F11,Samsung implementation of Android,,,
Consolidated answer for F11.1,yes,,,
Comments for F11.1 (explain score),"In order to sign up to Samsung Services and to have an account, Korean users have to submit either a government-issued identification (I-PIN number) or their phone number which is used as a convenient identification method (Source 27). For foreign customers, Samsung does not require those forms of identifications during the sign up process (Source 28), but the majority of users need to provide one and verify themselves. ",,,
"Sources (reference, specific page, section, etc.)","Source 27, Source 28",,,
,,,,
,,,,
Points for F11.1,0,,,
,,,,
Level score:,0.00,,,
,,,,
Indicator score:,0.00,,,
,,,,
P1,Samsung implementation of Android,,,
Consolidated answer for P1.1:,partial,,,
Consolidated answer for P1.2:,yes,,,
Consolidated answer for P1.3:,yes,,,
Consolidated answer for P1.4:,no,,,
Comments for P1.1 (explain score),"The Galaxy App service does not have its own privacy policy. Instead Section 7 of its ToS says, ""The company protects and manage the collected user information in accordance with laws and the company (Group)’s Privacy Policy.” (Source 3 p. 2, trans.) Even though the Group privacy policy is well-organized, users have to go a few steps more to see Galaxy service’s privacy policy, and thus partial credit is awarded.",,,
Comments for P1.2 (explain score),The ToS which includes privacy clause is presented in major language (Korean) and in other languages too including English.,,,
Comments for P1.3 (explain score),"The policy document is organized with proper space and section titles. And both Korean and English versions have their summary pages (Source 10 and 12). They are displayed in table formats with ample space and background colors, which increases readability a lot. Also the text in them is concise and clear. ",,,
Comments for P1.4 (explain score),"No credit: While Samsung has guidelines about privacy policy requirements for app developers, this is not sufficient to receive credit since there is no clear disclosure about how or whether Samsung enforces these rules. 

In addition, Samsung states that apps that collect certain types of information must have privacy policies, but this does not apply to all apps. In its ToS specifically established for the app sellers within Samsung Galaxy Services says, “If you use the Services to distribute the Application, you shall protect the privacy and legal rights of users. If the users provide you with, or your Application accesses or uses, users names, passwords, or other login information or personal information, you must make the users aware that the information will be available to you and/or your Application, and you shall provide legally adequate privacy notices and protection of that information for those users.” (Source 13 (Korean) and 14 (English) p. 4, “9.9”)",,,
"Sources (reference, specific page, section, etc.)","Source 3 (p. 2), Source 13(p. 4), Source 14 (p. 4)",,,
,,,,
,,,,
Points for P1.1,50,,,
Points for P1.2,100,,,
Points for P1.3,100,,,
Points for P1.4,0,,,
,,,,
Level score:,62.50,,,
,,,,
Indicator score:,62.50,,,
,,,,
P2,Samsung implementation of Android,,,
Consolidated answer for P2.1:,yes,,,
Consolidated answer for P2.2:,no,,,
Consolidated answer for P2.3:,no,,,
Consolidated answer for P2.4:,yes,,,
Consolidated answer for P2.5:,no disclosure found,,,
Comments for P2.1 (explain score),"Section 7 of the Galaxy ToS (Source 3 p. 2) refers to the Samsung privacy policy ISource 9).  This policy states: ""when the company changes this policy it will notice at its home page and also notify users individually."" (Source 9 p. 1, trans.) English version also says, ""If we update the Privacy Policy we will let you know about changes we consider to be material by placing a note on relevant Services."" (Source 11 p. 1). While the English version may indicate a lower standard of disclosure, as the policy states it will notify users in cases of ""material"" changes, our evaluation here is based on the Korean language policy. ",,,
Comments for P2.2 (explain score),"The policy states that it will notify users individually but does not specify the method of notification. ""When the company changes this policy it will notice at its home page and also notify users individually."" (Source 9 p. 1).",,,
Comments for P2.3 (explain score),The policy does not disclose a timeframe for prior notification.,,,
Comments for P2.4 (explain score),Yes: There is a drop down box on the top right corner of Korean version of the Privacy Policy (Source 9) where uses can access past versions of the privacy policy. This is only found on the Korean version. ,,,
Comments for P2.5 (explain score),The ToS document for app sellers (Source 11/12) does not mention that app sellers need to notify users when they change their privacy policy. ,,,
"Sources (reference, specific page, section, etc.)","Source 3 (p. 2), Source 11, Source 12",,,
,,,,
,,,,
Points for P2.1,100,,,
Points for P2.2,0,,,
Points for P2.3,0,,,
Points for P2.4,100,,,
Points for P2.5,0,,,
,,,,
Level score:,40.00,,,
,,,,
Indicator score:,40.00,,,
,,,,
P3,Samsung implementation of Android,,,
Consolidated answer for P3.1,partial,,,
Consolidated answer for P3.2,partial,,,
Consolidated answer for P3.3,yes,,,
Consolidated answer for P3.4,no,,,
Consolidated answer for P3.5,no,,,
Comments for P3.1 (explain score),"Partial: As described in Section 16 of the Galaxy ToS (Source 3 p. 2) the service is covered under the Group privacy policy. Samsung's Privacy Policy (9, 11) describes in Section 1.(1) what types of information the company may collect about users. The company further states that (11, p.1), ""While this Privacy Policy applies to all our Services, we also have provided certain specific privacy supplements that contain additional information about our practices in connection with particular Services. These supplements apply to your use of the Services they cover. Additional consent will be obtained for certain data processing activities.""However, in the privacy policy, the company uses vague language including ""such as"", ""for example"", and ""we may collect"", which makes it less clear whether the list of user information the company collects is comprehensive. ",,,
Comments for P3.2 (explain score),"In Section 1.(2) the Privacy Policy describes how the company collects user information. (Source 9 p. 2).  However, in the privacy policy, the company uses vague language including ""such as"", ""for example"", and ""we may collect"", which makes it less clear whether the list of user information the company collects is comprehensive. Therefore partial credit is given on this element.",,,
Comments for P3.3 (explain score),"As described in Section 16 of the Galaxy ToS (Source 3 p. 2) the company protects and manages user information based on the Group Privacy Policy, and added the URL link to it. Samsung Privacy Policy says, ""The company collects user information at the minimum degree only needed in order to provide the service."" (Source 9 p.1, trans.)",,,
Comments for P3.4 (explain score),"
While Samsung Galaxy Services' ToS for app providers state that apps should follow privacy-related regulations (Source 13/14 p. 4, “9.9”), they do not state that the Service evaluates the app's disclosure on what information it collect from users.",,,
Comments for P3.5 (explain score),"No credit: While Samsung has guidelines about privacy policy requirements for app developers, this is not sufficient to receive credit since there is no clear disclosure about how or whether Samsung enforces these rules. 

Samsung Galaxy Services ToS for app developers state that, ""Further, your Application may only use that information for the limited purposes for which the user has given you permission to do so"" (Source 13, 14, p.4 9.9). However, this statement relates to use rather than collection. Further, it is not clear what types of information apps may collect and Samsung does not disclose whether it evaluates apps' data collection procedures.",,,
"Sources (reference, specific page, section, etc.)","Source 3 (p. 2), Source 9, Source 13 (p. 4), Source 14 (p. 4)",,,
,,,,
,,,,
Points for P3.1,50,,,
Points for P3.2,50,,,
Points for P3.3,100,,,
Points for P3.4,0,,,
Points for P3.5,0,,,
,,,,
Level score:,40.00,,,
,,,,
Indicator score:,40.00,,,
,,,,
P4,Samsung implementation of Android,,,
Consolidated answer for P4.1,partial,,,
Consolidated answer for P4.2,partial,,,
Consolidated answer for P4.3,yes,,,
Consolidated answer for P4.4,partial,,,
Consolidated answer for P4.5,no disclosure found,,,
Consolidated answer for P4.6,no disclosure found,,,
Comments for P4.1 (explain score),"As described in Section 7 of the Galaxy ToS (Source 3 p. 2) the company protects and manages user information based on the Group Privacy Policy, and added the URL link to it. Samsung Privacy Policy says, ""We will not disclose your information to third parties for their own independent marketing or business purposes without your consent. However, we may disclose your information to the following entities: Affiliates, Business partners, Service providers, other parties with corporate transactions, etc."" (Source 9 p. 6 / Source 11 p. 2). While this section in the policy does not clearly indicate the types of information shared, page 7 provides a more detailed (but not exhaustive) list of partner companies' names and what information Samsung shares with them.",,,
Comments for P4.2 (explain score),"As described in Section 7 of the Galaxy ToS (Source 3 p. 2) the company protects and manages user information based on the Group Privacy Policy, and added the URL link to it. The Privacy Policy says, ""We will not disclose your information to third parties for their own independent marketing or business purposes without your consent. However, we may disclose your information to the following entities: Affiliates, Business partners, Service providers, other parties with corporate transactions, etc."" (Source 9 p. 6 / Source 11 p. 2) While this section in the policy does not clearly indicate the types of information shared, page 7 provides a more detailed (but not exhaustive) list of partner companies' names and what information Samsung shares with them.",,,
Comments for P4.3 (explain score),"As described in Section 7 of the Galaxy ToS (Source 3 p. 2) the company protects and manages user information based on the Group Privacy Policy, and added the URL link to it. The Privacy Policy includes government or legal authorities as data sharing partners, saying ""Other Parties When Required by Law or as Necessary to Protect Our Services. There may be instances when we disclose your information to other parties: to comply with the law or respond to compulsory legal process (such as a search warrant or other court order);"" (Source 9 p. 6 / Source 11 p. 2)",,,
Comments for P4.4 (explain score),"As described in Section 7 of the Galaxy ToS (Source 3 p. 2) the company protects and manages user information based on the Group Privacy Policy, and added the URL link to it. While not exhaustive in terms of types of information shared, the Privacy Policy (Korean version) has a long list of partner companies' names and what information Samsung shares with them. (Source 9 p. 7)",,,
Comments for P4.5 (explain score),"No credit: While Samsung has guidelines about privacy policy requirements for app developers, this is not sufficient to receive credit since there is no clear disclosure about how or whether Samsung enforces these rules. 

Samsung Galaxy Services' ToS for app sellers (Source 13/14) does not disclose whether the service evaluates  their privacy policy disclosures regarding user info they will share. This information could also not be located in other documents.",,,
Comments for P4.6 (explain score),"No credit: While Samsung has guidelines about privacy policy requirements for app developers, this is not sufficient to receive credit since there is no clear disclosure about how or whether Samsung enforces these rules. 
Samsung Galaxy Services' ToS for app sellers (Source 13/14) does not disclose whether the service evaluates  their privacy policy disclosures regarding user info they will share and with whom. This information could also not be located in other documents.",,,
"Sources (reference, specific page, section, etc.)","Source 3 (p. 2), Source 9, Source 13 (p. 4), Source 14 (p. 4)",,,
,,,,
,,,,
Points for P4.1,50,,,
Points for P4.2,50,,,
Points for P4.3,100,,,
Points for P4.4,50,,,
Points for P4.5,0,,,
Points for P4.6,0,,,
,,,,
Level score:,41.67,,,
,,,,
Indicator score:,41.67,,,
,,,,
P5,Samsung implementation of Android,,,
Consolidated answer for P5.1:,partial,,,
Consolidated answer for P5.2:,yes,,,
Consolidated answer for P5.3:,partial,,,
Consolidated answer for P5.4:,partial,,,
Comments for P5.1 (explain score),"Samsung's Group Privacy Policy (source 9, 11) details the types of information it collects (without specifying whether the list is exhaustive) but does not disclose the purpose for collection that information.",,,
Comments for P5.2 (explain score),"The Privacy Policy describes that Samsung may combine information it collected from users and use it for purposes consistent with the Privacy Policy. (Source 11 p. 2) Korean version has more detailed explanations on how and why the company combines data, under the name of ""data-synthetic analysis for customized service."" (Source 9 p. 3)",,,
Comments for P5.3 (explain score),"The Privacy Policy uses expression such as ""for the purposes (of)"" or ""(in order) to"" to explain the reason why it shares data with partners. (Source 11 p. 2). However, this information is not clearly specified by type of information.",,,
Comments for P5.4 (explain score),"The Privacy Policy (Korean) says, ""When collecting user information data the company limits them at a minimum only to the degree of requiring in order to provide services."" However, this statement does not specifically focus on use of information (Source 9 p. 1, trans.)",,,
"Sources (reference, specific page, section, etc.)","Source 3 (p. 2), Source 9 (pp. 1-3), Source 11 (p. 2)",,,
,,,,
,,,,
Points for P5.1,50,,,
Points for P5.2,100,,,
Points for P5.3,50,,,
Points for P5.4,50,,,
,,,,
Level score:,62.50,,,
,,,,
Indicator score:,62.50,,,
,,,,
P6,Samsung implementation of Android,,,
Consolidated answer for P6.1,yes,,,
Consolidated answer for P6.2,no disclosure found,,,
Consolidated answer for P6.3,no disclosure found,,,
Consolidated answer for P6.4,no disclosure found,,,
Consolidated answer for P6.5,no disclosure found,,,
Consolidated answer for P6.6,no disclosure found,,,
Consolidated answer for P6.7,no disclosure found,,,
Comments for P6.1 (explain score),"In Section ""3. The period of retaining and using user information,"" the Korean version of Samsung's Privacy Policy specifies how long the company retains each type of user information, from three months to five years. (Source 9 p. 3) Similar language is missing in the English version of Samsung's Privacy Policy. However, RDR only evaluates the primary language versions for the index. Therefore, full credit is given.",,,
Comments for P6.2 (explain score),no disclosure found,,,
Comments for P6.3 (explain score),no disclosure found,,,
Comments for P6.4 (explain score),no disclosure found,,,
Comments for P6.5 (explain score),no disclosure found,,,
Comments for P6.6 (explain score),Samsung Galaxy Services ToS for app sellers (Source 13/14) does not indicate whether the company evaluates apps' privacy policy disclosures regarding how long they retain user info. No disclosures found in other documents either.,,,
Comments for P6.7 (explain score),Samsung Galaxy Services ToS for app developers (Source 13/14) does not indicate whether the company evaluates apps' disclosures regarding the deletion of all user info when users stop using the apps. No disclosures found in other documents either.,,,
"Sources (reference, specific page, section, etc.)","Source 3 (p. 2), Source 9 (p. 3), Source 13, Source 14",,,
,,,,
,,,,
Points for P6.1,100,,,
Points for P6.2,0,,,
Points for P6.3,0,,,
Points for P6.4,0,,,
Points for P6.5,0,,,
Points for P6.6,0,,,
Points for P6.7,0,,,
,,,,
Level score:,14.29,,,
,,,,
Indicator score:,14.29,,,
,,,,
P7,Samsung implementation of Android,,,
Consolidated answer for P7.1,partial,,,
Consolidated answer for P7.2,no disclosure found,,,
Consolidated answer for P7.3,no,,,
Consolidated answer for P7.4,no,,,
Consolidated answer for P7.5,partial,,,
Comments for P7.1 (explain score),"Section 7 of the Galaxy ToS (Source 3 p. 2) states that the company's Group Privacy Policy applies, so the disclosure from the Group Privacy Policy is listed here.

The Samsung Privacy Policy says in a subsection titled ""Optional Items,"" ""You can refuse to provide these optional information. They are not necessary information required in order to use the Company's service, therefore even if you refuse to provide you still sign up, use service, and navigate web pages."" (Source 9 p. 2, trans) However, it does not state whether users can control the company's collection of other types of user information, and for this reason, the company receives partial credit.",,,
Comments for P7.2 (explain score),"No disclosure found. Samsung's Privacy Policy says, ""The Company offers a procedure in which users can choose to agree or disagree with the company's retention and use of each information."" (Source 9 p. 2, trans). However, it is not clear whether this is giving users options to delete their user information, or to what types of user information this might apply.",,,
Comments for P7.3 (explain score),"Section 7 of the Galaxy ToS (Source 3 p. 2) states that the company's Group Privacy Policy applies, so the disclosure from the Group Privacy Policy is listed here.

Samsung's privacy policy section on ""Samsung Advertising ID"" says that the Company suggests targeted advertising to users based on a user's browsing history and other factors. It also says, ""You may reset your Samsung advertising ID at any time by visiting the Settings menu on your mobile device, and your previous usage information with respect to customized marketing will be de­linked from what is collected under your new Samsung advertising ID."" (Source 9 p. 10 / Source 11 p. 8). Thus, Samsung allows users to create new ""advertising ID's"" that are not linked to their historic targeted advertising data. But when a user does this they are simply starting a new data history, not opting out of targeted advertising. Samsung does not allow a user to control how their information is used for advertising, and as such, it receives no credit on this element.",,,
Comments for P7.4 (explain score),"Section 7 of the Galaxy ToS (Source 3 p. 2) states that the company's Group Privacy Policy applies, so the disclosure from the Group Privacy Policy is listed here.

Samsung allows users to reset their advertising ID, which suggests that targeted advertising is on by default. For this reason, it does not receive credit on this element.",,,
Comments for P7.5 (explain score),"Samsung phones like Galaxy series have a function to enable/disable location service. This function is described in each product’s user manual. (E.g. Source 15 p. 163, “Location” for Galaxy S6 phone). However, this disclosure is not in an overarching document like the Privacy Policy.  But for many users it’s not easy to consult user manuals when they want to know device info, mostly due to the huge amount of info in those manuals, so the company receives partial credit.",,,
"Sources (reference, specific page, section, etc.)","Source 3 (p. 2), Source 9 (p. 2, 10), Source 11 (p. 8), Source 15 (p. 163)",,,
,,,,
,,,,
Points for P7.1,50,,,
Points for P7.2,0,,,
Points for P7.3,0,,,
Points for P7.4,0,,,
Points for P7.5,50,,,
,,,,
Level score:,20.00,,,
,,,,
Indicator score:,20.00,,,
,,,,
P8,Samsung implementation of Android,,,
Consolidated answer for P8.1,no disclosure found,,,
Consolidated answer for P8.2,no disclosure found,,,
Consolidated answer for P8.3,no disclosure found,,,
Consolidated answer for P8.4,no disclosure found,,,
Consolidated answer for P8.5,no disclosure found,,,
Comments for P8.1 (explain score),no disclosure found,,,
Comments for P8.2 (explain score),no disclosure found,,,
Comments for P8.3 (explain score),no disclosure found,,,
Comments for P8.4 (explain score),no disclosure found,,,
Comments for P8.5 (explain score),no disclosure found,,,
"Sources (reference, specific page, section, etc.)",,,,
,,,,
,,,,
Points for P8.1,0,,,
Points for P8.2,0,,,
Points for P8.3,0,,,
Points for P8.4,0,,,
Points for P8.5,0,,,
,,,,
Level score:,0.00,,,
,,,,
Indicator score:,0.00,,,
,,,,
P9,Samsung implementation of Android,,,
Consolidated answer for P9.1,no disclosure found,,,
Consolidated answer for P9.2,no disclosure found,,,
Consolidated answer for P9.3,no disclosure found,,,
Consolidated answer for P9.4,no disclosure found,,,
Consolidated answer for P9.5,no disclosure found,,,
Comments for P9.1 (explain score),no disclosure found,,,
Comments for P9.2 (explain score),no disclosure found,,,
Comments for P9.3 (explain score),no disclosure found,,,
Comments for P9.4 (explain score),no disclosure found,,,
Comments for P9.5 (explain score),no disclosure found,,,
"Sources (reference, specific page, section, etc.)",,,,
,,,,
,,,,
Points for P9.1,0,,,
Points for P9.2,0,,,
Points for P9.3,0,,,
Points for P9.4,0,,,
Points for P9.5,0,,,
,,,,
Level score:,0.00,,,
,,,,
Indicator score:,0.00,,,
,,,,
P10,Samsung implementation of Android,,,
Consolidated answer for P10.1,no disclosure found,,,
Consolidated answer for P10.2,no disclosure found,,,
Consolidated answer for P10.3,no disclosure found,,,
Consolidated answer for P10.4,no disclosure found,,,
Consolidated answer for P10.5,no disclosure found,,,
Consolidated answer for P10.6,no disclosure found,,,
Consolidated answer for P10.7,no disclosure found,,,
Consolidated answer for P10.8,no disclosure found,,,
Consolidated answer for P10.9,no disclosure found,,,
Consolidated answer for P10.10,no disclosure found,,,
Consolidated answer for P10.11,no disclosure found,,,
Consolidated answer for P10.12,no disclosure found,,,
Comments for P10.1 (explain score),"Samsung Privacy Policy, Galaxy ToS, or other documents do not mention on this. ",,,
Comments for P10.2 (explain score),"Samsung Privacy Policy, Galaxy ToS, or other documents do not mention on this. ",,,
Comments for P10.3 (explain score),"Samsung Privacy Policy, Galaxy ToS, or other documents do not mention on this. ",,,
Comments for P10.4 (explain score),"Samsung Privacy Policy, Galaxy ToS, or other documents do not mention on this. ",,,
Comments for P10.5 (explain score),"As described in Section 7 of the Galaxy ToS (Source 3 p. 2) the company protects and manages user information based on the Group Privacy Policy, and added the URL link to it. Since there was no disclosure found in that Privacy Policy, this item is also ranked as no disclosure found.",,,
Comments for P10.6 (explain score),"The Samsung Privacy Policy, Galaxy ToS, and other documents do not disclose any information on this element. ",,,
Comments for P10.7 (explain score),"The Samsung Privacy Policy, Galaxy ToS, and other documents do not disclose any information on this element. ",,,
Comments for P10.8 (explain score),"The Samsung Privacy Policy, Galaxy ToS, and other documents do not disclose any information on this element. ",,,
Comments for P10.9 (explain score),"The Samsung Privacy Policy, Galaxy ToS, and other documents do not disclose any information on this element. ",,,
Comments for P10.10 (explain score),"The Samsung Privacy Policy, Galaxy ToS, and other documents do not disclose any information on this element. ",,,
Comments for P10.11 (explain score),"The Samsung Privacy Policy, Galaxy ToS, and other documents do not disclose any information on this element. ",,,
Comments for P10.12 (explain score),"The Samsung Privacy Policy, Galaxy ToS, and other documents do not disclose any information on this element. ",,,
"Sources (reference, specific page, section, etc.)","Source 3 (p. 2), Source 9 (p. 6), Source 11 (p. 2)",,,
,,,,
,,,,
Points for P10.1,0,,,
Points for P10.2,0,,,
Points for P10.3,0,,,
Points for P10.4,0,,,
Points for P10.5,0,,,
Points for P10.6,0,,,
Points for P10.7,0,,,
Points for P10.8,0,,,
Points for P10.9,0,,,
Points for P10.10,0,,,
Points for P10.11,0,,,
Points for P10.12,0,,,
,,,,
Level score:,0.00,,,
,,,,
Indicator score:,0.00,,,
,,,,
P11,Samsung implementation of Android,,,
Consolidated answer for P11.1,no disclosure found,,,
Consolidated answer for P11.2,no disclosure found,,,
Consolidated answer for P11.3,no disclosure found,,,
Consolidated answer for P11.4,no disclosure found,,,
Consolidated answer for P11.5,no disclosure found,,,
Consolidated answer for P11.6,no disclosure found,,,
Consolidated answer for P11.7,no disclosure found,,,
Consolidated answer for P11.8,no disclosure found,,,
Consolidated answer for P11.9,no disclosure found,,,
Consolidated answer for P11.10,no disclosure found,,,
Consolidated answer for P11.11,no disclosure found,,,
Comments for P11.1 (explain score),no disclosure found,,,
Comments for P11.2 (explain score),no disclosure found,,,
Comments for P11.3 (explain score),no disclosure found,,,
Comments for P11.4 (explain score),no disclosure found,,,
Comments for P11.5 (explain score),no disclosure found,,,
Comments for P11.6 (explain score),no disclosure found,,,
Comments for P11.7 (explain score),no disclosure found,,,
Comments for P11.8 (explain score),no disclosure found,,,
Comments for P11.9 (explain score),no disclosure found,,,
Comments for P11.10 (explain score),no disclosure found,,,
Comments for P11.11 (explain score),no disclosure found,,,
"Sources (reference, specific page, section, etc.)",,,,
,,,,
,,,,
Points for P11.1,0,,,
Points for P11.2,0,,,
Points for P11.3,0,,,
Points for P11.4,0,,,
Points for P11.5,0,,,
Points for P11.6,0,,,
Points for P11.7,0,,,
Points for P11.8,0,,,
Points for P11.9,0,,,
Points for P11.10,0,,,
Points for P11.11,0,,,
,,,,
Level score:,0.00,,,
,,,,
Indicator score:,0.00,,,
,,,,
P12,Samsung implementation of Android,,,
Consolidated answer for P12.1,no disclosure found,,,
Consolidated answer for P12.2,no disclosure found,,,
Consolidated answer for P12.3,no disclosure found,,,
Comments for P12.1 (explain score),"Samsung's Privacy Policy (Korean) states that the company may provide user information in exceptional occasions such as being required by law or being asked by law enforcement officials in accordance with law (Source 9 p. 6, ""6. User information transfer to the third-party""). However, no disclosure was found in regards to the company notifying users.",,,
Comments for P12.2 (explain score),no disclosure found,,,
Comments for P12.3 (explain score),no disclosure found,,,
"Sources (reference, specific page, section, etc.)",Source 9,,,
,,,,
,,,,
Points for P12.1,0,,,
Points for P12.2,0,,,
Points for P12.3,0,,,
,,,,
Level score:,0.00,,,
,,,,
Indicator score:,0.00,,,
,,,,
P13,Samsung implementation of Android,,,
Consolidated answer for P13.1,yes,,,
Consolidated answer for P13.2,partial,,,
Consolidated answer for P13.3,yes,,,
Comments for P13.1 (explain score),"Samsung's Privacy Policy (Korean) has a section titled ""Other privacy policies in dealing with identity information,"" in which various protection means applied to secure the user information. One of the means says, ""The Company limits the number of employees who necessarily have to have access to user info, educates and trains these employees, and makes them sign in nondisclosure agreement."" (Source 9 p. 9, ""9.(1)"" trans.)",,,
Comments for P13.2 (explain score),"Partial: The section ""9.(1)"" (described above) says, ""The Company set an internal security department who checks and evaluates the actual practice of various necessary means for protecting user information."" (Source 9 p. 9, ""9.(1)"" trans.) Also Samsung Sustainability Report 2016 says in Section on data protection, ""... we organized a unit exclusively in charge of this issue, and conduct training on personal information protection for all employees."" (Source 25 p. 59). This is not specific enough to warrant full credit.
",,,
Comments for P13.3 (explain score),"Samsung Business Conduct Guideline says in Section 24. Handling Information, ""Samsung complies with the disclosure regulations of countries in which our securities are registered and regulated. ... We undergo external audits on a regular basis as well."" (Source 26 p. 8)",,,
"Sources (reference, specific page, section, etc.)",Source 3 (p. 2),,,
,,,,
,,,,
Points for P13.1,100,,,
Points for P13.2,50,,,
Points for P13.3,100,,,
,,,,
Level score:,83.33,,,
,,,,
Indicator score:,83.33,,,
,,,,
P14,Samsung implementation of Android,,,
Consolidated answer for P14.1,yes,,,
Consolidated answer for P14.2,yes,,,
Consolidated answer for P14.3,no disclosure found,,,
Consolidated answer for P14.4,yes,,,
Consolidated answer for P14.5,partial,,,
Consolidated answer for P14.6,yes,,,
Consolidated answer for P14.7,no disclosure found,,,
Consolidated answer for P14.8,no disclosure found,,,
Consolidated answer for P14.9,no disclosure found,,,
Comments for P14.1 (explain score),"""If you have identified potential security vulnerability in any Samsung Mobile product or software, please contact us via email: mobile.security@samsung.com We encourage the reporting party to place the users' interest first and follow the philosophy of Responsible Disclosure, which involves privately notifying us of any security vulnerabilities before disclosing them fully to allow us to resolve the vulnerabilities and minimize overall risk to users."" (Source 17)",,,
Comments for P14.2 (explain score),"""We will do our best to respond within a maximum of 48 hours. But if you do not receive a response within this time frame, please feel free to follow up with us to ensure that we have received your original report."" (Source 17)",,,
Comments for P14.3 (explain score),No English/Korean-language disclosure found.,,,
Comments for P14.4 (explain score),"Samsung whitepaper on its own security platform, Nox, describes that the update of OS for Galaxy devices, Android, is done based on Nox security system. Source 19 says, ""Android for Work on a Samsung device does not require a Knox license activation fee. Knox security enhancements for existing Android for Work Managed Profiles are updated seamlessly with Over-the-Air (OTA) updates."" (p. 49)

While Samsung does not disclose any level of encryption it does provide proper ""integrity"" of the data by signing, and validating the signature, of kernel/boot-loader updates which serves the same intended purpose.",,,
Comments for P14.5 (explain score),"Note: this element is only applicable to telecommunications companies, or mobile ecosystems which combine the operating system of one company (such as the Android OS) with its own hardware (such as Samsung phones).  

Samsung discloses security additions to Android (Source 21), and, in its developer's site changes to the API (source 33). But, it does not have a central, user-facing place where it talks about all the changes it makes to the OS. 

Source 21 says, ""Samsung smartphones and tablets running Knox employ Secure Boot, Trusted Boot, Security Enhancements for Android (SE for Android), and ARM® TrustZone®-based Integrity Measurement Architecture (TIMA),"" and explains each add-up in detail below (p. 4).",,,
Comments for P14.6 (explain score),"Note: this element is only applicable to telecommunications companies, or mobile ecosystems which combine the operating system of one company (such as the Android OS) with its own hardware (such as Samsung phones).

Samsung Mobile Security Blog has the update list of Android, in which the update details of the OS are described (Source 22).

""Please note that in some cases regular OS upgrades may cause delays to planned security updates. However, users can be rest assured the OS upgrades will include all up‐to‐date security patches when delivered. 

While we are doing our best to deliver the security patches as soon as possible to all applicable models, delivery time of security patches may vary depending on the regions and models.""",,,
Comments for P14.7 (explain score),No English/Korean-language disclosure found.,,,
Comments for P14.8 (explain score),No English/Korean-language disclosure found.,,,
Comments for P14.9 (explain score),"Samsung's whitepaper on its relation to Android says, ""Google has also begun delivering monthly security updates for Android to address vulnerabilities and ensure enterprise customers get timely Android OS patching. Samsung has also committed to an aggressive update schedule for the carriers."" (Source 21 p. 3). No specific timeframe given for Samsung specifically.",,,
"Sources (reference, specific page, section, etc.)","Source 17, Source 19 (p. 49), Source 21 (pp. 3-4), Source 22, source 33",,,
,,,,
,,,,
Points for P14.1,100,,,
Points for P14.2,100,,,
Points for P14.3,0,,,
Points for P14.4,100,,,
Points for P14.5,50,,,
Points for P14.6,100,,,
Points for P14.7,0,,,
Points for P14.8,0,,,
Points for P14.9,0,,,
,,,,
Level score:,50.00,,,
,,,,
Indicator score:,50.00,,,
,,,,
P15,Samsung implementation of Android,,,
Consolidated answer for P15.1,no disclosure found,,,
Consolidated answer for P15.2,no disclosure found,,,
Consolidated answer for P15.3,no disclosure found,,,
Comments for P15.1 (explain score),no disclosure found,,,
Comments for P15.2 (explain score),no disclosure found,,,
Comments for P15.3 (explain score),no disclosure found,,,
"Sources (reference, specific page, section, etc.)",,,,
,,,,
,,,,
Points for P15.1,0,,,
Points for P15.2,0,,,
Points for P15.3,0,,,
,,,,
Level score:,0.00,,,
,,,,
Indicator score:,0.00,,,
,,,,
P16,Samsung implementation of Android,,,
Consolidated answer for P16.1,no disclosure found,,,
Consolidated answer for P16.2,no disclosure found,,,
Consolidated answer for P16.3,no disclosure found,,,
Consolidated answer for P16.4,no disclosure found,,,
Comments for P16.1 (explain score),no disclosure found,,,
Comments for P16.2 (explain score),no disclosure found,,,
Comments for P16.3 (explain score),no disclosure found,,,
Comments for P16.4 (explain score),no disclosure found,,,
"Sources (reference, specific page, section, etc.)",,,,
,,,,
,,,,
Points for P16.1,0,,,
Points for P16.2,0,,,
Points for P16.3,0,,,
Points for P16.4,0,,,
,,,,
Level score:,0.00,,,
,,,,
Indicator score:,0.00,,,
,,,,
P17,Samsung implementation of Android,,,
Consolidated answer for P17.1,partial,,,
Consolidated answer for P17.2,no disclosure found,,,
Consolidated answer for P17.3,no disclosure found,,,
Comments for P17.1 (explain score),"Samsung has a support page that clearly discloses how users can set up various passcode options to protect their phone log-in, including swipe, pin, password, fingerprint, etc (source 34). However, no disclosure could be found regarding whether Samsung has two-factor authentication options for Samsung accounts. Therefore, partial credit is given.",,,
Comments for P17.2 (explain score),No disclosure found in public documents about whether users can view their recent account activity for their Samsung account.,,,
Comments for P17.3 (explain score),No disclosure found in public documents about whether Samsung notifiers users about unusual activity.,,,
"Sources (reference, specific page, section, etc.)",Source 34,,,
,,,,
,,,,
Points for P17.1,50,,,
Points for P17.2,0,,,
Points for P17.3,0,,,
,,,,
Level score:,16.67,,,
,,,,
Indicator score:,16.67,,,
,,,,
P18,Samsung implementation of Android,,,
Consolidated answer for P18.1,yes,,,
Comments for P18.1 (explain score),"As a means of promoting mobile device safety, Samsung maintains some help web pages including Source 23, ""How to keep a smartphone from being hacked.""",,,
"Sources (reference, specific page, section, etc.)",Source 23,,,
,,,,
,,,,
Points for P18.1,100,,,
,,,,
Level score:,100.00,,,
,,,,
Indicator score:,100.00,,,