Source reference number,Document title,URL,Date of document (if applicable),Date accessed
1,Yahoo Terms of Service,https://policies.yahoo.com/us/en/yahoo/terms/utos/index.htm,"March 16, 2012",9/9/2016
2,Communications Terms,https://policies.yahoo.com/xw/en/yahoo/terms/product-atos/comms/index.htm,,9/9/2016
3,Flickr Community Guidelines,https://www.flickr.com/help/guidelines,10/1/2014,9/9/2016
4,Tumblr Terms of Service ,https://www.tumblr.com/policy/en/terms-of-service,9/8/2016,9/9/2016
5,Tumblr Community Guidelines,https://www.tumblr.com/policy/en/community,6/23/2016,9/9/2016
6,Yahoo Community Guidelines,https://policies.yahoo.com/us/en/yahoo/guidelines/index.htm,,9/11/2016
7,Yahoo Universal Anti-Spam Policy,https://policies.yahoo.com/us/en/yahoo/terms/product-atos/spam/index.htm,,9/13/2016
8,Yahoo Transparency FAQ,https://transparency.yahoo.com/faq,,9/13/2016
9,Tumblr Government Transparency Report,https://static.tumblr.com/zyubucd/G0lo41ycq/transparencyreportboth2015b.pdf,,9/13/2016
10,Tumblr Copyright and Trademark Transparency Report,https://static.tumblr.com/zyubucd/CC5o41wnq/iptransparencyreport2015b.pdf,,9/13/2016
11,Yahoo Law Enforcement Response Guidelines,https://transparency.yahoo.com/law-enforcement-guidelines/us,,9/14/2016
12,Yahoo Government Removal Requests ,https://transparency.yahoo.com/government-removal-requests,,9/14/2016
13,Yahoo Global Principles for Responding to Government Requests  ,https://transparency.yahoo.com/principles,,9/14/2016
14,Yahoo Copyright and IP Policy ,https://policies.yahoo.com/us/en/yahoo/ip/,,9/14/2016
15,Yahoo Report abusive articles comments,https://help.yahoo.com/kb/report-inappropriate-comment-abuse-sln6657.html,,9/15/2016
16,Report abuse on Yahoo Answers,https://help.yahoo.com/kb/account/report-abuse-yahoo-answers-sln4218.html,,9/15/2016
17,Tumblr Law Enforcement Guidelines ,https://www.tumblr.com/docs/en/law_enforcement,,9/15/2016
18,Tumblr Search and Discovery ,https://www.tumblr.com/docs/en/discovery#moderationheader,,9/15/2016
19,Yahoo Account Set-Up page,https://login.yahoo.com/account/create?intl=us&altreg=0&specId=yidReg&context=reg&done=https%3A%2F%2Fwww.yahoo.com,,9/15/2016
20,Yahoo Privacy Policy,https://policies.yahoo.com/us/en/yahoo/privacy/index.htm,8/30/2016,9/15/2016
21,Tumblr Privacy Policy,https://www.tumblr.com/policy/en/privacy,1/27/2014,9/20/2016
22,Flickr Privacy Practices,https://policies.yahoo.com/us/en/yahoo/privacy/products/flickr/,,9/20/2016
23,Yahoo Third Parties page,https://policies.yahoo.com/us/en/yahoo/privacy/topics/thirdparties/index.htm,,9/20/2016
24,Yahoo Data Storage and Anonymization ,https://policies.yahoo.com/us/en/yahoo/privacy/topics/datastorage/index.htm,,9/20/2016
25,Yahoo Privacy Controls ,https://policies.yahoo.com/us/en/yahoo/privacy/tools/index.htm,,9/20/2016
26,Yahoo Ad Interest Manager,https://aim.yahoo.com/aim/us/en/optout/,,9/20/2016
27,Yahoo Mail FAQ,https://policies.yahoo.com/us/en/yahoo/privacy/products/mail/faq/index.htm,,9/20/2016
28,Save information from your Yahoo account,https://help.yahoo.com/kb/SLN15129.html,,9/20/2016
29,Backup email options in Yahoo Mail,https://help.yahoo.com/kb/SLN5033.html,,9/20/2016
30,Download photos in Flickr,https://help.yahoo.com/kb/flickr/download-photos-flickr-sln7291.html?impressions=true,,9/20/2016
31,Tumblr Backups,http://staff.tumblr.com/post/286303145/tumblr-backup-mac-beta,,9/20/2016
32,Yahoo Beacons & SDKs,https://policies.yahoo.com/us/en/yahoo/privacy/topics/webbeacons/,,9/20/2016
33,Yahoo DNT	,http://yahoopolicy.tumblr.com/post/84363620568/yahoos-default-a-personalized-experience,4/30/2014,9/20/2016
34,Flickr Web Embeds,http://blog.flickr.net/en/2013/12/18/flickr-web-embeds/,,9/20/2016
35,Yahoo Government Data Requests,https://transparency.yahoo.com/government-data-requests,,9/20/2016
36,Security at Yahoo,https://policies.yahoo.com/us/en/yahoo/privacy/topics/security/index.htm,,9/20/2016
37,Yahoo Bug Bounty Program Rules,https://hackerone.com/yahoo,7/13/2016,9/20/2016
38,Reporting Security Issues on Yahoo,https://safety.yahoo.com/Security/REPORTING-ISSUES.html,,9/20/2016
39,Tumblr Bug Bounty Program ,https://www.tumblr.com/docs/en/bug_bounty,,9/20/2016
40,Security Resources on Yahoo,https://safety.yahoo.com/Security/SECURITY_RESOURCES.html,,9/20/2016
41,Security and Exploit Reports,https://www.tumblr.com/security,,9/20/2016
42,Status Update: Encryption at Yahoo,http://yahoo.tumblr.com/post/81529518520/status-update-encryption-at-yahoo,4/2/2014,9/20/2016
43,How does Yahoo Mail keep your browser connection secure?,https://help.yahoo.com/kb/SLN3610.html,,9/20/2016
44,User-Focused Security: End-to-End Encryption Extension for Yahoo Mail,https://yahoo.tumblr.com/post/113708033335/user-focused-security-end-to-end-encryption,"Mar 15, 2015",9/20/2016
45,Tumblr Account Security,https://www.tumblr.com/docs/en/account_security,,9/20/2016
46,Login history locations for your Yahoo account,https://help.yahoo.com/kb/recent-activity-page-sln2073.html,,9/20/2016
47,Account access notifications,https://help.yahoo.com/kb/SLN7125.html,,9/20/2016
48,Safety Center: Security,safety.yahoo.com/Security/index.htm,,9/20/2016
49,Protect your Yahoo account,https://help.yahoo.com/kb/SLN2080.html,,9/20/2016
50,Yahoo:Users First ,https://transparency.yahoo.com/users-first,,9/20/2016
51,Tumblr Transparency Report page,https://www.tumblr.com/transparency,,9/20/2016
52,Yahoo Investor Relations,https://investor.yahoo.net/documentdisplay.cfm?documentid=15184,,9/20/2016
53,Yahoo Business and Human Rights Program ,https://yahoobhrp.tumblr.com/post/75544734087/yahoo-business-human-rights-program-yahoo,,9/20/2016
54,Yahoo Code of Ethics ,http://files.shareholder.com/downloads/YHOO/2872192808x0x239565/4F32DDD0-82E5-47C2-AC71-75403EBBB404/CodeOfEthics_Ext_1008.pdf,,9/20/2016
55,Yahoo Human Rights Impact Assessments ,https://yahoobhrp.tumblr.com/post/75507678786/human-rights-impact-assessments-yahoo-has,2012,9/20/2016
56,GNI Public Report on the 2015/2016 Independent Company Assessments,http://globalnetworkinitiative.org/sites/default/files/Public-Report-2015-16-Independent-Company-Assessments.pdf,July 2016,9/20/2016
57,GNI Board of Directors,https://globalnetworkinitiative.org/board/index.php,,9/20/2016
58,Yahoo Once Again Meets Its GNI Commitments to Online Free Expression and Privacy,https://yahoobhrp.tumblr.com/post/147074104524/yahoo-once-again-meets-its-gni-commitments-to,,9/20/2016
59,Global Government Surveillance Reform,https://www.reformgovernmentsurveillance.com/,,9/20/2016
60,Yahoo Help: Appeal a violation notice,https://help.yahoo.com/kb/SLN4211.html,,9/20/2016
61,Yahoo Counter Notification,https://policies.yahoo.com/us/en/yahoo/ip/counter-notification/index.htm,,9/20/2016
62,Help Central _ - SLN2624 - Reactivate a Yahoo account,https://help.yahoo.com/kb/SLN2624.html,,9/20/2016
63,Signs of a hacked account and what to do,https://help.yahoo.com/kb/compromised-sln2090.html,,9/20/2016
64,Tumbl Help ,https://www.tumblr.com/support,,9/20/2016
65,Tumblr Privacy Violation,https://www.tumblr.com/abuse/privacy,,9/20/2016
66,Yahoo Cookies and Similar Technologies,https://policies.yahoo.com/us/en/yahoo/privacy/topics/cookies/index.htm,,10/6/2016
67,Import and export contacts in Yahoo Mail,https://help.yahoo.com/kb/save-computer-sln3626.html,,11/19/2016
68,Tumblr Government Transparency Report (Jan-Jun 2016),https://static.tumblr.com/zyubucd/PLfofpo7d/transparencyreport2016afinal.pdf,,1/18/2017
69,Yahoo Analytics,https://policies.yahoo.com/us/en/yahoo/privacy/topics/analytics/,,1/24/2017