Source reference number,Document title,URL,Date of document (if applicable),Date accessed
1,Bharti Airtel 2015 Annual Report,http://www.airtel.in/airtel-annual-report-2015-16/pdf/annual-report-2015-16.pdf,4/8/2016,9/24/2016
2,Bharti Airtel 2015 Business Responsibility Report,http://www.airtel.in/airtel-annual-report-2015-16/pdf/statutory-reports/business-responsibility-report.pdf,17/8/2016,9/24/2016
3,Bharti Airtel 2015 CSR,http://www.airtel.in/wps/wcm/connect/fd7b3172-02e5-4e25-af7e-51d64cc17534/CSR+Policy.pdf?MOD=AJPERES&ContentCache=NONE,25/2/2016,9/24/2016
4,Bharti 2014 Code of Conduct,http://www.airtel.in/wps/wcm/connect/03e0cb9a-d2f7-4431-a036-55c19bcf13fc/Bharti-CoC-2014-Internet-Version.pdf?MOD=AJPERES,5/6/2014,9/24/2016
5,Airtel 2015 Sustainability Report,http://www.airtel.in/sustainability-file/common/files/Airtel%20CSR%202016_web.pdf,16/5/2016,9/24/2016
6,Airtel Ombudsperson Policy,http://www.airtel.in/partnerworld/Ombudsman_Policy&Process.html,UNDATED,9/24/2016
7,Airtel Ombudsperson Office,http://www.airtel.in/about-bharti/about-bharti-airtel/ombuds-office,UNDATED,9/24/2016
8,Airtel Privacy Policy,http://www.airtel.in/forme/privacy-policy,UNDATED,9/24/2016
9,Airtel Privacy Policy: Collection of Personal Information ,http://www.airtel.in/forme/privacy-policy/collection+of+personal+info?contentIDR=53535f55-b787-4cb8-b399-d11d97f80c26&useDefaultText=0&useDefaultDesc=0,UNDATED,9/24/2016
10,Airtel Privacy Policy: Disclosure of Personal Information ,http://www.airtel.in/forme/privacy-policy/disclosure+and+transfer?contentIDR=745792ad-d6af-4684-85d4-d85773e77356&useDefaultText=0&useDefaultDesc=0,UNDATED,9/24/2016
11,Airtel Privacy Policy: Security Practices and Procedures ,http://www.airtel.in/forme/privacy-policy/security+practices+and+procedures?contentIDR=9346516c-c1a1-4bd7-bce0-6945236dceaa&useDefaultText=0&useDefaultDesc=0,UNDATED,9/24/2016
12,Airtel Privacy Policy: Update of Personal Information ,http://www.airtel.in/forme/privacy-policy/update+of+personal?contentIDR=b1733c6f-7a9d-46d3-b744-7bf1d8d2927e&useDefaultText=0&useDefaultDesc=0,UNDATED,9/24/2016
13,Airtel Privacy Policy: Feedback and Concerns ,http://www.airtel.in/forme/privacy-policy/feedbak?contentIDR=c9d0f414-8cb9-4381-b122-3f3148a01b80&useDefaultText=0&useDefaultDesc=0,UNDATED,9/24/2016
14,Airtel Alerts,http://www.airtel.in/forme/important-alerts,UNDATED,9/24/2016
15,Airtel Submission on Regulation of OTT Services ,http://trai.gov.in/Comments/Service-Providers/Bharti-Airtel.pdf,4/24/2015,9/24/2016
16,Telecom Consumers Charter - English,http://www.airtel.in/wps/wcm/connect/39d9a352-bf69-4489-955c-cbf4ef962d84/Telecom_Consumer_Charter_Airtel_English_2015.pdf?MOD=AJPERES,UNDATED,9/24/2016
17,Telecom Consumer Charter - Hindi,https://www.airtel.in/wps/wcm/connect/b3cd5564-5069-46be-b151-50e00fed3d9b/Telecom_Consumer_Charter_Airtel_Hindi_2015.pdf?MOD=AJPERES,UNDATED,9/24/2016
18,Blocked notice ,http://i0.wp.com/www.medianama.com/wp-content/uploads/Screen-Shot-2011-07-21-at-10.55.41-AM.png,7/21/2011,9/24/2016
19,Network Management Tweet ,https://pbs.twimg.com/media/CC0blU6UsAADrTl.png,5/17/2016,9/24/2016
20,Explanation of Fair Use Policy ,http://www.airtel.in/BHARTI/PDF/broadband/BroadBandISDPdf/Fair_Usage_Policy.pdf,UNDATED,9/24/2016
21,Protecting Wifi ,http://www.airtel.in/applications/genericlead/wifi/images/wifisecure.pdf,UNDATED ,9/24/2016
22,Report on Corporate Governance,http://www.airtel.in/airtel-annual-report-2014-15/pdf/Statutory%20Reports/Report%20on%20Corporate%20Governance.pdf,Annual report 2014-15,10/5/2016
23,Airtel India Pledge to customers on Net neutrality,http://www.airtel.in/airtelpledge/,UNDATED,10/6/2016
24,CIS Rountable on Privacy and Surveillance,http://cis-india.org/internet-governance/blog/introduction-about-the-privacy-and-surveillance-roundtables,11/24/2014,10/15/2016