Source reference number,Document title,URL,Date of document (if applicable),Date accessed
1,Legal Terms Vodafone Group,http://www.vodafone.com/content/index/misc/legal-terms.html,none available ,09/12/16
2,Terms and conditions Vodafone UK,http://www.vodafone.co.uk/terms-and-conditions/index.htm,none available ,09/12/16
3,Terms and conditions Vodafone UK Pay As You Go,http://www.vodafone.co.uk/cs/groups/configfiles/documents/contentdocuments/pay-as-you-go-terms-and-charge.pdf,4/1/2016,09/12/16
4,Terms and conditions Vodafone UK Pay Monthly,http://www.vodafone.co.uk/cs/groups/configfiles/documents/document/vfcon072758.pdf,8/26/2016,09/12/16
5,Terms and Conditions Vodafone UK Red+ Sharer,http://www.vodafone.co.uk/terms-and-conditions/index.htm,7/1/2015,09/12/16
6,Vodafone UK Broadband and Home Phone acceptable usage policy,http://www.vodafone.co.uk/terms-and-conditions/index.htm,10/1/2015,9/12/2016
7,Vodafone UK Broadband and Home Terms and Conditions,http://www.vodafone.co.uk/terms-and-conditions/index.htm,10/1/2015,9/12/2016
8,Vodafone UK Broadband and Home Previous Terms and Conditions (Before April 2016),http://www.vodafone.co.uk/terms-and-conditions/index.htm,Updated October 2015,9/12/2016
9,Vodafone UK Pay Monthly Public Archive,http://www.vodafone.co.uk/terms-and-conditions/index.htm,8/25/2016,9/12/2016
10,Vodafone UK Pay As You Go Public Archive,http://www.vodafone.co.uk/terms-and-conditions/index.htm,4/29/2016,9/13/2016
11,"Vodafone response to the European Commission Public Consultation on
specific aspects of transparency, traffic management and switching in an
Open Internet",https://www.vodafone.com/content/dam/vodafone/about/public_policy/position_papers/transparency.pdf,10/1/2012,9/13/2016
12,Vodafone Group Manifesto on Net Neutrality And Harm To Innovation,https://www.telegeography.com/products/commsupdate/articles/2016/07/08/5g-net-neutrality-eu-telcos-draw-line-in-the-sand/,7/8/2016,9/13/2016
13,Vodafone UK Traffic Management Page,http://www.vodafone.co.uk/terms-and-conditions/consumer/network-and-coverage/traffic-management/,none available ,9/13/2016
14,Vodafone UK Traffic Management Broadband And Talk,http://www.vodafone.co.uk/cs/groups/public/documents/webcontent/pdf_broadband_and_talk.pdf,none available ,9/13/2016
15,Vodafone UK Acceptable Use Policy,https://www.vodafone.co.uk/cs/groups/configfiles/documents/contentdocuments/vfcon058965.pdf,2015,9/13/2016
16,Vodafone Sustainability Report 2015,http://www.vodafone.com/content/dam/sustainability/2015/pdf/vodafone-full-report-2015.pdf,July 2015,9/17/2016
17,Vodafone UK Keeping Children Safe,http://www.vodafone.co.uk/our-responsibilities/protecting-our-customers/customer-protection/index.htm,none available ,9/13/2016
18,Vodafone UK Home Phone and Broadband Acceptable Usage Policy,http://www.vodafone.co.uk/terms-and-conditions/,10/1/2016,9/13/2016
19,Vodafone UK Content Control Code of Practice,http://www.vodafone.co.uk/about-us/code-of-practice/content-control/,none available ,9/15/2016
20,Access Now Analysis Of Transparency Report 2015,https://www.accessnow.org/five-lessons-from-the-new-vodafone-transparency-report/,7/1/2015,9/15/2016
21,Vodafone Law enforcement Annex on local laws,http://www.vodafone.com/content/dam/vodafone-images/sustainability/downloads/law_enforcement_disclosure_report_2015_update.pdf,2/1/2015,9/15/2016
22,Vodafone Law Enforcement Report 2015,http://www.vodafone.com/content/dam/vodafone-images/sustainability/downloads/vodafone_law_enforcement_disclosure_report_2015-4.pdf,none available ,9/15/2016
23,Telecommunications Industry Dialogue on Freedom of Expression and Privacy,https://www.vodafone.com/content/dam/sustainability/pdfs/telecom_industry_dialogue_principles.pdf,none available ,9/16/2016
24,Vodafone Group Privacy policy,http://www.vodafone.com/content/index/misc/privacy-policy.html,none available ,9/16/2016
25,Vodafone Group Privacy Center page,http://www.vodafone.com/content/index/about/privacy.html,none available ,9/16/2016
26,Vodafone UK Privacy Policy ,http://www.vodafone.co.uk/about-this-site/our-privacy-policy/index.htm,20/07/2015,9/16/2016
27,Vodafone UK Protecting Your Idendity ,http://www.vodafone.co.uk/about-this-site/our-privacy-policy/protecting-our-customers/protecting-your-identity/,none available ,9/16/2016
28,Vodafone UK Vodafone Protect App,http://www.vodafone.co.uk/explore/apps/vodafone-protect-app/index.htm,none available ,9/16/2016
29,Vodafone UK ProtectingYouAgainstPhishing,http://www.vodafone.co.uk/about-this-site/our-privacy-policy/protecting-our-customers/phishing/index.htm,none available ,9/16/2016
30,Vodafone UK Keping your mobil secure,http://www.vodafone.co.uk/about-this-site/our-privacy-policy/protecting-our-customers/mobile-security/index.htm,none available ,9/16/2016
31,Vodafone UK Close account lalalla,http://vodafone.intelliresponse.com/index.jsp?requestType=NormalRequest&source=100&id=1770&question=How+to+close+your+account,none available ,9/16/2016
32,Vodafone Requesting personal information Form,https://www.vodafone.co.uk/cs/groups/public/documents/webcontent/vftst031658.pdf,3/1/2016,9/16/2016
33,Vodafone Guidance on Requesting Personal Information,http://www.vodafone.co.uk/cs/groups/configfiles/documents/contentdocuments/vftst042750.pdf,none available ,9/17/2016
34,Vodafone UK Cookies policy,http://www.vodafone.co.uk/about-this-site/our-privacy-policy/privacy-and-cookies/index.htm,none available ,9/17/2016
35,Vodafone Vulnerability Disclosure Policy,https://hackerone.com/vodafone,none available ,9/17/2016
36,Vodafone UK Forum Question on Monthly Android Security ,https://forum.vodafone.co.uk/t5/Android/Monthly-Android-Security-Updates/td-p/2490568,none available ,9/17/2016
37,Vodafone UK Firmware Statement,https://forum.vodafone.co.uk/t5/Pay-monthly-products-services/Firmware/m-p/2421980#M4420,4/8/2015,9/17/2016
38,Vodafone UK Customer security corporate responsibility,http://www.vodafone.co.uk/our-responsibilities/protecting-our-customers/customer-security/,10/1/2015,9/17/2016
39,Vodafone UK Statement on Unauthorised Access,http://mediacentre.vodafone.co.uk/pressrelease/statement-on-unauthorised-account-access/,none available ,9/17/2016
40,Vodafone UK protect App,http://www.vodafone.co.uk/explore/apps/vodafone-protect-app/index.htm,none available ,9/17/2016
41,Vodafone Code of Conduct 2015,http://www.vodafone.com/content/dam/vodafone-images/about-us/code-of-conduct/vodafone_code_of_conduct_2015_light.pdf,none available ,9/17/2016
42,Vodafone Group Governance,http://www.vodafone.com/content/index/investors/about_us/governance.html,none available ,9/17/2016
43,Vodafone Group Terms of Reference of the Audit and Risk Committee,http://www.vodafone.com/content/dam/group/investors/downloads/governance/ARC-ToR-March-2016.pdf,7/1/2015,9/17/2016
44,Vodafone Group Matters Reserved for the Board,http://www.vodafone.com/content/dam/group/investors/downloads/governance/Matters-Reserved-for-the-Board-March-2016.pdf,3/1/2016,9/17/2016
45,Vodafone Group AnnetteFergusonBioTIDWebsite,https://www.telecomindustrydialogue.org/about/,none available ,9/17/2016
46,Vodafone Group Sustainability report 2016,http://www.vodafone.com/content/dam/vodafone-images/sustainability/downloads/report2016.pdf,2015-2016,9/13/2016
47,Vodafone Group Sustainability Report 2014/2015,http://www.vodafone.com/content/dam/sustainability/2014/pdf/vodafone_full_report_2014.pdf,2014/2015,9/17/2016
48,"Vodafone ""Our Code of Practiice"" Complaints portal",http://www.vodafone.co.uk/about-us/code-of-practice/,none available ,9/17/2016
49,Vodafone UK General Terms and Conditions,http://www.vodafone.co.uk/terms-and-conditions/business/mobile/general-terms/previous-terms-and-conditions/general-terms-for-business/,none available ,9/17/2016
50,Vodafone Law Enforcement Assistance Global Policy ,http://www.vodafone.com/content/dam/vodafone/about/sustainability/lawenforcementassistance.pdf,2016,10/28/2016
51,Vodafone UK Analytics ,http://www.vodafone.co.uk/about-this-site/our-privacy-policy/vodafone-analytics/index.htm,none available ,10/28/2016
52,Vodafone Cookies and privacy ,http://www.vodafone.co.uk/about-this-site/our-privacy-policy/privacy-and-cookies/index.htm,none available ,10/28/2016
53,Vodafone Board of Directors,http://www.vodafone.com/content/dam/group/investors/downloads/governance/Matters-Reserved-for-the-Board-March-2016.pdf,none available ,10/28/2016
54,Vodafone Code of Practice Complaints,http://www.vodafone.co.uk/vodafone-uk/forms/complaints/index.htm,none available ,10/28/2016
55,Vodafone Privacy and security – Performance in 2014/15,http://www.vodafone.com/content/sustainabilityreport/2015/index/operating-responsibly/privacy-and-security/performance-in-2014-15.html,none available ,10/28/2016
56,Vodafone Privacy and Security  - Our Approach,https://www.vodafone.com/content/sustainabilityreport/2014/index/operating_responsibly/privacy_and_security.html#pas4,none available ,10/28/2016
57,Vodafone - Human Rights - Our Approach,https://www.vodafone.com/content/sustainabilityreport/2014/index/operating_responsibly/human_rights.html,none available ,10/28/2016
58,GNI - Industry Dialogue obersvers announcement,https://www.globalnetworkinitiative.org/news/global-network-initiative-and-telecommunications-industry-dialogue-join-forces-advance-freedom,2/1/2016,11/14/2016
59,Vodafone - What Affects Your Coverage,https://www.vodafone.co.uk/explore/network/what-affects-your-coverage/index.htm,,1/31/2017