Source reference number,Document title,URL,Date of document (if applicable),Date accessed
1,카카오 통합 약관,http://www.kakao.com/policy/terms,3/7/2016,9/21/2016
1',Kakao Comprehensive Terms and Conditions,http://www.kakao.com/policy/terms,3/7/2016,9/21/2016
2,카카오 서비스 약관,http://www.kakao.com/ko/terms,6/21/2016,9/21/2016
2',Kakao ToS,http://www.kakao.com/en/terms,7/1/2016,9/21/2016
3,카카오 운영정책,http://www.kakao.com/company/ko/operation_policy,N/A,9/21/2016
3',kakao Operation Policy,http://www.kakao.com/company/en/operation_policy,N/A,9/21/2016
4,Daum 서비스 약관 [ToS],http://policy.daum.net/info/info,6/15/2015,9/21/2016
5,Daum 운영정책 [Operation Policy],http://policy.daum.net/operation_policy/operation_policy,N/A,9/21/2016
6,카카오 공지사항,http://www.kakao.com/notices,N/A,9/21/2016
6',Kakao Notice,http://www.kakao.com/notices,N/A,9/21/2016
7,이용자 권리보호 현황,http://privacy.kakaocorp.com/transparence/report/present,N/A,9/22/2016
7',Protection of Users' Rights,http://privacy.kakaocorp.com/en/transparence/report/present,N/A,9/22/2016
8,Daum 게시물 규제 정책 [Content Restriction Policy],https://cs.daum.net/redbell/harm/policyArticle.html,N/A,9/22/2016
9,Daum 아이디 규제정책 [ID Restriction Policy],https://cs.daum.net/redbell/harm/policyId.html,N/A,9/22/2016
10,Daum 스팸차단정책 Spam Policy,http://policy.daum.net/nospam/nospam,N/A,9/22/2016
11,Daum 신고하기 [Report],https://cs.daum.net/redbell/top.html,N/A,9/22/2016
12,Daum 청소년보호정책 [Juvenile Protection Policy],http://policy.daum.net/youthpolicy/youthpolicy,N/A,9/22/2016
13,Kakao 청소년보호정책 [Juvenile Protection Policy],http://www.kakao.com/policy/safeguard,N/A,9/22/2016
14,Kakao 권리침해신고안내 [Report Rights Infringement],http://www.kakao.com/policy/right,N/A,9/22/2016
15,Daum 명예훼손 신고 처리 절차 [Defamation Report Handling Process],https://cs.daum.net/redbell/right/libelProcess.html,N/A,9/23/2016
16,Daum 저작권 침해 처리절차 [Copyright Infringement Handling Process],https://cs.daum.net/redbell/right/copyrightProcess.html,N/A,9/23/2016
17,Daum 자기게시물 접근배제 요청 처리 절차 [My Posting Removal Request Handling Process],https://cs.daum.net/redbell/right/precludeProcess.html,N/A,9/23/2016
18,Daum 관련 기관 및 법률 [List of Related Government Agencies and Laws],https://cs.daum.net/redbell/right/relationOrgLaw.html,N/A,9/23/2016
19,Daum 관련 기관 및 법률 [List of Related Government Agencies and Laws],https://cs.daum.net/redbell/right/relationOrgLaw.html,N/A,9/23/2016
20,Daum 명예훼손 신고 도움말 [Defamation Report FAQ],https://cs.daum.net/faq/95/7580.html,N/A,9/23/2016
21,Daum 저작권침해 신고 도움말 [Copyright Infringement Report FAQ],http://cs.daum.net/faq/95/7581.html,N/A,9/23/2016
22,Daum 자기게시물 접근배제 도움말 [My Posting Removal FAQ],http://cs.daum.net/faq/95/18764.html,N/A,9/23/2016
23,Daum 게시물 복원 정책 [Article Restoration Policy],https://cs.daum.net/redbell/harm/policyArticleRestore.html,N/A,9/23/2016
24,Daum 아이디 규제 도움말 [ID Restriction FAQ],http://cs.daum.net/faq/85/5203.html,N/A,9/23/2016
25,프라이버시 정책 도움말,http://privacy.kakaocorp.com/faq/protect/page1,N/A,9/23/2016
25',Privacy Policy FAQ,http://privacy.kakaocorp.com/en/faq/protect/page1,N/A,9/23/2016
26,Daum 가입 및 탈퇴 도움말 [Sign Up FAQ],http://cs.daum.net/faq/59/8034.html#6353,N/A,9/23/2016
27,Daum 아이디 비밀번호 찾기 도움말 [Find My ID Password FAQ],http://cs.daum.net/faq/59/5217.html#27227,N/A,9/23/2016
28,Daum 내정보 관리 도움말 [My Information Management FAQ],http://cs.daum.net/faq/59/5218.html#7042,N/A,9/23/2016
29,Daum 내정보 관리 도움말 [My Information Management FAQ],http://cs.daum.net/faq/59/5218.html#31031,N/A,9/23/2016
30,카카오계정 도움말,http://www.kakao.com/helps?category=170&locale=ko&service=52,N/A,9/23/2016
30',KakaoAccount Help,http://www.kakao.com/helps?category=184&locale=en&service=52,N/A,9/23/2016
31,프라이버시 철학,http://privacy.kakaocorp.com/philosophy/kakao,N/A,9/24/2016
31',Privacy Philosophy,http://privacy.kakaocorp.com/en/philosophy/kakao,N/A,9/24/2016
32,개인정보 라이프사이클,http://privacy.kakaocorp.com/transparence/lifeCycle,N/A,9/24/2016
32',Personal Information Lifecycle,http://privacy.kakaocorp.com/en/transparence/lifeCycle,N/A,9/24/2016
33,Daum 개인정보취급방침 [Privacy Policy],http://policy.daum.net/info_protection/info_protection,9/23/2016,9/24/2016
34,Kakao 개인정보 처리방침,http://www.kakao.com/ko/privacy.html,9/23/2016,9/24/2016
34',Kakao Privacy Policy,http://www.kakao.com/en/privacy.html,16/8/2016,9/24/2016
35,정부의 개인정보 요청현황,http://privacy.kakaocorp.com/transparence/report/request,N/A,9/25/2016
35',Government Requests for User Information,http://privacy.kakaocorp.com/en/transparence/report/request,N/A,9/25/2016
36,프라이버시 보호 도움말,http://privacy.kakaocorp.com/faq/protect/page1,N/A,9/25/2016
36',Privacy Protection FAQ,http://privacy.kakaocorp.com/en/faq/protect/page1,N/A,9/25/2016
37,투명성보고서 도움말,http://privacy.kakaocorp.com/faq/report/page1,N/A,9/25/2016
37',Transparency Report FAQ,http://privacy.kakaocorp.com/en/faq/report/page1,N/A,9/25/2016
38,Daum 개인정보 위탁업체 [Personal Information Outsourcing Companies],http://policy.daum.net/info_protection/popup/info_offer,N/A,9/25/2016
39,Daum 개인정보 제공내역 [Personal Information Provision],http://policy.daum.net/info_protection/popup/info_provide_service,N/A,9/25/2016
40,Kakao Parties to be provided with your personal information,http://www.kakao.com/provide_layer,N/A,9/25/2016
41,Kakao 개인정보 제3자 제공,http://www.kakao.com/ko/policy_agree,N/A,9/25/2016
41',Kakao Parties to be provided with your personal information,http://www.kakao.com/en/policy_agree,N/A,9/25/2016
42,Daum 내정보 관리 도움말 [My Information Management FAQ],http://cs.daum.net/faq/59/5218.html#7234,N/A,9/25/2016
43,Daum 내정보 관리 도움말 [My Information Management FAQ],http://cs.daum.net/faq/59/5218.html#31029,N/A,9/25/2016
44,Daum 메일수신 도움말 [Mail Reception FAQ],http://cs.daum.net/faq/43/4589.html?page=5#33960,N/A,9/25/2016
45,Daum 주소록 도움말 [Address Book FAQ],http://cs.daum.net/faq/43/4604.html#24158,N/A,9/25/2016
46,카카오톡 도움말,http://www.kakao.com/helps?category=24&device=1&locale=ko&page=4&service=8,N/A,9/25/2016
46',KakaoTalk Help,http://www.kakao.com/helps?category=5&locale=en&page=7&service=8,N/A,9/25/2016
47,투명성보고서 도움말,http://privacy.kakaocorp.com/faq/report/page1,N/A,9/25/2016
47',Transparency Report FAQ,http://privacy.kakaocorp.com/en/faq/report/page1,N/A,9/25/2016
48,기술적 보호노력,http://privacy.kakaocorp.com/protection/tech,N/A,9/25/2016
48',Technical Measures,http://privacy.kakaocorp.com/en/protection/tech,N/A,9/25/2016
49,프라이버시 정책 자문위원회,http://privacy.kakaocorp.com/protection/commonssion,N/A,9/25/2016
49',Privacy Policy Advisory Committee,http://privacy.kakaocorp.com/en/protection/commonssion,N/A,9/25/2016
50,정보보호 인증,http://privacy.kakaocorp.com/protection/certification,N/A,9/25/2016
50',Information Security Certifications,http://privacy.kakaocorp.com/en/protection/certification,N/A,9/25/2016
51,"카카오톡 비밀 채팅 모드, 재초대 거부 기능 도입",http://www.kakaocorp.com/pr/pressRelease_view?page=1&group=1&idx=8101,12/8/2014,9/25/2016
51',Secret Chat Mode and Decline Invites Feature Now Available,http://www.kakaocorp.com/en/pr/pressRelease_view?page=1&group=1&idx=8103,12/8/2014,9/25/2016
52,카카오톡 도움말,http://www.kakao.com/helps?category=24&locale=ko&page=6&service=8,N/A,9/25/2016
52',KakaoTalk Help,http://www.kakao.com/helps?category=5&locale=en&page=6&service=8,N/A,9/25/2016
53,Daum 내정보 보호 도움말 [My Information Protection FAQ],http://cs.daum.net/faq/59/15645.html?faqId=31041,N/A,9/25/2016
54,Daum 로그인 이용 도움말 [Log-In FAQ],http://cs.daum.net/faq/59/8035.html#10027,N/A,9/25/2016
55,Daum 로그인 오류 도움말 [Log-In Problem FAQ],http://cs.daum.net/faq/59/14970.html#30993,N/A,9/25/2016
56,카카오톡 도움말,http://www.kakao.com/helps?category=172&locale=ko&service=52,N/A,9/25/2016
56',KakaoTalk Help,http://www.kakao.com/helps?category=186&locale=en&service=52,N/A,9/25/2016
57,Daum 로그인 이용 도움말 [Log-in FAQ],http://cs.daum.net/faq/59/8035.html#29554,N/A,9/25/2016
58,Daum 내정보 보호 도움말 [My Information Protection FAQ],http://cs.daum.net/faq/59/15645.html#31037,N/A,9/25/2016
59,Daum 보호조치 도움말 [Account Protection FAQ],http://cs.daum.net/faq/59/11274.html#33601,N/A,9/25/2016
60,카카오톡 도움말,http://www.kakao.com/helps?category=172&locale=ko&service=52,N/A,9/25/2016
60',KakaoTalk Help,http://www.kakao.com/helps?category=186&locale=en&service=52,N/A,9/25/2016
61,Daum 아이디 규제 도움말 [ID Restriction FAQ],http://cs.daum.net/faq/85/5203.html#9629,N/A,9/25/2016
62,Daum 저작권침해 신고 도움말 [Copyright Infringement Report FAQ],https://cs.daum.net/faq/95/7581.html#33306,N/A,9/25/2016
63,Daum 복원신청 [Restoration Request],https://cs.daum.net/redbell/right/copyrightRestore.html,N/A,9/25/2016
64,Daum 복원신청 [Restoration Request],https://cs.daum.net/redbell/right/libelRestore.html,N/A,9/25/2016
65,프라이버시 보호 책임자,http://privacy.kakaocorp.com/philosophy/responsible,N/A,9/26/2016
65',Chief Privacy Officer,http://privacy.kakaocorp.com/en/philosophy/responsible,N/A,9/26/2016
66,The Korea Internet Corporations Association Current Status of Members,http://www.kinternet.org/kinternet/lang/en/#p4,N/A,9/26/2016
67,한국인터넷자율정책기구 회원사 소개 [KISO Corporate Members],http://www.kiso.or.kr/%EA%B8%B0%EA%B5%AC%EC%86%8C%EA%B0%9C/%ED%9A%8C%EC%9B%90%EC%82%AC-%EC%86%8C%EA%B0%9C/,N/A,9/26/2016
68,이사회의장 인사말 [Greetings from Chairperson],http://www.kiso.or.kr/%EA%B8%B0%EA%B5%AC%EC%86%8C%EA%B0%9C/%EC%9D%B4%EC%82%AC%ED%9A%8C%EC%9D%98%EC%9E%A5-%EC%9D%B8%EC%82%AC%EB%A7%90/,N/A,9/26/2016
69,RightsCon 2016 (1),https://brunch.co.kr/@kakaoprivacy/21,4/11/2016,9/26/2016
70,RightsCon 2016 (2),https://brunch.co.kr/@kakaoprivacy/22,4/11/2016,9/26/2016
71,KISO 정책규정 [Policy Regulation],http://www.kiso.or.kr/%EC%A0%95%EC%B1%85%EC%9C%84%EC%9B%90%ED%9A%8C/%EC%A0%95%EC%B1%85%EA%B7%9C%EC%A0%95/,6/17/2014,9/26/2016
72,Section ‘Miscellaneous’ of Daum Customers Center,http://cs.daum.net/faq/43/18760.html#36395,,1/22/2017
73,Introduction to DDN Advertisement and Information Collection,http://info.daumdn.com/optout.do,,1/30/2017